jugador_id,jugador,nacimiento,posicion,posicion_grupo,us_player_id,tm_player_id,valor_mercado_eur,valor_maximo_eur,fin_contrato,pie,altura_cm,imagen_url,nacionalidad,edad
us-9839,Leo Román,1998,GK,GK,9839,836251,450000.0000,700000.0000,2027-12-31,left,186.0000,https://img.a.transfermarkt.technology/portrait/header/836251-1771937311.jpg?lm=1,Paraguay,28.0000
us-14724,Alfonso Herrero,,GK,GK,14724,,,,,,,,,
us-14727,Ángel Recio,,D,DF,14727,,,,,,,,,
us-11383,Renato Veiga,2003,D,DF,11383,805714,25000000.0000,25000000.0000,2032-06-30,left,188.0000,https://img.a.transfermarkt.technology/portrait/header/805714-1749414999.jpg?lm=1,Portugal,23.0000
us-13350,Roberto Fernández,2002,F,FW,13350,720518,10000000.0000,10000000.0000,2031-06-30,right,186.0000,https://img.a.transfermarkt.technology/portrait/header/720518-1732827310.jpg?lm=1,Spain,24.0000
us-14730,David Larrubia,,F M S,FW,14730,,,,,,,,,
us-10940,Giacomo Quagliata,,D S,DF,10940,,,,,,,,,
us-14728,Rafita,,D S,DF,14728,,,,,,,,,
us-14732,Chupe,,F S,FW,14732,,,,,,,,,
us-318,Pierre-Emerick Aubameyang,1989,F S,FW,318,58864,2500000.0000,75000000.0000,2027-06-30,right,187.0000,https://img.a.transfermarkt.technology/portrait/header/58864-1762262625.jpg?lm=1,Gabon,37.0000
us-5081,Edu Expósito,1996,M S,MF,5081,506248,5000000.0000,6000000.0000,2027-06-30,right,178.0000,https://img.a.transfermarkt.technology/portrait/header/506248-1747385472.jpg?lm=1,Spain,30.0000
us-14074,Javi Hernández,2004,F M,FW,14074,946279,,,2028-06-30,left,175.0000,https://img.a.transfermarkt.technology/portrait/header/946279-1725656260.png?lm=1,Spain,22.0000
us-6075,Antonio Sivera,1996,GK,GK,6075,298197,6000000.0000,6000000.0000,2027-06-30,right,185.0000,https://img.a.transfermarkt.technology/portrait/header/298197-1713856039.jpg?lm=1,Spain,30.0000
us-2261,Jan Oblak,1993,GK,GK,2261,121483,15000000.0000,100000000.0000,2028-06-30,right,188.0000,https://img.a.transfermarkt.technology/portrait/header/121483-1719350076.jpg?lm=1,Slovenia,33.0000
us-1830,Ionut Radu,1997,GK,GK,1830,303657,9000000.0000,15000000.0000,2029-06-30,right,188.0000,https://img.a.transfermarkt.technology/portrait/header/303657-1699432718.jpg?lm=1,Romania,29.0000
us-11282,Lorenzo Amatucci,,M,MF,11282,,,,,,,,,
us-9793,Matías Dituro,1987,GK,GK,9793,144128,100000.0000,1000000.0000,2027-06-30,right,191.0000,https://img.a.transfermarkt.technology/portrait/header/144128-1695219400.png?lm=1,Argentina,39.0000
us-8972,Victor Chust,2000,D,DF,8972,495625,3500000.0000,4000000.0000,2029-06-30,both,184.0000,https://img.a.transfermarkt.technology/portrait/header/495625-1725990797.jpg?lm=1,Spain,26.0000
us-6224,Marko Dmitrovic,1992,GK,GK,6224,94308,700000.0000,12000000.0000,2028-06-30,left,189.0000,https://img.a.transfermarkt.technology/portrait/header/94308-1669364494.jpg?lm=1,Serbia,34.0000
us-2415,David Soria,1993,GK,GK,2415,226012,2800000.0000,18000000.0000,2030-06-30,right,192.0000,https://img.a.transfermarkt.technology/portrait/header/226012-1696863038.jpg?lm=1,Spain,33.0000
us-9824,Julen Agirrezabala,2000,GK,GK,9824,625014,9000000.0000,15000000.0000,2027-06-30,left,187.0000,https://img.a.transfermarkt.technology/portrait/header/625014-1709674945.png?lm=1,Spain,26.0000
us-5073,Florian Lejeune,1991,D,DF,5073,127108,1800000.0000,8000000.0000,2028-06-30,right,190.0000,https://img.a.transfermarkt.technology/portrait/header/127108-1496825998.jpg?lm=1,France,35.0000
us-9815,Pathé Ciss,1994,D M,DF,9815,525578,1800000.0000,4000000.0000,2027-06-30,right,186.0000,https://img.a.transfermarkt.technology/portrait/header/525578-1775761248.jpg?lm=1,Senegal,32.0000
us-11740,Álvaro Vallés,1997,GK,GK,11740,417913,7000000.0000,15000000.0000,2030-06-30,right,191.0000,https://img.a.transfermarkt.technology/portrait/header/417913-1773343747.jpg?lm=1,Spain,29.0000
us-3423,Kylian Mbappe-Lottin,1998,F,FW,3423,342229,180000000.0000,200000000.0000,2029-06-30,right,180.0000,https://img.a.transfermarkt.technology/portrait/header/342229-1682683695.jpg?lm=1,France,28.0000
us-680,Thibaut Courtois,1992,GK,GK,680,108390,15000000.0000,75000000.0000,2027-06-30,left,199.0000,https://img.a.transfermarkt.technology/portrait/header/108390-1717280733.jpg?lm=1,Belgium,34.0000
us-11343,Gabriel Suazo,1997,D,DF,11343,385105,6000000.0000,7000000.0000,2028-06-30,left,178.0000,https://img.a.transfermarkt.technology/portrait/header/385105-1752224979.jpg?lm=1,Chile,29.0000
us-9218,Juan Iglesias,1998,D,DF,9218,390688,5000000.0000,5000000.0000,2030-06-30,right,187.0000,https://img.a.transfermarkt.technology/portrait/header/390688-1632295269.jpg?lm=1,Spain,28.0000
us-8165,Lucien Agoume,2002,M,MF,8165,569384,15000000.0000,15000000.0000,2028-06-30,right,185.0000,https://img.a.transfermarkt.technology/portrait/header/569384-1656577561.jpg?lm=1,France,24.0000
us-375,Odisseas Vlachodimos,1994,GK,GK,375,124419,3000000.0000,18000000.0000,2027-06-30,right,191.0000,https://img.a.transfermarkt.technology/portrait/header/124419-1706829687.jpg?lm=1,Greece,32.0000
us-2619,Stole Dimitrievski,1993,GK,GK,2619,165467,2000000.0000,4000000.0000,2028-06-30,right,188.0000,https://img.a.transfermarkt.technology/portrait/header/165467-1541150592.jpg?lm=1,North Macedonia,33.0000
us-4052,Ximo Navarro,,D,DF,4052,,,,,,,,,
us-14519,Ville Koski,2002,D,DF,14519,581326,1500000.0000,1500000.0000,2031-06-30,right,185.0000,https://img.a.transfermarkt.technology/portrait/header/581326-1768659999.jpg?lm=1,Finland,24.0000
us-10875,Omar El Hilali,2003,D,DF,10875,822331,15000000.0000,15000000.0000,2027-06-30,right,183.0000,https://img.a.transfermarkt.technology/portrait/header/822331-1683211692.jpg?lm=1,Morocco,23.0000
us-6151,Djené Dakonam,1991,D,DF,6151,221150,1400000.0000,30000000.0000,2027-06-30,right,178.0000,https://img.a.transfermarkt.technology/portrait/header/221150-1669364811.jpg?lm=1,Togo,35.0000
us-12182,Jon Aramburu,2002,D,DF,12182,661145,15000000.0000,15000000.0000,2030-06-30,right,176.0000,https://img.a.transfermarkt.technology/portrait/header/661145-1719915615.jpg?lm=1,Venezuela,24.0000
us-8696,Pape Alassane Gueye,1999,M S,MF,8696,485963,40000000.0000,40000000.0000,2028-06-30,left,189.0000,https://img.a.transfermarkt.technology/portrait/header/485963-1768814767.jpg?lm=1,Senegal,27.0000
us-6656,Sergio Gómez,2000,D,DF,6656,366930,15000000.0000,20000000.0000,2030-06-30,left,173.0000,https://img.a.transfermarkt.technology/portrait/header/366930-1727678534.jpg?lm=1,Spain,26.0000
us-11527,Lamine Yamal,2007,F M,FW,11527,937958,200000000.0000,200000000.0000,2031-06-30,left,183.0000,https://img.a.transfermarkt.technology/portrait/header/937958-1773173768.jpg?lm=1,Spain,19.0000
us-10364,Nahuel Tenaglia,1996,D,DF,10364,533568,3000000.0000,5200000.0000,2029-06-30,right,181.0000,https://img.a.transfermarkt.technology/portrait/header/533568-1647530141.jpg?lm=1,Argentina,30.0000
us-9247,Mario Soriano,,M S,MF,9247,,,,,,,,,
us-6750,Gonzalo Villar,1998,M,MF,6750,398163,1800000.0000,15000000.0000,2029-06-30,right,181.0000,https://img.a.transfermarkt.technology/portrait/header/398163-1611584180.jpg?lm=1,Spain,28.0000
us-10857,Pablo Ibáñez,1998,M,MF,10857,785353,4000000.0000,4000000.0000,2030-06-30,right,179.0000,https://img.a.transfermarkt.technology/portrait/header/785353-1680676751.jpg?lm=1,Spain,28.0000
us-12642,Yoel Lago,2004,D S,DF,12642,939374,4000000.0000,4000000.0000,2029-06-30,right,185.0000,https://img.a.transfermarkt.technology/portrait/header/939374-1758827211.jpg?lm=1,Spain,22.0000
us-10322,Javier Guerra,2003,F M,FW,10322,834764,25000000.0000,25000000.0000,2029-06-30,right,187.0000,https://img.a.transfermarkt.technology/portrait/header/834764-1696188716.jpg?lm=1,Spain,23.0000
us-13620,Miguel Román,2002,M S,MF,13620,892932,15000000.0000,15000000.0000,2028-06-30,right,178.0000,https://img.a.transfermarkt.technology/portrait/header/892932-1769759183.jpg?lm=1,Spain,24.0000
us-2551,Pepelu,1998,D M,DF,2551,328480,8000000.0000,22000000.0000,2028-06-30,right,186.0000,https://img.a.transfermarkt.technology/portrait/header/328480-1713971066.jpg?lm=1,Spain,28.0000
us-8230,German Valera,2002,D F M,DF,8230,548188,6000000.0000,6000000.0000,2027-06-30,left,170.0000,https://img.a.transfermarkt.technology/portrait/header/548188-1588605205.jpg?lm=1,Spain,24.0000
us-8026,Raphinha,1996,F,FW,8026,411295,70000000.0000,90000000.0000,2028-06-30,left,176.0000,https://img.a.transfermarkt.technology/portrait/header/411295-1729754479.png?lm=1,Brazil,30.0000
us-6241,Federico Valverde,1998,M,MF,6241,369081,90000000.0000,130000000.0000,2029-06-30,right,182.0000,https://img.a.transfermarkt.technology/portrait/header/369081-1731018042.jpg?lm=1,Uruguay,28.0000
us-12472,Iñigo Arguibide,2005,D,DF,12472,1065442,800000.0000,800000.0000,2027-06-30,right,178.0000,https://img.a.transfermarkt.technology/portrait/header/1065442-1700857321.png?lm=1,Spain,21.0000
us-4091,Unai López,1995,M,MF,4091,192009,2500000.0000,12000000.0000,2029-06-30,right,170.0000,https://img.a.transfermarkt.technology/portrait/header/192009-1726662500.jpg?lm=1,Spain,31.0000
us-7008,Vinícius Júnior,2000,M,MF,7008,371998,140000000.0000,200000000.0000,2027-06-30,right,176.0000,https://img.a.transfermarkt.technology/portrait/header/371998-1761575144.jpg?lm=1,Brazil,26.0000
us-11825,Abderrahmane Rebbach,1998,D,DF,11825,718034,2500000.0000,2500000.0000,2028-06-30,right,176.0000,https://img.a.transfermarkt.technology/portrait/header/718034-1705337308.jpg?lm=1,Algeria,28.0000
us-9001,Martín Satriano,2001,F M,FW,9001,640109,10000000.0000,10000000.0000,2030-06-30,right,187.0000,https://img.a.transfermarkt.technology/portrait/header/640109-1626685122.jpg?lm=1,Uruguay,25.0000
us-13533,Roger Hinojo,2005,D S,DF,13533,1204959,,,2030-06-30,left,180.0000,https://img.a.transfermarkt.technology/portrait/header/1204959-1761231615.jpg?lm=1,Spain,21.0000
us-12862,Luka Sucic,2002,F M S,FW,12862,502722,10000000.0000,20000000.0000,2029-06-30,left,185.0000,https://img.a.transfermarkt.technology/portrait/header/502722-1692998699.png?lm=1,Croatia,24.0000
us-6088,Orel Mangala,1998,M S,MF,6088,289592,9000000.0000,22000000.0000,2028-06-30,right,178.0000,https://img.a.transfermarkt.technology/portrait/header/289592-1657181518.jpg?lm=1,Belgium,28.0000
us-12870,Buba Sangaré,2007,D,DF,12870,962125,4500000.0000,4500000.0000,2031-06-30,right,183.0000,https://img.a.transfermarkt.technology/portrait/header/962125-1739283835.jpg?lm=1,Spain,19.0000
us-7086,David Hancko,1997,D S,DF,7086,404418,35000000.0000,35000000.0000,2030-06-30,left,188.0000,https://img.a.transfermarkt.technology/portrait/header/404418-1722415670.jpg?lm=1,Slovakia,29.0000
us-8921,Iñigo Vicente,,M S,MF,8921,,,,,,,,,
us-7071,Álvaro García,1992,F M S,FW,7071,257062,1500000.0000,6000000.0000,2028-06-30,both,167.0000,https://img.a.transfermarkt.technology/portrait/header/257062-1762775114.jpg?lm=1,Spain,34.0000
us-14687,Jorge Salinas,2000,D S,DF,14687,819590,2000000.0000,3000000.0000,2028-06-30,left,178.0000,https://img.a.transfermarkt.technology/portrait/header/819590-1744371555.jpg?lm=1,Spain,26.0000
us-5185,Unai Simón,1997,GK,GK,5185,262396,22000000.0000,30000000.0000,2029-06-30,right,190.0000,https://img.a.transfermarkt.technology/portrait/header/262396-1709674901.png?lm=1,Spain,29.0000
us-14706,Lucas Noubi,2005,D,DF,14706,743379,3000000.0000,3000000.0000,2029-06-30,right,184.0000,https://img.a.transfermarkt.technology/portrait/header/743379-1663871275.jpg?lm=1,Belgium,21.0000
us-2385,Mat Ryan,1992,GK,GK,2385,128969,1800000.0000,10000000.0000,,right,184.0000,https://img.a.transfermarkt.technology/portrait/header/128969-1668505563.jpg?lm=1,Australia,34.0000
us-7604,Alejandro Catena,1994,D,DF,7604,449796,2600000.0000,8000000.0000,2028-06-30,right,194.0000,https://img.a.transfermarkt.technology/portrait/header/449796-1732220159.jpg?lm=1,Spain,32.0000
us-7515,Andrei Ratiu,1998,D,DF,7515,527966,18000000.0000,18000000.0000,2030-06-30,right,183.0000,https://img.a.transfermarkt.technology/portrait/header/527966-1765462531.jpg?lm=1,Romania,28.0000
us-11890,Natan,2001,D,DF,11890,735568,25000000.0000,25000000.0000,2030-06-30,left,188.0000,https://img.a.transfermarkt.technology/portrait/header/735568-1708553167.jpg?lm=1,Brazil,25.0000
us-6326,Ibrahima Konaté,1999,D,DF,6326,357119,45000000.0000,60000000.0000,2030-06-30,right,194.0000,https://img.a.transfermarkt.technology/portrait/header/357119-1669190550.jpg?lm=1,France,27.0000
us-2555,Remiro,1995,GK,GK,2555,212862,9000000.0000,25000000.0000,2027-06-30,right,192.0000,https://img.a.transfermarkt.technology/portrait/header/212862-1694594210.jpg?lm=1,Spain,31.0000
us-10947,Ramón Terrats,2000,M,MF,10947,783396,3000000.0000,4000000.0000,2029-06-30,left,181.0000,https://img.a.transfermarkt.technology/portrait/header/783396-1726231968.jpg?lm=1,Spain,26.0000
us-8824,Jude Bellingham,2003,M S,MF,8824,581678,130000000.0000,180000000.0000,2029-06-30,right,186.0000,https://img.a.transfermarkt.technology/portrait/header/581678-1748102891.jpg?lm=1,England,23.0000
us-11866,Álex Grimaldo,1995,D,DF,11866,193082,20000000.0000,45000000.0000,2030-06-30,left,171.0000,https://img.a.transfermarkt.technology/portrait/header/193082-1689710805.jpg?lm=1,Spain,31.0000
us-8935,Pedri,2002,M S,MF,8935,683840,150000000.0000,150000000.0000,2030-06-30,right,174.0000,https://img.a.transfermarkt.technology/portrait/header/683840-1744278342.jpg?lm=1,Spain,24.0000
us-6219,Enes Ünal,1997,F S,FW,6219,251106,7000000.0000,25000000.0000,2028-06-30,right,187.0000,https://img.a.transfermarkt.technology/portrait/header/251106-1669365680.jpg?lm=1,Türkiye,29.0000
us-8066,Arnaut Danjuma Groeneveld,1997,F M S,FW,8066,355861,3000000.0000,50000000.0000,2028-06-30,right,178.0000,https://img.a.transfermarkt.technology/portrait/header/355861-1674657323.jpg?lm=1,Netherlands,29.0000
us-9280,Antonio Blanco,2000,M S,MF,9280,495621,10000000.0000,10000000.0000,2027-06-30,right,176.0000,https://img.a.transfermarkt.technology/portrait/header/495621-1705337231.jpg?lm=1,Spain,26.0000
us-11094,Antony,2000,F M S,FW,11094,602105,40000000.0000,75000000.0000,2030-06-30,left,172.0000,https://img.a.transfermarkt.technology/portrait/header/602105-1758783018.jpg?lm=1,Brazil,26.0000
us-10319,Adrián De la Fuente,,D,DF,10319,,,,,,,,,
us-7605,Manuel Sánchez,2000,D,DF,7605,618809,6000000.0000,10000000.0000,2028-06-30,left,171.0000,https://img.a.transfermarkt.technology/portrait/header/618809-1673281847.jpg?lm=1,Spain,26.0000
us-5656,Nicolas Pepe,1995,M S,MF,5656,343052,6000000.0000,75000000.0000,2028-06-30,left,183.0000,https://img.a.transfermarkt.technology/portrait/header/343052-1758059244.jpg?lm=1,Cote d'Ivoire,31.0000
us-12790,Abel Bretones,2000,D S,DF,12790,658115,3500000.0000,4500000.0000,2029-06-30,left,188.0000,https://img.a.transfermarkt.technology/portrait/header/658115-1690301272.jpg?lm=1,Spain,26.0000
us-14387,Zaid Romero,1999,D,DF,14387,741142,2500000.0000,6000000.0000,2030-06-30,left,192.0000,https://img.a.transfermarkt.technology/portrait/header/741142-1753180256.jpg?lm=1,Argentina,27.0000
us-13823,Miguel Sierra,2004,F M,FW,13823,1064105,300000.0000,300000.0000,2029-06-30,left,181.0000,https://img.a.transfermarkt.technology/portrait/header/1064105-1700522312.png?lm=1,Spain,22.0000
us-13829,Tyrhys Dolan,2001,M S,MF,13829,647435,10000000.0000,10000000.0000,2028-06-30,right,170.0000,https://img.a.transfermarkt.technology/portrait/header/647435-1679678061.jpg?lm=1,England,25.0000
us-2280,Jonny,,D,DF,2280,,,,,,,,,
us-7779,Oihan Sancet,2000,M,MF,7779,571020,25000000.0000,60000000.0000,2032-06-30,right,188.0000,https://img.a.transfermarkt.technology/portrait/header/571020-1709676037.png?lm=1,Spain,26.0000
us-14686,Álvaro Mantilla,,D,DF,14686,,,,,,,,,
us-3237,Aissa Mandi,1991,D,DF,3237,80293,1000000.0000,20000000.0000,,right,184.0000,https://img.a.transfermarkt.technology/portrait/header/80293-1780325909.jpg?lm=1,Algeria,35.0000
us-9466,Jon Ander Olasagasti,2000,M,MF,9466,625660,2500000.0000,4000000.0000,2028-06-30,left,176.0000,https://img.a.transfermarkt.technology/portrait/header/625660-1695238891.jpg?lm=1,Spain,26.0000
us-2571,Sergio Canales,1991,M S,MF,2571,66106,3000000.0000,25000000.0000,2028-06-30,left,175.0000,https://img.a.transfermarkt.technology/portrait/header/66106-1653039158.jpg?lm=1,Spain,35.0000
us-14731,Dani Lorenzo,,M S,MF,14731,,,,,,,,,
us-13761,Filip Ugrinic,1999,M S,MF,13761,394236,6000000.0000,7000000.0000,2029-06-30,right,184.0000,https://img.a.transfermarkt.technology/portrait/header/394236-1700817304.png?lm=1,Switzerland,27.0000
us-11540,Carlos Dotor,,F M S,FW,11540,,,,,,,,,
us-492,Héctor Bellerín,1995,D S,DF,492,191217,2400000.0000,40000000.0000,2028-06-30,right,178.0000,https://img.a.transfermarkt.technology/portrait/header/191217-1773344002.jpg?lm=1,Spain,31.0000
us-11943,Dean Huijsen,2005,D,DF,11943,890290,60000000.0000,70000000.0000,2030-06-30,both,197.0000,https://img.a.transfermarkt.technology/portrait/header/890290-1750251451.jpg?lm=1,Spain,21.0000
us-14392,Ángel Pérez,2002,D S,DF,14392,1124136,3000000.0000,3000000.0000,2030-06-30,right,183.0000,https://img.a.transfermarkt.technology/portrait/header/1124136-1757571837.png?lm=1,Spain,24.0000
us-9773,Joan García,2001,GK,GK,9773,561613,45000000.0000,45000000.0000,2031-06-30,right,194.0000,https://img.a.transfermarkt.technology/portrait/header/561613-1747386081.jpg?lm=1,Spain,25.0000
us-1235,Ante Budimir,1991,F S,FW,1235,46413,2800000.0000,15000000.0000,2027-06-30,left,190.0000,https://img.a.transfermarkt.technology/portrait/header/46413-1732219707.jpg?lm=1,Croatia,35.0000
us-7857,Jon Moncayola,1998,M S,MF,7857,552425,7000000.0000,12000000.0000,2031-06-30,right,182.0000,https://img.a.transfermarkt.technology/portrait/header/552425-1583310847.jpg?lm=1,Spain,28.0000
us-8861,Urko Gonzalez,2001,M S,MF,8861,625651,12000000.0000,12000000.0000,2030-06-30,right,189.0000,https://img.a.transfermarkt.technology/portrait/header/625651-1694171507.jpg?lm=1,Spain,25.0000
us-9243,Ilaix Moriba,2003,M S,MF,9243,617074,15000000.0000,25000000.0000,2029-06-30,right,185.0000,https://img.a.transfermarkt.technology/portrait/header/617074-1758827372.jpg?lm=1,Guinea,23.0000
us-1189,Lucas Boyé,1996,F,FW,1189,334222,5000000.0000,15000000.0000,2029-06-30,right,183.0000,https://img.a.transfermarkt.technology/portrait/header/334222-1734010923.jpg?lm=1,Argentina,30.0000
us-6242,Johan Mojica,1992,D S,DF,6242,262939,1500000.0000,5000000.0000,2027-06-30,left,184.0000,https://img.a.transfermarkt.technology/portrait/header/262939-1541161893.jpg?lm=1,Colombia,34.0000
us-13392,Andrés García,2003,D F M S,DF,13392,1063329,6000000.0000,7000000.0000,2029-06-30,right,185.0000,https://img.a.transfermarkt.technology/portrait/header/1063329-1698880585.jpg?lm=1,Spain,23.0000
us-12160,Alberto Moleiro,2003,F M S,FW,12160,733576,50000000.0000,50000000.0000,2030-06-30,right,171.0000,https://img.a.transfermarkt.technology/portrait/header/733576-1737365948.jpg?lm=1,Spain,23.0000
us-14708,Bil Nsongo,,F M S,FW,14708,,,,,,,,,
us-2234,Mikel Oyarzabal,1997,F M S,FW,2234,351478,25000000.0000,70000000.0000,2028-06-30,left,181.0000,https://img.a.transfermarkt.technology/portrait/header/351478-1749415304.jpg?lm=1,Spain,29.0000
us-7313,Lee Kang-In,2001,F M S,FW,7313,557149,28000000.0000,30000000.0000,2028-06-30,left,174.0000,https://img.a.transfermarkt.technology/portrait/header/557149-1703978046.jpg?lm=1,"Korea, South",25.0000
us-7528,Sergio Camello,2001,F S,FW,7528,505674,3000000.0000,10000000.0000,2027-06-30,right,182.0000,https://img.a.transfermarkt.technology/portrait/header/505674-1775761676.jpg?lm=1,Spain,25.0000
us-10163,Luismi Cruz,,M S,MF,10163,,,,,,,,,
us-8271,Fernando Niño,,F S,FW,8271,,,,,,,,,
us-11395,Iker Muñoz,2002,M S,MF,11395,710677,2000000.0000,5000000.0000,2030-06-30,right,180.0000,https://img.a.transfermarkt.technology/portrait/header/710677-1697557434.jpg?lm=1,Spain,24.0000
us-2498,Aymeric Laporte,1994,D S,DF,2498,176553,8000000.0000,75000000.0000,2028-06-30,left,191.0000,https://img.a.transfermarkt.technology/portrait/header/176553-1685546335.jpg?lm=1,Spain,32.0000
us-14726,Einar Galilea,,D,DF,14726,,,,,,,,,
us-13600,Andrés Castrín,2003,D S,DF,13600,719999,6000000.0000,6000000.0000,2027-06-30,right,188.0000,https://img.a.transfermarkt.technology/portrait/header/default.jpg?lm=1,Spain,23.0000
us-5556,Ademola Lookman,1997,F M S,FW,5556,406040,40000000.0000,60000000.0000,2030-06-30,right,174.0000,https://img.a.transfermarkt.technology/portrait/header/406040-1769763751.jpg?lm=1,Nigeria,29.0000
us-9810,Fran García,1999,D S,DF,9810,341264,10000000.0000,18000000.0000,2030-06-30,left,169.0000,https://img.a.transfermarkt.technology/portrait/header/341264-1688119965.jpg?lm=1,Spain,27.0000
us-9796,Giuliano Simeone,2002,D M S,DF,9796,742201,40000000.0000,40000000.0000,2030-06-30,right,174.0000,https://img.a.transfermarkt.technology/portrait/header/742201-1741120599.jpg?lm=1,Argentina,24.0000
us-8045,Eric Garcia,2001,D,DF,8045,466794,40000000.0000,40000000.0000,2031-06-30,right,183.0000,https://img.a.transfermarkt.technology/portrait/header/466794-1693604801.jpg?lm=1,Spain,25.0000
us-8764,Oriol Rey,1998,M S,MF,8764,293388,1800000.0000,2000000.0000,2027-06-30,left,177.0000,https://img.a.transfermarkt.technology/portrait/header/293388-1726053851.jpg?lm=1,Spain,28.0000
us-2335,Pablo Fornals,1996,M S,MF,2335,357885,8000000.0000,30000000.0000,2029-06-30,right,178.0000,https://img.a.transfermarkt.technology/portrait/header/357885-1773344365.jpg?lm=1,Spain,30.0000
us-2518,Marcos Llorente,1995,D M S,DF,2518,282411,20000000.0000,80000000.0000,2027-06-30,right,183.0000,https://img.a.transfermarkt.technology/portrait/header/282411-1773182531.jpg?lm=1,Spain,31.0000
us-2478,Carlos Soler,1997,M S,MF,2478,372246,7000000.0000,50000000.0000,2029-06-30,right,180.0000,https://img.a.transfermarkt.technology/portrait/header/372246-1759159072.jpg?lm=1,Spain,29.0000
us-7258,Joaquín Muñoz,,M S,MF,7258,,,,,,,,,
us-8417,Álex Baena,2001,F M S,FW,8417,548111,40000000.0000,55000000.0000,2030-06-30,right,172.0000,https://img.a.transfermarkt.technology/portrait/header/548111-1761821030.jpg?lm=1,Spain,25.0000
us-12353,Jon Martín,2006,D S,DF,12353,1018938,25000000.0000,25000000.0000,2031-06-30,right,187.0000,https://img.a.transfermarkt.technology/portrait/header/1018938-1780664220.jpg?lm=1,Spain,20.0000
us-11822,Fermín López,2003,M S,MF,11822,636703,100000000.0000,100000000.0000,2031-06-30,right,176.0000,https://img.a.transfermarkt.technology/portrait/header/636703-1698086824.jpg?lm=1,Spain,23.0000
us-6954,Juan Camilo Hernández,1999,F S,FW,6954,459463,18000000.0000,18000000.0000,2030-06-30,right,176.0000,https://img.a.transfermarkt.technology/portrait/header/459463-1773344529.jpg?lm=1,Colombia,27.0000
us-6168,Leandro Cabrera,1991,D,DF,6168,102423,900000.0000,10000000.0000,2027-06-30,left,190.0000,https://img.a.transfermarkt.technology/portrait/header/102423-1747343579.jpg?lm=1,Uruguay,35.0000
us-13767,Roger Brugué,1996,F M,FW,13767,557057,2000000.0000,2000000.0000,2028-06-30,left,174.0000,https://img.a.transfermarkt.technology/portrait/header/557057-1701787446.jpg?lm=1,Spain,30.0000
us-7859,Sergio Herrera,1993,GK,GK,7859,248738,2800000.0000,8000000.0000,2028-06-30,right,192.0000,https://img.a.transfermarkt.technology/portrait/header/248738-1732220099.jpg?lm=1,Spain,33.0000
us-10334,Kike Salas,2002,D,DF,10334,766583,14000000.0000,14000000.0000,2029-06-30,left,188.0000,https://img.a.transfermarkt.technology/portrait/header/766583-1736865960.jpg?lm=1,Spain,24.0000
us-11924,Clemens Riedel,2003,D S,DF,11924,692070,4000000.0000,5000000.0000,2029-06-30,right,186.0000,https://img.a.transfermarkt.technology/portrait/header/692070-1752059844.jpg?lm=1,Germany,23.0000
us-14129,Xavi Espart,2007,D,DF,14129,1018912,5000000.0000,5000000.0000,2028-06-30,right,175.0000,https://img.a.transfermarkt.technology/portrait/header/1018912-1768246502.jpg?lm=1,Spain,19.0000
us-8122,Sergio Carreira,2000,D S,DF,8122,545647,12000000.0000,12000000.0000,2029-06-30,right,170.0000,https://img.a.transfermarkt.technology/portrait/header/545647-1773950983.jpg?lm=1,Spain,26.0000
us-14729,Izan Merino,,M S,MF,14729,,,,,,,,,
us-8187,Georges Mikautadze,2000,F S,FW,8187,729814,30000000.0000,30000000.0000,2031-06-30,right,176.0000,https://img.a.transfermarkt.technology/portrait/header/729814-1719222514.jpg?lm=1,Georgia,26.0000
us-12821,Gerard Martín,2002,D S,DF,12821,705395,35000000.0000,35000000.0000,2028-06-30,left,186.0000,https://img.a.transfermarkt.technology/portrait/header/705395-1730119053.jpg?lm=1,Spain,24.0000
us-6149,Unai Núñez,1997,D,DF,6149,338285,3500000.0000,20000000.0000,2029-06-30,right,186.0000,https://img.a.transfermarkt.technology/portrait/header/338285-1753679771.jpg?lm=1,Spain,29.0000
us-770,Ayoze Pérez,1993,F S,FW,770,246968,5000000.0000,30000000.0000,2028-06-30,right,178.0000,https://img.a.transfermarkt.technology/portrait/header/246968-1716803546.jpg?lm=1,Spain,33.0000
us-12005,Pau Cubarsí,2007,D,DF,12005,962110,80000000.0000,80000000.0000,2029-06-30,right,184.0000,https://img.a.transfermarkt.technology/portrait/header/962110-1712779232.jpg?lm=1,Spain,19.0000
us-5086,Marc Roca,1996,M,MF,5086,336869,4000000.0000,30000000.0000,2029-06-30,left,184.0000,https://img.a.transfermarkt.technology/portrait/header/336869-1773344159.jpg?lm=1,Spain,30.0000
us-7134,Marc Cucurella,1998,D S,DF,7134,284857,50000000.0000,55000000.0000,2032-06-30,left,173.0000,https://img.a.transfermarkt.technology/portrait/header/284857-1765185117.jpg?lm=1,Spain,28.0000
us-9840,Denzel Dumfries,1996,D S,DF,9840,321528,25000000.0000,35000000.0000,2030-06-30,right,188.0000,https://img.a.transfermarkt.technology/portrait/header/321528-1746042223.jpg?lm=1,Netherlands,30.0000
us-2278,Giménez,,D S,DF,2278,,,,,,,,,
us-14741,Facundo Bernal,2003,M S,MF,14741,898350,6000000.0000,6000000.0000,2028-07-31,right,187.0000,https://img.a.transfermarkt.technology/portrait/header/898350-1721081696.jpg?lm=1,Uruguay,23.0000
us-8150,Anthony Gordon,2001,F M S,FW,8150,503733,65000000.0000,65000000.0000,2031-06-30,right,183.0000,https://img.a.transfermarkt.technology/portrait/header/503733-1761080304.jpg?lm=1,England,25.0000
us-14700,Cala,,M S,MF,14700,,,,,,,,,
us-1621,Marcos Alonso,1990,D,DF,1621,112515,1200000.0000,45000000.0000,2028-06-30,left,188.0000,https://img.a.transfermarkt.technology/portrait/header/112515-1694505734.jpg?lm=1,Spain,36.0000
us-14725,Carlos Puga,,D S,DF,14725,,,,,,,,,
us-10189,Marc Pubill,2003,D S,DF,10189,844637,35000000.0000,35000000.0000,2030-06-30,right,191.0000,https://img.a.transfermarkt.technology/portrait/header/844637-1779789749.jpg?lm=1,Spain,23.0000
us-7174,Adrià Pedrosa,1998,D S,DF,7174,501418,2800000.0000,10000000.0000,2028-06-30,left,172.0000,https://img.a.transfermarkt.technology/portrait/header/501418-1583506190.jpg?lm=1,Spain,28.0000
us-7350,Yangel Herrera,1998,M S,MF,7350,378293,6000000.0000,25000000.0000,2030-06-30,right,184.0000,https://img.a.transfermarkt.technology/portrait/header/378293-1719230693.jpg?lm=1,Venezuela,28.0000
us-2399,Iñaki Williams,1994,F M,FW,2399,255508,8000000.0000,50000000.0000,2028-06-30,right,186.0000,https://img.a.transfermarkt.technology/portrait/header/255508-1709676323.png?lm=1,Ghana,32.0000
us-14692,Manu Hernando,,D S,DF,14692,,,,,,,,,
us-7529,Iván Martín,1999,M S,MF,7529,341278,5000000.0000,15000000.0000,2028-06-30,left,178.0000,https://img.a.transfermarkt.technology/portrait/header/341278-1703177977.jpg?lm=1,Spain,27.0000
us-12322,Tajon Buchanan,1999,M S,MF,12322,638793,12000000.0000,12000000.0000,2030-06-30,right,183.0000,https://img.a.transfermarkt.technology/portrait/header/638793-1758059596.jpg?lm=1,Canada,27.0000
us-8895,Tete Morente,1996,D M S,DF,8895,339816,1800000.0000,3000000.0000,2028-06-30,right,184.0000,https://img.a.transfermarkt.technology/portrait/header/339816-1730123532.jpg?lm=1,Spain,30.0000
us-7070,Santiago Comesaña,1996,M S,MF,7070,380598,8000000.0000,8000000.0000,2028-06-30,both,188.0000,https://img.a.transfermarkt.technology/portrait/header/380598-1726231263.jpg?lm=1,Spain,30.0000
us-200,Andreas Christensen,1996,D S,DF,200,196948,8000000.0000,40000000.0000,2028-06-30,right,189.0000,https://img.a.transfermarkt.technology/portrait/header/196948-1668183241.jpg?lm=1,Denmark,30.0000
us-8549,Ferrán Jutglà,1999,F S,FW,8549,599231,10000000.0000,14000000.0000,2029-06-30,right,175.0000,https://img.a.transfermarkt.technology/portrait/header/599231-1666292299.jpg?lm=1,Spain,27.0000
us-2417,Igor Zubeldia,1997,D S,DF,2417,355628,6000000.0000,30000000.0000,2029-06-30,right,181.0000,https://img.a.transfermarkt.technology/portrait/header/355628-1664974849.jpg?lm=1,Spain,29.0000
us-9275,Iván Romero,2001,F S,FW,9275,628886,8000000.0000,8000000.0000,2028-06-30,right,173.0000,https://img.a.transfermarkt.technology/portrait/header/628886-1756192561.jpg?lm=1,Spain,25.0000
us-14936,Nathan Saliba,2004,M S,MF,14936,842420,7500000.0000,7500000.0000,2029-06-30,right,174.0000,https://img.a.transfermarkt.technology/portrait/header/842420-1740597560.jpg?lm=1,Canada,22.0000
us-14683,Robbie Ure,2004,F S,FW,14683,783373,2200000.0000,2200000.0000,2029-12-31,right,189.0000,https://img.a.transfermarkt.technology/portrait/header/783373-1696835614.jpg?lm=1,Scotland,22.0000
us-8183,Pablo Martínez,1998,M S,MF,8183,568835,3000000.0000,3000000.0000,,right,182.0000,https://img.a.transfermarkt.technology/portrait/header/568835-1632129599.jpg?lm=1,Spain,28.0000
us-8107,Jorge De Frutos,1997,F M,FW,8107,455181,12000000.0000,15000000.0000,2028-06-30,right,173.0000,https://img.a.transfermarkt.technology/portrait/header/455181-1756820871.jpg?lm=1,Spain,29.0000
us-9477,Pablo Ramón,2001,D S,DF,9477,629511,400000.0000,400000.0000,2028-06-30,right,184.0000,https://img.a.transfermarkt.technology/portrait/header/629511-1712568179.jpg?lm=1,Spain,25.0000
us-11402,Carlos Romero,2001,D S,DF,11402,709372,25000000.0000,25000000.0000,2031-06-30,left,174.0000,https://img.a.transfermarkt.technology/portrait/header/709372-1747385379.jpg?lm=1,Spain,25.0000
us-2183,Rubén García,1993,M S,MF,2183,213260,1600000.0000,10000000.0000,2027-06-30,left,172.0000,https://img.a.transfermarkt.technology/portrait/header/213260-1583310204.jpg?lm=1,Spain,33.0000
us-14459,Yassir Zabiri,2005,F S,FW,14459,1153105,9000000.0000,9000000.0000,2029-06-30,left,182.0000,https://img.a.transfermarkt.technology/portrait/header/1153105-1759431831.jpg?lm=1,Morocco,21.0000
us-14701,Enzo Bardeli,,M S,MF,14701,,,,,,,,,
us-9811,Óscar Valentín,1994,M S,MF,9811,517753,2000000.0000,5000000.0000,2027-06-30,right,177.0000,https://img.a.transfermarkt.technology/portrait/header/517753-1765909833.jpg?lm=1,Spain,32.0000
us-12643,Javier Rueda,2002,D S,DF,12643,652331,6000000.0000,6000000.0000,2029-06-30,right,177.0000,https://img.a.transfermarkt.technology/portrait/header/652331-1773949798.jpg?lm=1,Spain,24.0000
us-14777,Beñat Gerenabarrena,,M S,MF,14777,,,,,,,,,
us-9211,Nico Williams,2002,M S,MF,9211,709187,40000000.0000,70000000.0000,2035-06-30,right,181.0000,https://img.a.transfermarkt.technology/portrait/header/709187-1709676169.png?lm=1,Spain,24.0000
us-2120,Gerard Moreno,1992,F S,FW,2120,177467,2500000.0000,40000000.0000,2027-06-30,left,180.0000,https://img.a.transfermarkt.technology/portrait/header/177467-1726231623.jpg?lm=1,Spain,34.0000
us-7888,Nemanja Gudelj,1991,D M S,DF,7888,74294,2000000.0000,7000000.0000,,right,187.0000,https://img.a.transfermarkt.technology/portrait/header/74294-1718893660.jpg?lm=1,Serbia,35.0000
us-2229,Yuri,,D,DF,2229,,,,,,,,,
us-2505,José Gayá,1995,D S,DF,2505,221322,4000000.0000,50000000.0000,2027-06-30,left,172.0000,https://img.a.transfermarkt.technology/portrait/header/221322-1605193468.jpg?lm=1,Spain,31.0000
us-2496,Rodri,1996,M S,MF,2496,357565,50000000.0000,130000000.0000,2027-06-30,right,190.0000,https://img.a.transfermarkt.technology/portrait/header/357565-1682587890.jpg?lm=1,Spain,30.0000
us-8902,José Salinas,2000,D S,DF,8902,819590,2000000.0000,3000000.0000,2028-06-30,left,178.0000,https://img.a.transfermarkt.technology/portrait/header/819590-1744371555.jpg?lm=1,Spain,26.0000
us-12917,Luiz Júnior,2001,GK,GK,12917,712107,12000000.0000,12000000.0000,2030-06-30,left,192.0000,https://img.a.transfermarkt.technology/portrait/header/712107-1758058969.jpg?lm=1,Brazil,25.0000
us-11744,Sergi Cardona,1999,D,DF,11744,678406,9000000.0000,10000000.0000,2027-06-30,both,186.0000,https://img.a.transfermarkt.technology/portrait/header/678406-1697540707.jpg?lm=1,Spain,27.0000
us-12190,Arda Güler,2005,M S,MF,12190,861410,90000000.0000,90000000.0000,2029-06-30,left,175.0000,https://img.a.transfermarkt.technology/portrait/header/861410-1699472585.jpg?lm=1,Türkiye,21.0000
us-5179,Jon Guridi,1995,M S,MF,5179,289257,1800000.0000,5000000.0000,2028-06-30,left,179.0000,https://img.a.transfermarkt.technology/portrait/header/289257-1604301765.jpg?lm=1,Spain,31.0000
us-14893,Francho Serrano,,M S,MF,14893,,,,,,,,,
us-8042,Raul García,2000,F M S,FW,8042,631002,3000000.0000,4000000.0000,2031-06-30,right,192.0000,https://img.a.transfermarkt.technology/portrait/header/631002-1614090749.jpg?lm=1,Spain,26.0000
us-2269,Koke,1992,M S,MF,2269,74229,5000000.0000,70000000.0000,2027-06-30,right,176.0000,https://img.a.transfermarkt.technology/portrait/header/74229-1664970397.jpg?lm=1,Spain,34.0000
us-6400,Antonio Martínez,1997,F S,FW,6400,302371,7500000.0000,7500000.0000,2028-06-30,right,187.0000,https://img.a.transfermarkt.technology/portrait/header/302371-1606396665.png?lm=1,Spain,29.0000
us-9768,Jesús Areso,1999,D S,DF,9768,488626,5000000.0000,12000000.0000,2031-06-30,right,182.0000,https://img.a.transfermarkt.technology/portrait/header/488626-1675800186.jpg?lm=1,Spain,27.0000
us-10903,Morten Hjulmand,1999,M S,MF,10903,461496,45000000.0000,50000000.0000,2031-06-30,right,185.0000,https://img.a.transfermarkt.technology/portrait/header/461496-1725633200.jpg?lm=1,Denmark,27.0000
us-9217,Jesús Vázquez,2003,D S,DF,9217,623024,4000000.0000,5000000.0000,2028-06-30,left,182.0000,https://img.a.transfermarkt.technology/portrait/header/623024-1644238446.jpg?lm=1,Spain,23.0000
us-11349,Mario Martín,2004,M,MF,11349,948273,10000000.0000,10000000.0000,2030-06-30,right,177.0000,https://img.a.transfermarkt.technology/portrait/header/948273-1707861820.jpg?lm=1,Spain,22.0000
us-13003,Santiago Mouriño,2002,D S,DF,13003,953901,20000000.0000,20000000.0000,2030-06-30,right,186.0000,https://img.a.transfermarkt.technology/portrait/header/953901-1691396102.jpg?lm=1,Uruguay,24.0000
us-2255,Isco,1992,M S,MF,2255,85288,3500000.0000,90000000.0000,2028-06-30,right,176.0000,https://img.a.transfermarkt.technology/portrait/header/85288-1744375744.jpg?lm=1,Spain,34.0000
us-1003,Pablo Maffeo,1997,D S,DF,1003,251876,3000000.0000,10000000.0000,2029-06-30,right,172.0000,https://img.a.transfermarkt.technology/portrait/header/251876-1699449290.jpg?lm=1,Argentina,29.0000
us-2453,Marc Bartra,1991,D S,DF,2453,99922,900000.0000,22000000.0000,2027-06-30,right,184.0000,https://img.a.transfermarkt.technology/portrait/header/99922-1724053472.jpg?lm=1,Spain,35.0000
us-13841,Federico Redondo,2003,D,DF,13841,909758,2500000.0000,9000000.0000,2030-06-30,right,188.0000,https://img.a.transfermarkt.technology/portrait/header/909758-1740775355.jpg?lm=1,Argentina,23.0000
us-10107,César Tárrega,2002,D S,DF,10107,707274,9000000.0000,15000000.0000,2030-06-30,right,194.0000,https://img.a.transfermarkt.technology/portrait/header/707274-1698963222.jpg?lm=1,Spain,24.0000
us-8267,Guido Rodríguez,1994,M,MF,8267,342385,4000000.0000,28000000.0000,2028-06-30,right,185.0000,https://img.a.transfermarkt.technology/portrait/header/342385-1668181269.jpg?lm=1,Argentina,32.0000
us-5062,Yeray Álvarez,1995,D,DF,5062,255488,900000.0000,30000000.0000,2028-06-30,right,182.0000,https://img.a.transfermarkt.technology/portrait/header/255488-1709675129.png?lm=1,Spain,31.0000
us-7308,Ander Barrenetxea,2001,M S,MF,7308,616369,18000000.0000,20000000.0000,2030-06-30,right,175.0000,https://img.a.transfermarkt.technology/portrait/header/616369-1699472801.jpg?lm=1,Spain,25.0000
us-8765,Roberto Navarro,2002,M S,MF,8765,563137,6000000.0000,6000000.0000,2030-06-30,right,178.0000,https://img.a.transfermarkt.technology/portrait/header/563137-1567246327.jpg?lm=1,Spain,24.0000
us-5110,Mariano,,F S,FW,5110,,,,,,,,,
us-10870,Williot Swedberg,2004,F S,FW,10870,764859,20000000.0000,20000000.0000,2029-06-30,right,187.0000,https://img.a.transfermarkt.technology/portrait/header/764859-1765193019.jpg?lm=1,Sweden,22.0000
us-12863,Pedro Díaz,1998,M S,MF,12863,363057,3000000.0000,3000000.0000,2028-06-30,right,180.0000,https://img.a.transfermarkt.technology/portrait/header/363057-1664207844.jpg?lm=1,Spain,28.0000
us-13048,Orri Óskarsson,2004,F S,FW,13048,660438,20000000.0000,20000000.0000,2030-06-30,right,186.0000,https://img.a.transfermarkt.technology/portrait/header/660438-1692090952.jpg?lm=1,Iceland,22.0000
us-8002,Rodrigo Riquelme,2000,M S,MF,8002,461617,4000000.0000,25000000.0000,2030-06-30,right,174.0000,https://img.a.transfermarkt.technology/portrait/header/461617-1701212385.jpg?lm=1,Spain,26.0000
us-14396,Alexander Freeman,2004,D S,DF,14396,985806,3500000.0000,3500000.0000,2032-06-30,right,188.0000,https://img.a.transfermarkt.technology/portrait/header/985806-1740780278.jpg?lm=1,United States,22.0000
us-14715,Riki Rodríguez,,M,MF,14715,,,,,,,,,
us-14001,Nelson Deossa,2000,M S,MF,14001,907559,9000000.0000,10000000.0000,2030-06-30,left,185.0000,https://img.a.transfermarkt.technology/portrait/header/907559-1693600752.JPG?lm=1,Colombia,26.0000
us-13772,Nacho Pérez,2008,D S,DF,13772,1371830,300000.0000,300000.0000,2028-06-30,right,176.0000,https://img.a.transfermarkt.technology/portrait/header/1371830-1783119841.jpg?lm=1,Spain,18.0000
us-14555,Javier Morcillo,2006,M S,MF,14555,1250522,,,2028-06-30,right,183.0000,https://img.a.transfermarkt.technology/portrait/header/1250522-1725605890.jpg?lm=1,Spain,20.0000
us-14393,Thiago Fernández,2004,F M,FW,14393,1127730,4500000.0000,7000000.0000,2031-06-30,right,175.0000,https://img.a.transfermarkt.technology/portrait/header/1127730-1720647640.jpg?lm=1,Argentina,22.0000
us-14801,Ryunosuke Sato,2006,M S,MF,14801,948169,2000000.0000,2000000.0000,2028-06-30,right,171.0000,https://img.a.transfermarkt.technology/portrait/header/948169-1772965432.JPG?lm=1,Japan,20.0000
us-8948,Aitor Paredes,2000,D S,DF,8948,591916,7500000.0000,22000000.0000,2029-06-30,right,185.0000,https://img.a.transfermarkt.technology/portrait/header/591916-1709675052.png?lm=1,Spain,26.0000
us-9755,Inigo Ruiz de Galarreta,1993,M S,MF,9755,126751,2000000.0000,5000000.0000,2027-06-30,right,175.0000,https://img.a.transfermarkt.technology/portrait/header/126751-1709675810.png?lm=1,Spain,33.0000
us-11788,Arouna Sangante,2002,D,DF,11788,768380,8000000.0000,10000000.0000,2031-06-30,right,189.0000,https://img.a.transfermarkt.technology/portrait/header/768380-1738244271.jpg?lm=1,Senegal,24.0000
us-5666,Mouctar Diakhaby,1996,D S,DF,5666,346289,1500000.0000,30000000.0000,2027-06-30,right,192.0000,https://img.a.transfermarkt.technology/portrait/header/346289-1709636432.jpg?lm=1,Guinea,30.0000
us-10494,Pablo Barrios Rivas,2003,M S,MF,10494,775605,55000000.0000,60000000.0000,2030-06-30,right,181.0000,https://img.a.transfermarkt.technology/portrait/header/775605-1699431384.jpg?lm=1,Spain,23.0000
us-12537,Asier Osambela,2004,D M S,DF,12537,1038512,1000000.0000,1000000.0000,2029-06-30,right,186.0000,https://img.a.transfermarkt.technology/portrait/header/1038512-1700857716.png?lm=1,Spain,22.0000
us-14707,Bright Ede,2007,D S,DF,14707,1177033,600000.0000,2000000.0000,2031-06-30,left,193.0000,https://img.a.transfermarkt.technology/portrait/header/1177033-1752826490.JPG?lm=1,Poland,19.0000
us-6945,Youssouf Fofana,1999,M S,MF,6945,569598,23000000.0000,30000000.0000,2028-06-30,right,185.0000,https://img.a.transfermarkt.technology/portrait/header/569598-1725528517.jpg?lm=1,France,27.0000
us-12820,Marc Bernal,2007,M S,MF,12820,1018920,30000000.0000,30000000.0000,2029-06-30,left,193.0000,https://img.a.transfermarkt.technology/portrait/header/1018920-1724052540.jpg?lm=1,Spain,19.0000
us-10078,Hugo Álvarez,2003,D F S,DF,10078,892929,8000000.0000,10000000.0000,2028-06-30,right,176.0000,https://img.a.transfermarkt.technology/portrait/header/892929-1715867247.jpg?lm=1,Spain,23.0000
us-3635,Bernardo Silva,1994,M S,MF,3635,241641,22000000.0000,100000000.0000,2028-06-30,left,173.0000,https://img.a.transfermarkt.technology/portrait/header/241641-1684311533.jpg?lm=1,Portugal,32.0000
us-2308,Denis Suárez,1994,M S,MF,2308,165007,1000000.0000,18000000.0000,2027-06-30,right,176.0000,https://img.a.transfermarkt.technology/portrait/header/165007-1687272769.jpg?lm=1,Spain,32.0000
us-7218,Cristian Romero,1998,D S,DF,7218,355915,45000000.0000,65000000.0000,2029-06-30,right,185.0000,https://img.a.transfermarkt.technology/portrait/header/355915-1665609429.jpg?lm=1,Argentina,28.0000
us-5091,Alex Berenguer,1995,M S,MF,5091,338425,4000000.0000,15000000.0000,2027-06-30,right,175.0000,https://img.a.transfermarkt.technology/portrait/header/338425-1709676212.png?lm=1,Spain,31.0000
us-13837,David Affengruber,2001,D,DF,13837,452483,20000000.0000,20000000.0000,2027-06-30,right,185.0000,https://img.a.transfermarkt.technology/portrait/header/452483-1779272314.jpg?lm=1,Austria,25.0000
us-15066,Roy Revivo,2003,D S,DF,15066,919538,4500000.0000,4500000.0000,2027-06-30,left,185.0000,https://img.a.transfermarkt.technology/portrait/header/919538-1689142204.jpg?lm=1,Israel,23.0000
us-13560,Iván Azón,2002,F M S,FW,13560,633306,3000000.0000,3000000.0000,2029-06-30,right,182.0000,https://img.a.transfermarkt.technology/portrait/header/633306-1732367699.jpg?lm=1,Spain,24.0000
us-11869,Gustavo Puerta,2003,M,MF,11869,936981,10000000.0000,10000000.0000,2029-06-30,right,173.0000,https://img.a.transfermarkt.technology/portrait/header/936981-1695368256.jpg?lm=1,Colombia,23.0000
us-1302,Emil Audero,1997,GK,GK,1302,256339,2800000.0000,15000000.0000,2028-06-30,right,192.0000,https://img.a.transfermarkt.technology/portrait/header/256339-1663679682.jpg?lm=1,Indonesia,29.0000
us-13482,Luken Beitia,2004,D,DF,13482,964190,300000.0000,300000.0000,2029-06-30,right,191.0000,https://img.a.transfermarkt.technology/portrait/header/964190-1732795053.png?lm=1,Spain,22.0000
us-6306,Juan Foyth,1998,D,DF,6306,480763,8000000.0000,25000000.0000,2029-06-30,right,187.0000,https://img.a.transfermarkt.technology/portrait/header/480763-1662668281.jpg?lm=1,Argentina,28.0000
us-5241,Péter Gulácsi,1990,GK,GK,5241,57071,1000000.0000,13000000.0000,2027-06-30,right,193.0000,https://img.a.transfermarkt.technology/portrait/header/57071-1719214600.jpg?lm=1,Hungary,36.0000
us-13839,Marc Aguado,2000,M,MF,13839,531404,3500000.0000,3500000.0000,2027-06-30,left,182.0000,https://img.a.transfermarkt.technology/portrait/header/531404-1709050897.jpg?lm=1,Spain,26.0000
us-13561,Yan Diomande,2006,M S,MF,13561,1390649,90000000.0000,90000000.0000,2030-06-30,right,180.0000,https://img.a.transfermarkt.technology/portrait/header/1390649-1759779499.jpg?lm=1,Cote d'Ivoire,20.0000
us-13836,Álvaro Núñez,2000,D,DF,13836,626953,4000000.0000,6000000.0000,2030-06-30,right,177.0000,https://img.a.transfermarkt.technology/portrait/header/626953-1752919393.jpg?lm=1,Spain,26.0000
us-11959,Matteo Prati,2003,M S,MF,11959,876298,5500000.0000,10000000.0000,2028-06-30,right,185.0000,https://img.a.transfermarkt.technology/portrait/header/876298-1686214955.jpg?lm=1,Italy,23.0000
us-5682,Gonçalo Guedes,1996,M S,MF,5682,225122,6000000.0000,40000000.0000,2028-06-30,right,179.0000,https://img.a.transfermarkt.technology/portrait/header/225122-1701334424.jpg?lm=1,Portugal,30.0000
us-7276,Robin Le Normand,1996,D S,DF,7276,351809,20000000.0000,40000000.0000,2029-06-30,right,187.0000,https://img.a.transfermarkt.technology/portrait/header/351809-1707948228.jpg?lm=1,Spain,30.0000
us-13376,Pablo García,,M S,MF,13376,,,,,,,,,
us-12297,David Otorbi,2007,M S,MF,12297,1009766,500000.0000,500000.0000,2028-06-30,right,180.0000,https://img.a.transfermarkt.technology/portrait/header/1009766-1724053276.jpg?lm=1,Spain,19.0000
us-12914,Pau Navarro,2005,D,DF,12914,1061336,15000000.0000,15000000.0000,2030-06-30,right,185.0000,https://img.a.transfermarkt.technology/portrait/header/1061336-1734596703.jpg?lm=1,Spain,21.0000
us-9465,Beñat Turrientes,2002,M S,MF,9465,634431,10000000.0000,20000000.0000,2030-06-30,right,181.0000,https://img.a.transfermarkt.technology/portrait/header/634431-1702416501.jpg?lm=1,Spain,24.0000
us-13845,Valentín Gómez,2003,D S,DF,13845,985383,12000000.0000,12000000.0000,2030-06-30,left,181.0000,https://img.a.transfermarkt.technology/portrait/header/985383-1758783099.jpg?lm=1,Argentina,23.0000
us-10082,Hugo Gonzalez,2003,F,FW,10082,707279,300000.0000,300000.0000,2028-06-30,right,177.0000,https://img.a.transfermarkt.technology/portrait/header/707279-1698962824.jpg?lm=1,Spain,23.0000
us-5173,Asier Villalibre,1997,F S,FW,5173,251897,2500000.0000,4500000.0000,2026-06-30,left,182.0000,https://img.a.transfermarkt.technology/portrait/header/251897-1709676417.png?lm=1,Spain,29.0000
us-2198,Moi Gómez,1994,M S,MF,2198,175449,1500000.0000,10000000.0000,2027-06-30,right,176.0000,https://img.a.transfermarkt.technology/portrait/header/175449-1664970613.jpg?lm=1,Spain,32.0000
us-14691,Facu González,,D S,DF,14691,,,,,,,,,
us-10949,Arnau Martinez,2003,D S,DF,10949,826224,10000000.0000,15000000.0000,2027-06-30,right,182.0000,https://img.a.transfermarkt.technology/portrait/header/826224-1701444094.jpg?lm=1,Spain,23.0000
us-257,Jeremy Toljan,1994,D S,DF,257,129674,2000000.0000,6000000.0000,2027-06-30,right,182.0000,https://img.a.transfermarkt.technology/portrait/header/129674-1692277806.jpg?lm=1,Germany,32.0000
us-6637,Hugo Duro,1999,F S,FW,6637,573775,12000000.0000,16000000.0000,2028-06-30,left,177.0000,https://img.a.transfermarkt.technology/portrait/header/573775-1683213249.jpg?lm=1,Spain,27.0000
us-10095,Abdessamad Ezzalzouli,2001,F M S,FW,10095,724520,40000000.0000,40000000.0000,2029-06-30,right,177.0000,https://img.a.transfermarkt.technology/portrait/header/724520-1758782814.jpg?lm=1,Morocco,25.0000
us-11154,Pablo Durán,2001,F S,FW,11154,905997,4000000.0000,4000000.0000,2028-06-30,right,176.0000,https://img.a.transfermarkt.technology/portrait/header/905997-1761577329.jpg?lm=1,Spain,25.0000
us-6759,Juan Cruz,,F M S,FW,6759,,,,,,,,,
us-9814,Andrés Martín,1997,M,MF,9814,251878,5000000.0000,20000000.0000,2027-06-30,left,178.0000,https://img.a.transfermarkt.technology/portrait/header/251878-1730126148.jpg?lm=1,Spain,29.0000
us-14915,Jonathan Dubasin,,M S,MF,14915,,,,,,,,,
us-11834,Adrià Alti,,D M S,DF,11834,,,,,,,,,
us-14364,Job Ochieng,2003,M S,MF,14364,1105810,,,2028-06-30,right,185.0000,https://img.a.transfermarkt.technology/portrait/header/1105810-1732795774.png?lm=1,Kenya,23.0000
us-8292,Dani Olmo,1998,M S,MF,8292,293385,60000000.0000,60000000.0000,2030-06-30,right,179.0000,https://img.a.transfermarkt.technology/portrait/header/293385-1780663091.jpg?lm=1,Spain,28.0000
us-7359,Eduardo Camavinga,2002,M S,MF,7359,640428,50000000.0000,100000000.0000,2029-06-30,left,182.0000,https://img.a.transfermarkt.technology/portrait/header/640428-1668500874.jpg?lm=1,France,24.0000
us-7385,Javi Galán,1994,D S,DF,7385,448628,1800000.0000,12000000.0000,2028-06-30,left,172.0000,https://img.a.transfermarkt.technology/portrait/header/448628-1706112804.jpg?lm=1,Spain,32.0000
us-5140,Kike Barja,1997,M S,MF,5140,298575,1500000.0000,4000000.0000,2028-06-30,right,179.0000,https://img.a.transfermarkt.technology/portrait/header/298575-1583310743.jpg?lm=1,Spain,29.0000
us-9444,Felix Correia,2001,M,MF,9444,479648,10000000.0000,10000000.0000,2029-06-30,right,178.0000,https://img.a.transfermarkt.technology/portrait/header/479648-1710239596.jpg?lm=1,Portugal,25.0000
us-12180,Javier Rodríguez,,D S,DF,12180,,,,,,,,,
us-12620,Jonathan Asp Jensen,2006,F M S,FW,12620,856274,4000000.0000,4000000.0000,2028-06-30,right,182.0000,https://img.a.transfermarkt.technology/portrait/header/856274-1739807845.jpg?lm=1,Denmark,20.0000
us-13313,Nicolás Valentini,2001,D S,DF,13313,860992,3000000.0000,6000000.0000,2029-06-30,left,187.0000,https://img.a.transfermarkt.technology/portrait/header/860992-1711028718.jpg?lm=1,Argentina,25.0000
us-14735,Rafa Rodríguez,,M S,MF,14735,,,,,,,,,
us-8001,Takefusa Kubo,2001,M S,MF,8001,405398,20000000.0000,60000000.0000,2029-06-30,left,173.0000,https://img.a.transfermarkt.technology/portrait/header/405398-1697110254.jpg?lm=1,Japan,25.0000
us-14800,Justin de Haas,2000,D,DF,14800,420196,7000000.0000,7000000.0000,2030-06-30,left,194.0000,https://img.a.transfermarkt.technology/portrait/header/420196-1605471356.jpg?lm=1,Netherlands,26.0000
us-10772,Karim Adeyemi,2002,F M S,FW,10772,496094,40000000.0000,60000000.0000,2027-06-30,left,180.0000,https://img.a.transfermarkt.technology/portrait/header/496094-1712859708.jpg?lm=1,Germany,24.0000
us-7050,Lucas Torró,1994,M S,MF,7050,213670,2500000.0000,8000000.0000,2027-06-30,right,190.0000,https://img.a.transfermarkt.technology/portrait/header/213670-1732219931.jpg?lm=1,Spain,32.0000
us-11362,Facundo Buonanotte,2004,M S,MF,11362,983989,12000000.0000,22000000.0000,2028-06-30,left,174.0000,https://img.a.transfermarkt.technology/portrait/header/983989-1682588141.jpg?lm=1,Argentina,22.0000
us-13727,Quilindschy Hartman,2001,D M S,DF,13727,514285,16000000.0000,23000000.0000,2027-06-30,left,183.0000,https://img.a.transfermarkt.technology/portrait/header/514285-1723820103.jpg?lm=1,Netherlands,25.0000
us-8500,Víctor García,1997,M S,MF,8500,590690,1500000.0000,1500000.0000,2027-06-30,right,180.0000,https://img.a.transfermarkt.technology/portrait/header/590690-1702510605.png?lm=1,Spain,29.0000
us-14802,Aliou Dieng,1997,M S,MF,14802,410427,,,2026-06-30,right,184.0000,https://img.a.transfermarkt.technology/portrait/header/410427-1615125228.jpg?lm=1,Mali,29.0000
us-13123,Peio Canales,2005,M S,MF,13123,1056966,,,2026-06-30,right,175.0000,https://img.a.transfermarkt.technology/portrait/header/1056966-1709678026.png?lm=1,Spain,21.0000
us-2290,Iago Aspas,1987,F S,FW,2290,72047,1600000.0000,25000000.0000,2027-06-30,left,176.0000,https://img.a.transfermarkt.technology/portrait/header/72047-1758827533.jpg?lm=1,Spain,39.0000
us-12323,Johnny Cardoso,2001,M S,MF,12323,689505,20000000.0000,25000000.0000,2030-06-30,right,186.0000,https://img.a.transfermarkt.technology/portrait/header/689505-1742036970.jpg?lm=1,United States,25.0000
us-7655,Carl Starfelt,1995,D S,DF,7655,258987,4500000.0000,6500000.0000,2027-06-30,right,185.0000,https://img.a.transfermarkt.technology/portrait/header/258987-1758827268.jpg?lm=1,Sweden,31.0000
us-1822,Antonio Rüdiger,1993,D S,DF,1822,86202,6000000.0000,50000000.0000,2027-06-30,right,190.0000,https://img.a.transfermarkt.technology/portrait/header/86202-1684484602.jpg?lm=1,Germany,33.0000
us-14714,Miguel Loureiro,,D S,DF,14714,,,,,,,,,
us-14400,Lucas Cepeda,2002,F S,FW,14400,912392,2500000.0000,3500000.0000,2030-06-30,left,177.0000,https://img.a.transfermarkt.technology/portrait/header/912392-1707516783.jpg?lm=1,Chile,24.0000
us-10143,Bryan Zaragoza,2001,M S,MF,10143,713644,8000000.0000,12000000.0000,2029-06-30,right,164.0000,https://img.a.transfermarkt.technology/portrait/header/713644-1714503809.jpg?lm=1,Spain,25.0000
us-12263,Mikel Jauregizar,2003,M S,MF,12263,938729,30000000.0000,35000000.0000,2031-06-30,right,177.0000,https://img.a.transfermarkt.technology/portrait/header/938729-1709675994.png?lm=1,Spain,23.0000
us-10300,Jeanuël Belocian,2005,D S,DF,10300,919515,12000000.0000,20000000.0000,2029-06-30,left,186.0000,https://img.a.transfermarkt.technology/portrait/header/919515-1727378177.jpg?lm=1,France,21.0000
us-12305,Isaac Romero,2000,F S,FW,12305,687609,5000000.0000,18000000.0000,2028-06-30,left,183.0000,https://img.a.transfermarkt.technology/portrait/header/687609-1762342231.jpg?lm=1,Spain,26.0000
us-8108,Daniel Cárdenas,1997,GK S,GK,8108,397676,1800000.0000,2000000.0000,2027-06-30,right,186.0000,https://img.a.transfermarkt.technology/portrait/header/397676-1663571879.jpg?lm=1,Spain,29.0000
us-12893,Enzo Boyomo,2001,D S,DF,12893,541555,15000000.0000,20000000.0000,2029-06-30,right,184.0000,https://img.a.transfermarkt.technology/portrait/header/541555-1728038860.jpg?lm=1,Cameroon,25.0000
us-15026,Rockson Yeboah,2004,D S,DF,15026,1149188,300000.0000,300000.0000,2028-12-31,right,189.0000,https://img.a.transfermarkt.technology/portrait/header/1149188-1783519538.jpg?lm=1,Ghana,22.0000
us-1791,Trent Alexander-Arnold,1998,D S,DF,1791,314353,60000000.0000,110000000.0000,2031-06-30,right,180.0000,https://img.a.transfermarkt.technology/portrait/header/314353-1701680958.jpg?lm=1,England,28.0000
us-10576,Álvaro Fernández,1998,D S,DF,10576,453704,2500000.0000,4000000.0000,2027-06-30,right,185.0000,https://img.a.transfermarkt.technology/portrait/header/453704-1694431085.jpg?lm=1,Spain,28.0000
us-13601,Marcos Fernández,2002,M S,MF,13601,720518,10000000.0000,10000000.0000,2031-06-30,right,186.0000,https://img.a.transfermarkt.technology/portrait/header/720518-1732827310.jpg?lm=1,Spain,24.0000
us-13838,Ali Houary,2005,M,MF,13838,1064538,,,2028-06-30,right,178.0000,https://img.a.transfermarkt.technology/portrait/header/default.jpg?lm=1,Morocco,21.0000
us-13057,Lucas Stassin,2004,F S,FW,13057,655012,15000000.0000,18000000.0000,2028-06-30,right,183.0000,https://img.a.transfermarkt.technology/portrait/header/655012-1727721924.jpg?lm=1,Belgium,22.0000
us-13809,Giorgi Tsitaishvili,2000,M S,MF,13809,419067,3000000.0000,3000000.0000,,left,171.0000,https://img.a.transfermarkt.technology/portrait/header/419067-1742510704.jpg?lm=1,Georgia,26.0000
us-5672,Iván Balliu,1992,D S,DF,5672,85295,1000000.0000,4000000.0000,2027-06-30,right,172.0000,https://img.a.transfermarkt.technology/portrait/header/85295-1688119678.jpg?lm=1,Albania,34.0000
us-2379,João Cancelo,1994,D S,DF,2379,182712,8000000.0000,70000000.0000,2027-06-30,right,182.0000,https://img.a.transfermarkt.technology/portrait/header/182712-1675080937.jpg?lm=1,Portugal,32.0000
us-10858,Jorge Herrando,2001,D,DF,10858,555500,3500000.0000,6000000.0000,2030-06-30,left,192.0000,https://img.a.transfermarkt.technology/portrait/header/555500-1732219992.jpg?lm=1,Spain,25.0000
us-15028,Gnangoro,,M S,MF,15028,,,,,,,,,
us-8694,Chidera Ejuke,1998,F S,FW,8694,500067,4000000.0000,9000000.0000,2027-06-30,right,176.0000,https://img.a.transfermarkt.technology/portrait/header/500067-1706264992.jpg?lm=1,Nigeria,28.0000
us-2353,Pedro Bigas,1990,D S,DF,2353,203043,300000.0000,5000000.0000,2027-06-30,left,181.0000,https://img.a.transfermarkt.technology/portrait/header/203043-1447321397.jpg?lm=1,Spain,36.0000
us-14924,Yeremay Hernández,,M S,MF,14924,,,,,,,,,
us-15064,Sebastián Cáceres,1999,D,DF,15064,532389,4500000.0000,7000000.0000,2027-06-30,right,180.0000,https://img.a.transfermarkt.technology/portrait/header/532389-1774479408.jpg?lm=1,Uruguay,27.0000
us-4193,Aitor Fernández,1991,GK,GK,4193,118997,500000.0000,10000000.0000,2027-06-30,right,182.0000,https://img.a.transfermarkt.technology/portrait/header/118997-1683281584.jpg?lm=1,Spain,35.0000
us-14452,Aaron Mayol,2008,M,MF,14452,1515724,,,2029-06-30,,,https://img.a.transfermarkt.technology/portrait/header/default.jpg?lm=1,Spain,18.0000
us-6560,Aurelien Tchouameni,2000,M S,MF,6560,413112,70000000.0000,100000000.0000,2028-06-30,right,188.0000,https://img.a.transfermarkt.technology/portrait/header/413112-1668500754.jpg?lm=1,France,26.0000
us-10121,Ilias Akhomach,2004,M S,MF,10121,709969,12000000.0000,15000000.0000,2028-06-30,left,175.0000,https://img.a.transfermarkt.technology/portrait/header/709969-1636472170.jpg?lm=1,Morocco,22.0000
us-7020,Gorka Guruzeta,1996,F S,FW,7020,340205,5000000.0000,18000000.0000,2028-06-30,right,188.0000,https://img.a.transfermarkt.technology/portrait/header/340205-1709676375.png?lm=1,Spain,30.0000
us-8425,Giorgi Kochorashvili,1999,M S,MF,8425,405564,4000000.0000,6000000.0000,2030-06-30,right,178.0000,https://img.a.transfermarkt.technology/portrait/header/405564-1759133137.jpg?lm=1,Georgia,27.0000
us-12994,Gabriel Moscardo,2005,M S,MF,12994,1086636,7000000.0000,15000000.0000,2027-06-30,right,185.0000,https://img.a.transfermarkt.technology/portrait/header/1086636-1724752763.png?lm=1,Brazil,21.0000
us-7842,Aleix Febas,1996,M,MF,7842,217144,5000000.0000,5000000.0000,2029-06-30,right,172.0000,https://img.a.transfermarkt.technology/portrait/header/217144-1448531418.jpg?lm=1,Spain,30.0000
us-8145,Troy Parrott,2002,F S,FW,8145,552655,25000000.0000,25000000.0000,2029-06-30,right,185.0000,https://img.a.transfermarkt.technology/portrait/header/552655-1721657549.jpg?lm=1,Ireland,24.0000
us-3425,Thomas Lemar,1995,M S,MF,3425,205562,1800000.0000,70000000.0000,2027-06-30,left,171.0000,https://img.a.transfermarkt.technology/portrait/header/205562-1686662075.jpg?lm=1,France,31.0000
us-10352,Johaneko Louis Jean,1995,D S,DF,10352,371231,550000.0000,2000000.0000,2026-12-31,left,187.0000,https://img.a.transfermarkt.technology/portrait/header/371231-1687403938.jpg?lm=1,Brazil,31.0000
us-6749,Mujaid Sadick,2000,D S,DF,6749,497663,5000000.0000,8000000.0000,2028-06-30,right,183.0000,https://img.a.transfermarkt.technology/portrait/header/497663-1714036674.png?lm=1,Spain,26.0000
us-14931,Abiel Osorio,2002,F S,FW,14931,991773,1500000.0000,2500000.0000,2026-06-30,right,182.0000,https://img.a.transfermarkt.technology/portrait/header/991773-1770650623.jpg?lm=1,Argentina,24.0000
us-8584,Raul Moro,2002,M S,MF,8584,624942,3500000.0000,7500000.0000,2031-06-30,right,169.0000,https://img.a.transfermarkt.technology/portrait/header/624942-1750837010.jpg?lm=1,Spain,24.0000
us-14916,Unai Santos,2005,D,DF,14916,1065454,,,2028-06-30,left,180.0000,https://img.a.transfermarkt.technology/portrait/header/1065454-1732220488.jpg?lm=1,Spain,21.0000
us-13615,Oso,2003,M,MF,13615,1032280,10000000.0000,10000000.0000,2027-06-30,left,183.0000,https://img.a.transfermarkt.technology/portrait/header/1032280-1774905283.jpg?lm=1,Spain,23.0000
us-8636,Jonathan Christian David,2000,F S,FW,8636,533738,30000000.0000,60000000.0000,2030-06-30,both,178.0000,https://img.a.transfermarkt.technology/portrait/header/533738-1760114012.jpg?lm=1,Canada,26.0000
us-6433,Jules Koundé,1998,D S,DF,6433,411975,60000000.0000,65000000.0000,2030-06-30,right,181.0000,https://img.a.transfermarkt.technology/portrait/header/411975-1702502639.jpg?lm=1,France,28.0000
us-12742,Peque,,M S,MF,12742,,,,,,,,,
us-13361,Jones El Abdellaoui,2006,D F S,DF,13361,960571,8000000.0000,8000000.0000,2029-06-30,right,184.0000,https://img.a.transfermarkt.technology/portrait/header/960571-1720825911.jpg?lm=1,Morocco,20.0000
us-13840,Martim Neto,2003,M S,MF,13840,549027,4000000.0000,5000000.0000,2028-06-30,right,185.0000,https://img.a.transfermarkt.technology/portrait/header/549027-1737124895.jpg?lm=1,Portugal,23.0000
us-8424,Aimar Oroz,2001,F M S,FW,8424,634131,7500000.0000,15000000.0000,2029-06-30,right,177.0000,https://img.a.transfermarkt.technology/portrait/header/634131-1732220023.jpg?lm=1,Spain,25.0000
us-9813,Randy Nteka,1997,F S,FW,9813,560483,1000000.0000,4000000.0000,2028-06-30,left,189.0000,https://img.a.transfermarkt.technology/portrait/header/560483-1600680162.jpg?lm=1,Angola,29.0000
us-12298,Augusto Batalla,1996,GK,GK,12298,275218,6000000.0000,6000000.0000,2030-06-30,right,185.0000,https://img.a.transfermarkt.technology/portrait/header/275218-1775761484.jpg?lm=1,Argentina,30.0000
us-6485,Júnior Firpo,1996,D,DF,6485,374139,3500000.0000,25000000.0000,2028-06-30,left,184.0000,https://img.a.transfermarkt.technology/portrait/header/374139-1724939835.jpg?lm=1,Dominican Republic,30.0000
us-11253,Mamadou Sarr,2005,D,DF,11253,910905,22000000.0000,25000000.0000,2033-06-30,right,194.0000,https://img.a.transfermarkt.technology/portrait/header/910905-1773787147.jpg?lm=1,Senegal,21.0000
us-1450,Umar Sadiq,1997,F S,FW,1450,337715,4000000.0000,18000000.0000,2028-06-30,right,191.0000,https://img.a.transfermarkt.technology/portrait/header/337715-1728040426.jpg?lm=1,Nigeria,29.0000
us-14681,Mikel Rodríguez,2000,M S,MF,14681,608382,200000.0000,200000.0000,2026-06-30,right,195.0000,https://img.a.transfermarkt.technology/portrait/header/default.jpg?lm=1,Argentina,26.0000
us-11151,Marc Casadó,2003,M S,MF,11151,636695,18000000.0000,30000000.0000,2028-06-30,right,172.0000,https://img.a.transfermarkt.technology/portrait/header/636695-1729771427.jpg?lm=1,Spain,23.0000
us-14722,Arnau Ortiz,2001,M S,MF,14722,802046,,,2028-06-30,both,175.0000,https://img.a.transfermarkt.technology/portrait/header/802046-1721153036.jpg?lm=1,Spain,25.0000
us-5043,Kiko Femenía,1991,D,DF,5043,76467,700000.0000,6000000.0000,2027-06-30,right,174.0000,https://img.a.transfermarkt.technology/portrait/header/76467-1726231817.jpg?lm=1,Spain,35.0000
us-11826,Carlos Benavídez,,M S,MF,11826,,,,,,,,,
us-14689,Maguette Gueye,2003,M S,MF,14689,1111050,,,2028-06-30,right,185.0000,https://img.a.transfermarkt.technology/portrait/header/1111050-1724949046.jpg?lm=1,Senegal,23.0000
us-13278,Youssef Lekhedim,,S,FW,13278,,,,,,,,,
us-10944,Fran Pérez,2002,M S,MF,10944,622988,2500000.0000,8000000.0000,2029-06-30,right,176.0000,https://img.a.transfermarkt.technology/portrait/header/622988-1683212780.jpg?lm=1,Spain,24.0000
us-14324,Iker Luque,2005,M S,MF,14324,1179482,,,2028-06-30,right,168.0000,https://img.a.transfermarkt.technology/portrait/header/1179482-1731933191.jpg?lm=1,Spain,21.0000
us-2163,Diego Llorente,1993,D,DF,2163,246291,2500000.0000,25000000.0000,2028-06-30,right,186.0000,https://img.a.transfermarkt.technology/portrait/header/246291-1675246130.jpg?lm=1,Spain,33.0000
us-13936,Jon Gorrotxategi,2002,M S,MF,13936,711374,25000000.0000,25000000.0000,2030-06-30,right,177.0000,https://img.a.transfermarkt.technology/portrait/header/711374-1727113195.jpg?lm=1,Spain,24.0000
us-14710,David Mella,,M S,MF,14710,,,,,,,,,
us-13374,Ángel Ortiz,2004,D,DF,13374,933908,4000000.0000,4000000.0000,2029-06-30,right,167.0000,https://img.a.transfermarkt.technology/portrait/header/933908-1758782759.jpg?lm=1,Spain,22.0000
us-900,Adama Traoré,,S,FW,900,,,,,,,,,
us-14688,Sergio Martínez,1992,M,MF,14688,598769,2800000.0000,3500000.0000,2028-12-31,left,176.0000,https://img.a.transfermarkt.technology/portrait/header/598769-1724351256.png?lm=1,Argentina,34.0000
us-13694,Jozhua Vertrouwd,2004,D,DF,13694,765467,2000000.0000,3000000.0000,2026-06-30,left,187.0000,https://img.a.transfermarkt.technology/portrait/header/765467-1691072211.jpg?lm=1,Netherlands,22.0000
us-11057,André Almeida,2000,M S,MF,11057,375382,6000000.0000,20000000.0000,2029-06-30,right,176.0000,https://img.a.transfermarkt.technology/portrait/header/375382-1547563680.png?lm=1,Portugal,26.0000
us-7916,Pol Lozano,1999,M S,MF,7916,412045,6000000.0000,6000000.0000,2027-06-30,right,176.0000,https://img.a.transfermarkt.technology/portrait/header/412045-1568028635.jpg?lm=1,Spain,27.0000
us-2057,Ezequiel Ponce,1997,F S,FW,2057,296783,4000000.0000,7000000.0000,2027-06-30,right,181.0000,https://img.a.transfermarkt.technology/portrait/header/296783-1771689308.jpg?lm=1,Argentina,29.0000
us-14389,Sebastián Boselli,2003,D S,DF,14389,898352,1500000.0000,4000000.0000,2030-06-30,right,183.0000,https://img.a.transfermarkt.technology/portrait/header/898352-1739826537.jpg?lm=1,Uruguay,23.0000
us-5133,Aarón Martín,1997,D S,DF,5133,251878,5000000.0000,20000000.0000,2027-06-30,left,178.0000,https://img.a.transfermarkt.technology/portrait/header/251878-1730126148.jpg?lm=1,Spain,29.0000
us-7870,Luis Rioja,1993,D S,DF,7870,278837,1800000.0000,4000000.0000,2027-06-30,left,176.0000,https://img.a.transfermarkt.technology/portrait/header/278837-1647530464.jpg?lm=1,Spain,33.0000
us-5058,Carles Aleñá,1998,M S,MF,5058,284854,3000000.0000,30000000.0000,2029-06-30,left,180.0000,https://img.a.transfermarkt.technology/portrait/header/284854-1669364902.jpg?lm=1,Spain,28.0000
us-11216,Rodrigo Mendoza,2005,M S,MF,11216,961297,20000000.0000,20000000.0000,2031-06-30,right,182.0000,https://img.a.transfermarkt.technology/portrait/header/961297-1765462791.jpg?lm=1,Spain,21.0000
us-14712,Diego Villares,,S,FW,14712,,,,,,,,,
us-10449,Vanja Drkusic,1999,D S,DF,10449,371856,5000000.0000,5000000.0000,2029-06-30,right,186.0000,https://img.a.transfermarkt.technology/portrait/header/371856-1756746566.png?lm=1,Slovenia,27.0000
us-12115,Adrián Niño,2004,S,FW,12115,926849,500000.0000,500000.0000,2029-06-30,right,184.0000,https://img.a.transfermarkt.technology/portrait/header/926849-1731933033.jpg?lm=1,Spain,22.0000
us-13035,Daniel Requena,2004,F S,FW,13035,945709,400000.0000,400000.0000,2026-06-30,right,186.0000,https://img.a.transfermarkt.technology/portrait/header/default.jpg?lm=1,Spain,22.0000
us-5065,Diego Rico,1993,D,DF,5065,249513,1000000.0000,10000000.0000,,left,183.0000,https://img.a.transfermarkt.technology/portrait/header/249513-1697221474.jpg?lm=1,Spain,33.0000
us-12189,Hugo Rincón,2003,D S,DF,12189,834487,3500000.0000,3500000.0000,2028-06-30,right,183.0000,https://img.a.transfermarkt.technology/portrait/header/834487-1709677097.png?lm=1,Spain,23.0000
us-12903,Rafael Bauza,2005,M S,MF,12903,1178721,,,2028-06-30,right,183.0000,https://img.a.transfermarkt.technology/portrait/header/default.jpg?lm=1,Spain,21.0000
us-13788,Davinchi,2007,D S,DF,13788,1268764,1000000.0000,1000000.0000,2028-06-30,left,182.0000,https://img.a.transfermarkt.technology/portrait/header/1268764-1732577167.jpg?lm=1,Spain,19.0000
us-9381,Saba Sazonov,2002,D S,DF,9381,655456,800000.0000,3000000.0000,,right,194.0000,https://img.a.transfermarkt.technology/portrait/header/655456-1695386095.jpg?lm=1,Georgia,24.0000
us-14059,Alemão,1998,S,FW,14059,560417,4000000.0000,4000000.0000,2030-06-30,right,182.0000,https://img.a.transfermarkt.technology/portrait/header/560417-1775761327.jpg?lm=1,Brazil,28.0000
us-6421,Brahim Diaz,1999,M S,MF,6421,314678,35000000.0000,45000000.0000,2027-06-30,both,170.0000,https://img.a.transfermarkt.technology/portrait/header/314678-1744193327.jpg?lm=1,Morocco,27.0000
us-9520,Hugo Sotelo,2003,M S,MF,9520,892221,5000000.0000,12000000.0000,2028-06-30,right,180.0000,https://img.a.transfermarkt.technology/portrait/header/892221-1758827715.jpg?lm=1,Spain,23.0000
us-6126,Ander Guevara,1997,M S,MF,6126,465967,2500000.0000,7500000.0000,2027-06-30,right,180.0000,https://img.a.transfermarkt.technology/portrait/header/465967-1705338008.jpg?lm=1,Spain,29.0000
us-13483,Alex Marchal,2007,S,FW,13483,1201530,800000.0000,800000.0000,2029-06-30,right,180.0000,https://img.a.transfermarkt.technology/portrait/header/1201530-1774346307.jpg?lm=1,Spain,19.0000
us-13002,Iker Córdoba,2005,S,FW,13002,834463,500000.0000,500000.0000,2026-06-30,left,190.0000,https://img.a.transfermarkt.technology/portrait/header/default.jpg?lm=1,Spain,21.0000
us-14734,Ramón Enríquez,,S,FW,14734,,,,,,,,,
us-14607,Nico Guillén,2008,M S,MF,14607,1236856,,,2029-06-30,left,185.0000,https://img.a.transfermarkt.technology/portrait/header/1236856-1771593050.jpg?lm=1,Spain,18.0000
us-9297,Abdelkabir Abqar,1999,D S,DF,9297,559979,3500000.0000,7500000.0000,2028-06-30,right,188.0000,https://img.a.transfermarkt.technology/portrait/header/559979-1705337125.jpg?lm=1,Morocco,27.0000
us-7186,Juan Berrocal,1999,D S,DF,7186,461843,1500000.0000,2200000.0000,2026-06-30,both,187.0000,https://img.a.transfermarkt.technology/portrait/header/461843-1771527114.jpg?lm=1,Spain,27.0000
us-14233,Dani Martinez,2004,D,DF,14233,945763,,,2027-06-30,left,186.0000,https://img.a.transfermarkt.technology/portrait/header/945763-1731932569.jpg?lm=1,Spain,22.0000
us-14042,Dominik Livakovic,1995,GK,GK,14042,205927,4000000.0000,15000000.0000,2028-06-30,right,188.0000,https://img.a.transfermarkt.technology/portrait/header/205927-1757500641.jpg?lm=1,Croatia,31.0000
us-13455,José Ángel López,2006,D,DF,13455,1258838,,,2029-06-30,right,175.0000,https://img.a.transfermarkt.technology/portrait/header/default.jpg?lm=1,Spain,20.0000
us-10874,Ángel Fortuño,2001,GK,GK,10874,628487,300000.0000,400000.0000,2030-06-30,right,183.0000,https://img.a.transfermarkt.technology/portrait/header/628487-1747339466.jpg?lm=1,Spain,25.0000
us-9198,Unai Marrero,2001,GK,GK,9198,625657,1000000.0000,1000000.0000,2030-06-30,right,189.0000,https://img.a.transfermarkt.technology/portrait/header/625657-1692370133.jpg?lm=1,Spain,25.0000
us-10067,Rubén Sánchez,2006,S,FW,10067,1186244,,,2027-06-30,left,,https://img.a.transfermarkt.technology/portrait/header/default.jpg?lm=1,Spain,20.0000
us-14222,Aitor Mañas,2003,F S,FW,14222,935232,600000.0000,600000.0000,2030-06-30,left,185.0000,https://img.a.transfermarkt.technology/portrait/header/default.jpg?lm=1,Spain,23.0000
us-14693,Íñigo Sainz-Maza,2005,M S,MF,14693,905011,45000000.0000,45000000.0000,2030-06-30,right,180.0000,https://img.a.transfermarkt.technology/portrait/header/905011-1758702817.jpg?lm=1,Algeria,21.0000
us-9812,Isi Palazón,1994,M,MF,9812,362086,2800000.0000,12000000.0000,2028-06-30,left,169.0000,https://img.a.transfermarkt.technology/portrait/header/362086-1726662958.jpg?lm=1,Spain,32.0000
us-8200,Logan Costa,2001,D,DF,8200,484988,15000000.0000,18000000.0000,2030-06-30,right,190.0000,https://img.a.transfermarkt.technology/portrait/header/484988-1708555203.jpg?lm=1,Cape Verde,25.0000
us-14122,Pedro Felipe,2004,D S,DF,14122,1082581,1500000.0000,1500000.0000,2029-06-30,right,190.0000,https://img.a.transfermarkt.technology/portrait/header/1082581-1670983210.jpeg?lm=1,Brazil,22.0000
us-14323,Julio Díaz,2005,M S,MF,14323,945753,,,2028-06-30,left,174.0000,https://img.a.transfermarkt.technology/portrait/header/945753-1731932642.jpg?lm=1,Spain,21.0000
us-6916,Fernando Calero,1995,D,DF,6916,357884,2000000.0000,10000000.0000,,right,184.0000,https://img.a.transfermarkt.technology/portrait/header/357884-1447238696.jpg?lm=1,Spain,31.0000
us-14709,Zakaria Eddahchouri,,S,FW,14709,,,,,,,,,
us-10846,Julián Álvarez,2000,S,FW,10846,576024,100000000.0000,100000000.0000,2030-06-30,right,170.0000,https://img.a.transfermarkt.technology/portrait/header/576024-1684920938.jpg?lm=1,Argentina,26.0000
us-7546,Harvey Elliott,2003,S,FW,7546,565822,20000000.0000,35000000.0000,2027-06-30,left,170.0000,https://img.a.transfermarkt.technology/portrait/header/565822-1665128076.jpg?lm=1,England,23.0000
us-14342,Petar Ratkov,2003,F S,FW,14342,846254,9000000.0000,10000000.0000,2030-06-30,right,193.0000,https://img.a.transfermarkt.technology/portrait/header/846254-1770273673.jpg?lm=1,Serbia,23.0000
us-9804,Gavi,2004,M S,MF,9804,646740,30000000.0000,90000000.0000,2030-06-30,right,173.0000,https://img.a.transfermarkt.technology/portrait/header/646740-1682685701.jpg?lm=1,Spain,22.0000
us-13417,Maroan Sannadi,2001,S,FW,13417,1054934,3000000.0000,10000000.0000,2029-06-30,right,192.0000,https://img.a.transfermarkt.technology/portrait/header/1054934-1736857054.jpg?lm=1,Morocco,25.0000
us-10325,Juan Carlos Arana,2003,F S,FW,10325,1280914,,,,,,https://img.a.transfermarkt.technology/portrait/header/default.jpg?lm=1,Ecuador,23.0000
us-14500,Andrés Antañón,2007,F,FW,14500,1293040,,,2027-06-30,right,183.0000,https://img.a.transfermarkt.technology/portrait/header/default.jpg?lm=1,Spain,19.0000
us-12864,Pelayo Fernández,2003,D S,DF,12864,692208,,,2028-06-30,right,193.0000,https://img.a.transfermarkt.technology/portrait/header/default.jpg?lm=1,Spain,23.0000
us-10101,Carlos Martín,2002,M,MF,10101,618813,1500000.0000,4000000.0000,2029-06-30,right,184.0000,https://img.a.transfermarkt.technology/portrait/header/618813-1707924109.jpg?lm=1,Spain,24.0000
us-13770,Paco Cortés,2007,M S,MF,13770,1232057,1500000.0000,1500000.0000,2028-06-30,right,178.0000,https://img.a.transfermarkt.technology/portrait/header/1232057-1761232668.jpg?lm=1,Spain,19.0000
us-2446,Dani Ceballos,1996,S,FW,2446,319745,7000000.0000,45000000.0000,,right,179.0000,https://img.a.transfermarkt.technology/portrait/header/319745-1723666162.jpg?lm=1,Spain,30.0000
us-1040,Angelino,1997,D,DF,1040,277179,4500000.0000,35000000.0000,2028-06-30,left,171.0000,https://img.a.transfermarkt.technology/portrait/header/277179-1706626191.jpg?lm=1,Spain,29.0000
us-14733,Eneko Jauregi,,F S,FW,14733,,,,,,,,,
us-4175,Pere Milla,1992,S,FW,4175,225593,1000000.0000,3000000.0000,2027-06-30,left,180.0000,https://img.a.transfermarkt.technology/portrait/header/225593-1541151194.jpg?lm=1,Spain,34.0000
us-9809,José Ángel Carmona,2002,S,FW,9809,711625,12000000.0000,12000000.0000,2028-06-30,right,184.0000,https://img.a.transfermarkt.technology/portrait/header/711625-1696862897.jpg?lm=1,Spain,24.0000
us-13996,Tani Oluwaseyi,2000,S,FW,13996,972465,7000000.0000,8000000.0000,2030-06-30,left,187.0000,https://img.a.transfermarkt.technology/portrait/header/972465-1758059359.jpg?lm=1,Canada,26.0000
us-15033,Couhaib Driouech,2002,S,FW,15033,593837,7500000.0000,7500000.0000,2029-06-30,right,175.0000,https://img.a.transfermarkt.technology/portrait/header/593837-1658861367.jpg?lm=1,Morocco,24.0000
us-10930,Etta Eyong,2003,S,FW,10930,1038950,15000000.0000,20000000.0000,2029-06-30,right,181.0000,https://img.a.transfermarkt.technology/portrait/header/1038950-1759409401.jpg?lm=1,Cameroon,23.0000
us-11264,Carlos Álvarez,2003,M,MF,11264,668179,15000000.0000,15000000.0000,2027-06-30,left,168.0000,https://img.a.transfermarkt.technology/portrait/header/668179-1726053882.jpg?lm=1,Spain,23.0000
us-14983,Yanis Musuayi,,S,FW,14983,,,,,,,,,
us-14930,Giorgi Guliashvili,2001,S,FW,14930,502682,2500000.0000,2500000.0000,2029-06-30,right,175.0000,https://img.a.transfermarkt.technology/portrait/header/502682-1759082949.jpg?lm=1,Georgia,25.0000
us-14721,Jorge Domínguez,,D,DF,14721,,,,,,,,,
us-13904,Abdoulaye Faye,2004,D,DF,13904,1182738,4500000.0000,4500000.0000,2030-06-30,left,191.0000,https://img.a.transfermarkt.technology/portrait/header/1182738-1695367426.jpg?lm=1,Senegal,22.0000
us-12566,Alberto Risco,2005,S,FW,12566,1255616,200000.0000,200000.0000,2027-06-30,,,https://img.a.transfermarkt.technology/portrait/header/1255616-1732138298.png?lm=1,Spain,21.0000
us-14221,Carlos Macià,2008,S,FW,14221,1453066,3000000.0000,3000000.0000,2029-06-30,right,190.0000,https://img.a.transfermarkt.technology/portrait/header/1453066-1768693924.png?lm=1,Spain,18.0000
us-1244,Wojciech Szczesny,1990,S,FW,1244,44058,800000.0000,40000000.0000,2027-06-30,right,195.0000,https://img.a.transfermarkt.technology/portrait/header/44058-1744278078.jpg?lm=1,Poland,36.0000
us-2543,Borja Iglesias,1993,S,FW,2543,278359,2800000.0000,28000000.0000,2027-06-30,right,187.0000,https://img.a.transfermarkt.technology/portrait/header/278359-1686661509.jpg?lm=1,Spain,33.0000
us-14917,Ifeanyi Ndukwe,2008,S,FW,14917,1167696,3000000.0000,3000000.0000,2031-06-30,both,198.0000,https://img.a.transfermarkt.technology/portrait/header/1167696-1763036837.jpg?lm=1,Austria,18.0000
us-7306,Aihen Muñoz,1997,S,FW,7306,517842,2500000.0000,8000000.0000,2027-06-30,left,175.0000,https://img.a.transfermarkt.technology/portrait/header/517842-1699007158.jpg?lm=1,Spain,29.0000
us-14736,Haitam Abaida,,S,FW,14736,,,,,,,,,
us-3721,Romain Del Castillo,1996,S,FW,3721,353399,7000000.0000,10000000.0000,2027-06-30,left,172.0000,https://img.a.transfermarkt.technology/portrait/header/353399-1593964996.jpg?lm=1,France,30.0000
us-12371,Adam Aznou,2006,S,FW,12371,938146,6000000.0000,7000000.0000,2029-06-30,left,178.0000,https://img.a.transfermarkt.technology/portrait/header/938146-1739807816.jpg?lm=1,Morocco,20.0000
us-14440,Álvaro Fidalgo,1997,S,FW,14440,261503,6000000.0000,10000000.0000,2030-06-30,right,175.0000,https://img.a.transfermarkt.technology/portrait/header/261503-1773343851.jpg?lm=1,Mexico,29.0000
us-14713,Teun Gijselhart,2005,S,FW,14713,738477,400000.0000,400000.0000,2028-06-30,right,176.0000,https://img.a.transfermarkt.technology/portrait/header/738477-1724750611.jpg?lm=1,Netherlands,21.0000
us-14702,Marc Santos,,S,FW,14702,,,,,,,,,
us-11266,Manu Bueno,2004,S,FW,11266,766723,1500000.0000,1500000.0000,2027-06-30,left,178.0000,https://img.a.transfermarkt.technology/portrait/header/766723-1702412015.jpg?lm=1,Spain,22.0000
us-14717,Umaru,,S,FW,14717,,,,,,,,,
us-12257,Rayane Belaid,2005,S,FW,12257,945500,600000.0000,600000.0000,2029-06-30,right,175.0000,https://img.a.transfermarkt.technology/portrait/header/945500-1730938196.jpg?lm=1,Spain,21.0000
us-5543,Gabriel Jesus,1997,S,FW,5543,363205,17000000.0000,80000000.0000,2027-06-30,right,175.0000,https://img.a.transfermarkt.technology/portrait/header/363205-1669711141.jpg?lm=1,Brazil,29.0000
us-8893,Josan,1989,S,FW,8893,277533,100000.0000,1000000.0000,,right,176.0000,https://img.a.transfermarkt.technology/portrait/header/277533-1601023578.jpg?lm=1,Spain,37.0000
us-8423,Jon Pacheco Dozagarat,2001,S,FW,8423,580560,5000000.0000,15000000.0000,2030-06-30,left,184.0000,https://img.a.transfermarkt.technology/portrait/header/580560-1631178086.jpg?lm=1,Spain,25.0000
us-12724,Adama Boiro,2002,S,FW,12724,710671,2500000.0000,3000000.0000,2029-06-30,left,183.0000,https://img.a.transfermarkt.technology/portrait/header/710671-1709677000.png?lm=1,Spain,24.0000
us-14362,Hugo Burcio,2006,S,FW,14362,1262787,,,2027-06-30,,187.0000,https://img.a.transfermarkt.technology/portrait/header/1262787-1783119423.jpg?lm=1,Spain,20.0000
us-7810,Ruben Vargas,1998,S,FW,7810,345886,12000000.0000,13000000.0000,2029-06-30,right,179.0000,https://img.a.transfermarkt.technology/portrait/header/345886-1779793578.jpg?lm=1,Switzerland,28.0000
us-13696,Jean Valou,2005,S,FW,13696,1305564,300000.0000,300000.0000,2027-06-30,left,188.0000,https://img.a.transfermarkt.technology/portrait/header/default.jpg?lm=1,Cote d'Ivoire,21.0000
us-13769,Carlos Espí,2005,S,FW,13769,1063338,20000000.0000,20000000.0000,2028-06-30,right,194.0000,https://img.a.transfermarkt.technology/portrait/header/1063338-1759409131.jpg?lm=1,Spain,21.0000
us-9241,Alfon,,S,FW,9241,,,,,,,,,
us-10209,Jofre Carreras,2001,S,FW,10209,628498,3000000.0000,4000000.0000,2029-06-30,right,175.0000,https://img.a.transfermarkt.technology/portrait/header/628498-1747385604.jpg?lm=1,Spain,25.0000
us-14258,Kareem Tunde,2005,S,FW,14258,1063340,2000000.0000,2000000.0000,2029-06-30,left,177.0000,https://img.a.transfermarkt.technology/portrait/header/default.jpg?lm=1,Spain,21.0000
us-14718,Álvaro Padilla,2003,S,FW,14718,834483,3000000.0000,3000000.0000,2029-06-30,right,190.0000,https://img.a.transfermarkt.technology/portrait/header/834483-1709676711.png?lm=1,Mexico,23.0000
us-8760,Arsen Zakharyan,2003,S,FW,8760,555143,9000000.0000,18000000.0000,2029-06-30,right,183.0000,https://img.a.transfermarkt.technology/portrait/header/555143-1683292149.jpg?lm=1,Russia,23.0000
us-9805,Álex Balde,2003,S,FW,9805,636688,50000000.0000,60000000.0000,2028-06-30,left,177.0000,https://img.a.transfermarkt.technology/portrait/header/636688-1662836200.jpg?lm=1,Spain,23.0000
us-14895,Óscar López,2006,S,FW,14895,1343439,200000.0000,200000.0000,2027-06-30,right,187.0000,https://img.a.transfermarkt.technology/portrait/header/default.jpg?lm=1,Bolivia,20.0000
us-14690,Diego Díaz,2002,S,FW,14690,1371326,150000.0000,175000.0000,2028-12-31,right,176.0000,https://img.a.transfermarkt.technology/portrait/header/default.jpg?lm=1,Argentina,24.0000
us-13763,Aimar Blázquez,2006,S,FW,13763,1254646,,,2027-06-30,right,194.0000,https://img.a.transfermarkt.technology/portrait/header/1254646-1783118330.jpg?lm=1,Spain,20.0000
us-14260,Xanet Oláiz,,S,FW,14260,,,,,,,,,
us-14719,Matia Barzic,,S,FW,14719,,,,,,,,,
us-12171,Hector Fort,2006,S,FW,12171,937955,12000000.0000,12000000.0000,2029-06-30,right,185.0000,https://img.a.transfermarkt.technology/portrait/header/937955-1702504973.jpg?lm=1,Spain,20.0000
us-8712,Miguel Rodriguez,2000,S,FW,8712,608382,200000.0000,200000.0000,2026-06-30,right,195.0000,https://img.a.transfermarkt.technology/portrait/header/default.jpg?lm=1,Argentina,26.0000
us-13001,Álvaro Djaló,1999,S,FW,13001,671649,4500000.0000,15000000.0000,2026-06-30,right,175.0000,https://img.a.transfermarkt.technology/portrait/header/671649-1762259842.jpg?lm=1,Guinea-Bissau,27.0000
us-5199,Raba,1995,S,FW,5199,413262,1200000.0000,5000000.0000,2027-06-30,left,185.0000,https://img.a.transfermarkt.technology/portrait/header/413262-1743493611.jpg?lm=1,Spain,31.0000
us-9825,Nicolás Serrano,2003,S,FW,9825,668183,1500000.0000,2500000.0000,2028-06-30,left,176.0000,https://img.a.transfermarkt.technology/portrait/header/668183-1731352737.png?lm=1,Spain,23.0000
us-14711,Kevin Sánchez,,S,FW,14711,,,,,,,,,
us-8284,Julen Lobete,,S,FW,8284,,,,,,,,,
us-13790,Joselu Pérez,2004,S,FW,13790,1000135,100000.0000,100000.0000,2027-06-30,right,183.0000,https://img.a.transfermarkt.technology/portrait/header/default.jpg?lm=1,Spain,22.0000
us-2252,Borja Mayoral,1997,S,FW,2252,298976,6000000.0000,15000000.0000,2027-06-30,right,182.0000,https://img.a.transfermarkt.technology/portrait/header/298976-1669365430.jpg?lm=1,Spain,29.0000
us-5681,Giovani Lo Celso,1996,S,FW,5681,348795,8000000.0000,50000000.0000,2028-06-30,left,177.0000,https://img.a.transfermarkt.technology/portrait/header/348795-1726734706.jpg?lm=1,Argentina,30.0000
us-12884,Endrick,2006,S,FW,12884,971570,40000000.0000,60000000.0000,2030-06-30,left,172.0000,https://img.a.transfermarkt.technology/portrait/header/971570-1782847902.jpg?lm=1,Brazil,20.0000
us-14907,Hamza Abdelkarim,2008,S,FW,14907,1259085,,,2026-06-30,both,182.0000,https://img.a.transfermarkt.technology/portrait/header/1259085-1780899447.jpg?lm=1,Egypt,18.0000
us-10301,Jens Cajuste,1999,S,FW,10301,468066,8000000.0000,12000000.0000,2026-06-30,right,188.0000,https://img.a.transfermarkt.technology/portrait/header/468066-1691568301.jpg?lm=1,Sweden,27.0000
us-2346,Aarón,,GK,GK,2346,,,,,,,,,
us-7838,Martin Valjent,1995,D,DF,7838,277384,3000000.0000,6000000.0000,2029-06-30,right,187.0000,https://img.a.transfermarkt.technology/portrait/header/277384-1738232660.jpg?lm=1,Slovakia,31.0000
us-8725,Luis Milla,1994,M,MF,8725,281989,3500000.0000,6000000.0000,2029-06-30,right,175.0000,https://img.a.transfermarkt.technology/portrait/header/281989-1669364960.jpg?lm=1,Spain,32.0000
us-3264,Mauro Arambarri,1995,M,MF,3264,290249,8000000.0000,25000000.0000,2028-12-31,right,175.0000,https://img.a.transfermarkt.technology/portrait/header/290249-1669365106.jpg?lm=1,Uruguay,31.0000
us-9002,Vedat Muriqi,1994,F S,FW,9002,256267,4500000.0000,17000000.0000,2029-06-30,left,194.0000,https://img.a.transfermarkt.technology/portrait/header/256267-1779287008.jpg?lm=1,Kosovo,32.0000
us-13380,Vitor Reis,2006,D S,DF,13380,1005575,30000000.0000,30000000.0000,2029-06-30,right,186.0000,https://img.a.transfermarkt.technology/portrait/header/1005575-1680449774.jpg?lm=1,Brazil,20.0000
us-973,Paulo Gazzaniga,1992,GK,GK,973,195488,1800000.0000,4000000.0000,2027-06-30,right,195.0000,https://img.a.transfermarkt.technology/portrait/header/195488-1769783747.jpg?lm=1,Argentina,34.0000
us-7860,Domingos Duarte,1995,D,DF,7860,257376,800000.0000,12000000.0000,,right,192.0000,https://img.a.transfermarkt.technology/portrait/header/257376-1583309064.jpg?lm=1,Portugal,31.0000
us-10974,Samú Costa,2000,M S,MF,10974,657430,15000000.0000,15000000.0000,2028-06-30,left,185.0000,https://img.a.transfermarkt.technology/portrait/header/657430-1753960841.jpg?lm=1,Portugal,26.0000
us-2621,Sergi Darder,1993,M S,MF,2621,142021,3000000.0000,16000000.0000,2028-06-30,right,180.0000,https://img.a.transfermarkt.technology/portrait/header/142021-1664975574.jpg?lm=1,Spain,33.0000
us-13279,Víctor Muñoz,2003,F M S,FW,13279,935231,30000000.0000,30000000.0000,,right,173.0000,https://img.a.transfermarkt.technology/portrait/header/935231-1747037145.jpg?lm=1,Spain,23.0000
us-11322,Viktor Tsygankov,1997,F M S,FW,11322,264372,15000000.0000,30000000.0000,2027-06-30,left,178.0000,https://img.a.transfermarkt.technology/portrait/header/264372-1715881945.jpg?lm=1,Ukraine,29.0000
us-11087,Pep Chavarría,1998,D S,DF,11087,596122,10000000.0000,10000000.0000,2030-06-30,left,174.0000,https://img.a.transfermarkt.technology/portrait/header/596122-1744713547.jpg?lm=1,Spain,28.0000
us-548,Daley Blind,1990,D S,DF,548,12282,1200000.0000,25000000.0000,2027-06-30,left,180.0000,https://img.a.transfermarkt.technology/portrait/header/12282-1718096647.jpg?lm=1,Netherlands,36.0000
us-13700,Alberto Reina,1997,F M S,FW,13700,603696,2000000.0000,2000000.0000,2027-06-30,right,179.0000,https://img.a.transfermarkt.technology/portrait/header/603696-1712568514.jpg?lm=1,Spain,29.0000
us-13701,Ilyas Chaira,2001,F M S,FW,13701,593412,4000000.0000,4000000.0000,2028-06-30,right,179.0000,https://img.a.transfermarkt.technology/portrait/header/593412-1712568424.jpg?lm=1,Morocco,25.0000
us-13705,Federico Viñas,1998,F M S,FW,13705,578419,4000000.0000,5000000.0000,2027-12-31,left,181.0000,https://img.a.transfermarkt.technology/portrait/header/578419-1763542136.jpg?lm=1,Uruguay,28.0000
us-5615,Valentin Rosier,1996,D S,DF,5615,441170,3000000.0000,8000000.0000,2028-06-30,right,175.0000,https://img.a.transfermarkt.technology/portrait/header/441170-1666619891.png?lm=1,France,30.0000
us-6766,Dani Vivian,1999,D S,DF,6766,524000,20000000.0000,40000000.0000,2032-06-30,right,184.0000,https://img.a.transfermarkt.technology/portrait/header/524000-1709674998.png?lm=1,Spain,27.0000
us-4120,Álex Moreno,1993,D S,DF,4120,193098,3000000.0000,20000000.0000,2027-06-30,left,179.0000,https://img.a.transfermarkt.technology/portrait/header/193098-1667289023.jpg?lm=1,Spain,33.0000
us-3059,Axel Witsel,1989,M S,MF,3059,35047,1200000.0000,40000000.0000,,right,186.0000,https://img.a.transfermarkt.technology/portrait/header/35047-1783005892.jpg?lm=1,Belgium,37.0000
us-5162,Nacho Vidal,1995,D S,DF,5162,216870,1200000.0000,5000000.0000,2027-06-30,right,180.0000,https://img.a.transfermarkt.technology/portrait/header/216870-1510233362.jpg?lm=1,Spain,31.0000
us-13083,Matías Moreno,2003,D S,DF,13083,1144700,6000000.0000,6000000.0000,2029-06-30,right,193.0000,https://img.a.transfermarkt.technology/portrait/header/1144700-1730183072.jpg?lm=1,Argentina,23.0000
us-2456,Omar Mascarell,1993,D M S,DF,2456,142031,700000.0000,14000000.0000,2026-06-30,right,181.0000,https://img.a.transfermarkt.technology/portrait/header/142031-1531813358.jpg?lm=1,Equatorial Guinea,33.0000
us-2624,Djibril Sow,1997,M S,MF,2624,212723,7500000.0000,22000000.0000,2029-06-30,right,183.0000,https://img.a.transfermarkt.technology/portrait/header/212723-1779793436.jpg?lm=1,Switzerland,29.0000
us-11186,Alvaro Rodríguez,2004,F S,FW,11186,948275,10000000.0000,10000000.0000,2029-06-30,left,193.0000,https://img.a.transfermarkt.technology/portrait/header/948275-1660124773.jpg?lm=1,Uruguay,22.0000
us-12207,Victor Parada,2002,D S,DF,12207,591957,4000000.0000,4000000.0000,2029-06-30,left,185.0000,https://img.a.transfermarkt.technology/portrait/header/591957-1664570831.jpg?lm=1,Spain,24.0000
us-13953,Santiago Colombatto,1997,M S,MF,13953,395122,2500000.0000,4000000.0000,2027-06-30,left,178.0000,https://img.a.transfermarkt.technology/portrait/header/395122-1698158499.jpg?lm=1,Argentina,29.0000
us-7007,Duje Caleta-Car,1996,D S,DF,7007,238266,2800000.0000,25000000.0000,2027-06-30,right,193.0000,https://img.a.transfermarkt.technology/portrait/header/238266-1662069879.jpg?lm=1,Croatia,30.0000
us-4160,David Costas,1995,D S,DF,4160,276111,1200000.0000,3500000.0000,2028-06-30,right,184.0000,https://img.a.transfermarkt.technology/portrait/header/276111-1447154112.jpg?lm=1,Spain,31.0000
us-2584,Raíllo,1991,D S,DF,2584,278296,1000000.0000,4000000.0000,2027-06-30,right,187.0000,https://img.a.transfermarkt.technology/portrait/header/278296-1447228780.jpg?lm=1,Spain,35.0000
us-11783,Akor Adams,2000,F S,FW,11783,607034,15000000.0000,15000000.0000,2029-06-30,right,190.0000,https://img.a.transfermarkt.technology/portrait/header/607034-1767008026.jpg?lm=1,Nigeria,26.0000
us-6441,Ferrán Torres,2000,F M S,FW,6441,398184,50000000.0000,50000000.0000,2027-06-30,right,183.0000,https://img.a.transfermarkt.technology/portrait/header/398184-1779789996.jpg?lm=1,Spain,26.0000
us-8409,Juanlu Sanchez,2003,D M S,DF,8409,676042,10000000.0000,15000000.0000,2029-06-30,right,186.0000,https://img.a.transfermarkt.technology/portrait/header/676042-1695240552.jpg?lm=1,Spain,23.0000
us-14041,Vladyslav Vanat,2002,F,FW,14041,631821,15000000.0000,15000000.0000,2030-06-30,left,182.0000,https://img.a.transfermarkt.technology/portrait/header/631821-1769784171.jpg?lm=1,Ukraine,24.0000
us-10200,Rafa Marín,2002,D S,DF,10200,662261,12000000.0000,12000000.0000,2029-06-30,right,191.0000,https://img.a.transfermarkt.technology/portrait/header/662261-1725529332.jpg?lm=1,Spain,24.0000
us-6531,Alexander Sørloth,1995,F S,FW,6531,238407,18000000.0000,25000000.0000,2028-06-30,left,196.0000,https://img.a.transfermarkt.technology/portrait/header/238407-1716403969.jpg?lm=1,Norway,31.0000
us-9011,Óscar Mingueza,1999,D M S,DF,9011,331505,18000000.0000,20000000.0000,2030-06-30,right,184.0000,https://img.a.transfermarkt.technology/portrait/header/331505-1698852962.jpg?lm=1,Spain,27.0000
us-11401,Haissem Hassan,2002,F M S,FW,11401,620164,3500000.0000,5000000.0000,2027-06-30,left,175.0000,https://img.a.transfermarkt.technology/portrait/header/620164-1765280596.jpg?lm=1,Egypt,24.0000
us-6170,André Silva,1995,F S,FW,6170,198008,3000000.0000,45000000.0000,2027-06-30,right,186.0000,https://img.a.transfermarkt.technology/portrait/header/198008-1724336978.jpg?lm=1,Portugal,31.0000
us-2589,Rafa Mir,1997,F M S,FW,2589,361254,4000000.0000,16000000.0000,2027-06-30,right,191.0000,https://img.a.transfermarkt.technology/portrait/header/361254-1720020544.jpg?lm=1,Spain,29.0000
us-12286,Nobel Mendy,2004,D S,DF,12286,1034853,7500000.0000,7500000.0000,2030-06-30,left,187.0000,https://img.a.transfermarkt.technology/portrait/header/1034853-1736244947.jpg?lm=1,Senegal,22.0000
us-8413,Javier López,2002,D S,DF,8413,568158,5000000.0000,7500000.0000,2026-06-30,left,183.0000,https://img.a.transfermarkt.technology/portrait/header/568158-1647530894.jpg?lm=1,Spain,24.0000
us-6427,Aitor Ruibal,1996,D F M S,DF,6427,378139,4000000.0000,5000000.0000,2028-06-30,right,176.0000,https://img.a.transfermarkt.technology/portrait/header/378139-1773344244.jpg?lm=1,Spain,30.0000
us-13991,Jan Virgili,2006,F M S,FW,13991,1301775,15000000.0000,15000000.0000,2030-06-30,right,177.0000,https://img.a.transfermarkt.technology/portrait/header/1301775-1750759323.jpg?lm=1,Spain,20.0000
us-6592,Manuel Morlanes,1999,M S,MF,6592,335225,2400000.0000,5000000.0000,2028-06-30,right,178.0000,https://img.a.transfermarkt.technology/portrait/header/335225-1552044533.jpg?lm=1,Spain,27.0000
us-13983,David Carmo,1999,D S,DF,13983,498237,5000000.0000,20000000.0000,2029-06-30,left,196.0000,https://img.a.transfermarkt.technology/portrait/header/498237-1717008625.jpg?lm=1,Angola,27.0000
us-13699,Kwasi Sibo,1998,M S,MF,13699,538006,1400000.0000,1500000.0000,,right,183.0000,https://img.a.transfermarkt.technology/portrait/header/538006-1780562080.jpg?lm=1,Ghana,28.0000
us-9694,Diego López,2002,F M S,FW,9694,617081,9000000.0000,15000000.0000,2029-06-30,right,172.0000,https://img.a.transfermarkt.technology/portrait/header/617081-1683211924.jpg?lm=1,Spain,24.0000
us-8328,Azz-Eddine Ounahi,2000,F M S,FW,8328,593482,10000000.0000,15000000.0000,2030-06-30,right,182.0000,https://img.a.transfermarkt.technology/portrait/header/593482-1668080946.jpg?lm=1,Morocco,26.0000
us-8872,Matteo Ruggeri,2002,D S,DF,8872,616631,28000000.0000,28000000.0000,2030-06-30,left,187.0000,https://img.a.transfermarkt.technology/portrait/header/616631-1742497680.jpg?lm=1,Italy,24.0000
us-10982,Copete,1999,D S,DF,10982,520840,5000000.0000,5000000.0000,2029-06-30,left,190.0000,https://img.a.transfermarkt.technology/portrait/header/520840-1674915512.JPG?lm=1,Spain,27.0000
us-556,Marcus Rashford,1997,F M S,FW,556,258923,40000000.0000,85000000.0000,2028-06-30,right,185.0000,https://img.a.transfermarkt.technology/portrait/header/258923-1674473054.jpg?lm=1,England,29.0000
us-13789,Adrián Liso,2005,F M S,FW,13789,1061122,3000000.0000,8000000.0000,2029-06-30,left,182.0000,https://img.a.transfermarkt.technology/portrait/header/1061122-1732367169.jpg?lm=1,Spain,21.0000
us-6227,Brais Méndez,1997,F M S,FW,6227,309110,8000000.0000,40000000.0000,2028-06-30,left,187.0000,https://img.a.transfermarkt.technology/portrait/header/309110-1665057568.jpg?lm=1,Spain,29.0000
us-11208,Mateo Joseph,2003,F M S,FW,11208,834742,3500000.0000,3500000.0000,2028-06-30,right,185.0000,https://img.a.transfermarkt.technology/portrait/header/834742-1749739164.jpg?lm=1,Spain,23.0000
us-2521,Alfonso,,D M S,DF,2521,,,,,,,,,
us-5074,Kike García,1989,F S,FW,5074,93936,700000.0000,3000000.0000,2027-06-30,right,186.0000,https://img.a.transfermarkt.technology/portrait/header/93936-1490620015.jpg?lm=1,Spain,37.0000
us-13201,Raúl,1997,D S,DF,13201,520093,400000.0000,400000.0000,2027-12-31,right,190.0000,https://img.a.transfermarkt.technology/portrait/header/520093-1660833546.jpg?lm=1,Brazil,29.0000
us-13698,Rahim Alhassane,2002,D S,DF,13698,929899,1500000.0000,2000000.0000,2028-06-30,left,184.0000,https://img.a.transfermarkt.technology/portrait/header/929899-1758832463.jpg?lm=1,Niger,24.0000
us-2597,Dani Calvo,1994,D S,DF,2597,326416,900000.0000,1500000.0000,2027-06-30,right,193.0000,https://img.a.transfermarkt.technology/portrait/header/326416-1600756477.jpg?lm=1,Spain,32.0000
us-8283,Batista Mendy,2000,M S,MF,8283,395234,7500000.0000,10000000.0000,2027-06-30,right,191.0000,https://img.a.transfermarkt.technology/portrait/header/395234-1756290427.png?lm=1,France,26.0000
us-227,Robert Lewandowski,1988,F S,FW,227,38253,7000000.0000,90000000.0000,,right,186.0000,https://img.a.transfermarkt.technology/portrait/header/38253-1760445524.jpg?lm=1,Poland,38.0000
us-11025,Pablo Torre,2003,M S,MF,11025,720038,5000000.0000,7500000.0000,2029-06-30,right,173.0000,https://img.a.transfermarkt.technology/portrait/header/720038-1724406086.jpg?lm=1,Spain,23.0000
us-7338,Bryan Gil Salvatierra,2001,F M S,FW,7338,537382,8000000.0000,30000000.0000,2030-06-30,left,175.0000,https://img.a.transfermarkt.technology/portrait/header/537382-1769784260.jpg?lm=1,Spain,25.0000
us-7781,Frenkie de Jong,1997,M S,MF,7781,326330,35000000.0000,90000000.0000,2029-06-30,right,181.0000,https://img.a.transfermarkt.technology/portrait/header/326330-1746041680.jpg?lm=1,Netherlands,29.0000
us-7574,Leo Petrot,1997,D S,DF,7574,412829,1500000.0000,1500000.0000,2028-06-30,left,188.0000,https://img.a.transfermarkt.technology/portrait/header/412829-1727723239.jpg?lm=1,France,29.0000
us-308,Ricardo Rodríguez,1992,D S,DF,308,86784,1400000.0000,28000000.0000,,left,182.0000,https://img.a.transfermarkt.technology/portrait/header/86784-1718216908.jpg?lm=1,Switzerland,34.0000
us-6931,Fran Beltrán,1999,M S,MF,6931,423444,4000000.0000,18000000.0000,2030-06-30,right,165.0000,https://img.a.transfermarkt.technology/portrait/header/423444-1693921591.jpg?lm=1,Spain,27.0000
us-14050,Kervin Arriaga,1998,M S,MF,14050,526050,2000000.0000,2000000.0000,2028-06-30,right,191.0000,https://img.a.transfermarkt.technology/portrait/header/526050-1710094372.jpg?lm=1,Honduras,28.0000
us-11185,Pablo Marín,2003,M S,MF,11185,907813,7000000.0000,8000000.0000,2029-06-30,right,178.0000,https://img.a.transfermarkt.technology/portrait/header/907813-1683212131.jpg?lm=1,Spain,23.0000
us-7074,Nicolás González,,D F M S,DF,7074,,,,,,,,,
us-2378,Daniel Parejo,1989,M S,MF,2378,59561,1000000.0000,35000000.0000,,right,182.0000,https://img.a.transfermarkt.technology/portrait/header/59561-1688725780.jpg?lm=1,Spain,37.0000
us-8733,Alfonso Espino,1992,D M S,DF,8733,311044,900000.0000,6000000.0000,2028-06-30,left,172.0000,https://img.a.transfermarkt.technology/portrait/header/311044-1635328827.jpg?lm=1,Uruguay,34.0000
us-10952,Joel Roca,2005,F M S,FW,10952,895326,6000000.0000,6000000.0000,2029-06-30,right,176.0000,https://img.a.transfermarkt.technology/portrait/header/895326-1727113258.jpg?lm=1,Spain,21.0000
us-7287,Iñaki Peña,1999,GK,GK,7287,283170,4000000.0000,10000000.0000,2029-06-30,right,184.0000,https://img.a.transfermarkt.technology/portrait/header/283170-1702502364.jpg?lm=1,Spain,27.0000
us-2270,Antoine Griezmann,1991,F S,FW,2270,125781,8000000.0000,150000000.0000,2027-06-30,left,176.0000,https://img.a.transfermarkt.technology/portrait/header/125781-1775233998.jpg?lm=1,France,35.0000
us-5050,Clement Lenglet,1995,D S,DF,5050,182904,4000000.0000,60000000.0000,2027-06-30,left,186.0000,https://img.a.transfermarkt.technology/portrait/header/182904-1599988301.jpg?lm=1,France,31.0000
us-8058,Thierry Correia,1999,D S,DF,8058,367466,2500000.0000,14000000.0000,2027-06-30,right,176.0000,https://img.a.transfermarkt.technology/portrait/header/367466-1548510976.jpg?lm=1,Portugal,27.0000
us-11900,Lucas Beltrán,2001,F S,FW,11900,628366,8000000.0000,18000000.0000,2027-06-30,right,176.0000,https://img.a.transfermarkt.technology/portrait/header/628366-1692881138.jpg?lm=1,Argentina,25.0000
us-6325,Andoni Gorosabel,1996,D S,DF,6325,289255,3000000.0000,10000000.0000,2028-06-30,right,174.0000,https://img.a.transfermarkt.technology/portrait/header/289255-1739190147.jpeg?lm=1,Spain,30.0000
us-10382,Eray Cömert,1998,D S,DF,10382,298583,2500000.0000,4000000.0000,,right,183.0000,https://img.a.transfermarkt.technology/portrait/header/298583-1779792788.jpg?lm=1,Switzerland,28.0000
us-7236,Leander Dendoncker,1995,M S,MF,7236,168157,1800000.0000,32000000.0000,,right,188.0000,https://img.a.transfermarkt.technology/portrait/header/168157-1662059450.jpg?lm=1,Belgium,31.0000
us-13358,Thiago Almada,2001,F M S,FW,13358,576028,15000000.0000,27000000.0000,2030-06-30,right,171.0000,https://img.a.transfermarkt.technology/portrait/header/576028-1773174386.jpg?lm=1,Argentina,25.0000
us-1739,Eric Bailly,1994,D,DF,1739,286384,1200000.0000,35000000.0000,,right,187.0000,https://img.a.transfermarkt.technology/portrait/header/286384-1696075364.png?lm=1,Cote d'Ivoire,32.0000
us-7927,Sofyan Amrabat,1996,M S,MF,7927,287579,10000000.0000,30000000.0000,2028-06-30,right,185.0000,https://img.a.transfermarkt.technology/portrait/header/287579-1693604574.jpg?lm=1,Morocco,30.0000
us-8963,Nahuel Molina,1998,D M S,DF,8963,424042,15000000.0000,50000000.0000,2027-06-30,right,179.0000,https://img.a.transfermarkt.technology/portrait/header/424042-1697037362.jpg?lm=1,Argentina,28.0000
us-498,Alexis Sánchez,1988,F M S,FW,498,40433,1200000.0000,70000000.0000,,right,169.0000,https://img.a.transfermarkt.technology/portrait/header/40433-1759840737.jpg?lm=1,Chile,38.0000
us-12294,Carlos Vicente,1999,F M S,FW,12294,540536,4000000.0000,4000000.0000,2029-06-30,right,179.0000,https://img.a.transfermarkt.technology/portrait/header/540536-1732115480.jpg?lm=1,Spain,27.0000
us-681,César Azpilicueta,1989,D,DF,681,57500,1000000.0000,40000000.0000,,right,178.0000,https://img.a.transfermarkt.technology/portrait/header/57500-1668169250.jpg?lm=1,Spain,37.0000
us-14388,Luis Vázquez,2001,F S,FW,14388,844516,2500000.0000,5000000.0000,2028-06-30,right,190.0000,https://img.a.transfermarkt.technology/portrait/header/844516-1699907027.jpg?lm=1,Argentina,25.0000
us-13627,Alejandro Rego,2003,M S,MF,13627,834491,5000000.0000,5000000.0000,2030-06-30,right,192.0000,https://img.a.transfermarkt.technology/portrait/header/834491-1709677367.png?lm=1,Spain,23.0000
us-10975,Largie Ramazani,2001,F M S,FW,10975,518644,8000000.0000,10000000.0000,2028-06-30,right,168.0000,https://img.a.transfermarkt.technology/portrait/header/518644-1692367509.jpg?lm=1,Belgium,25.0000
us-13200,Fernando López,2004,F M S,FW,13200,1064471,16000000.0000,18000000.0000,2030-06-30,left,188.0000,https://img.a.transfermarkt.technology/portrait/header/1064471-1744632582.jpg?lm=1,Spain,22.0000
us-11953,Sergi Altimira,2001,M S,MF,11953,466801,20000000.0000,20000000.0000,2031-06-30,right,188.0000,https://img.a.transfermarkt.technology/portrait/header/466801-1744375696.jpg?lm=1,Spain,25.0000
us-2609,Gerard Gumbau,1994,M S,MF,2609,268670,1200000.0000,3500000.0000,2027-06-30,left,188.0000,https://img.a.transfermarkt.technology/portrait/header/268670-1499871303.jpg?lm=1,Spain,32.0000
us-2509,Dimitri Foulquier,1993,D S,DF,2509,170472,900000.0000,4000000.0000,2027-06-30,right,183.0000,https://img.a.transfermarkt.technology/portrait/header/170472-1447230887.jpg?lm=1,Guadeloupe,33.0000
us-7829,Eder Militão,1998,D S,DF,7829,401530,20000000.0000,70000000.0000,2028-06-30,right,186.0000,https://img.a.transfermarkt.technology/portrait/header/401530-1719653438.jpg?lm=1,Brazil,28.0000
us-14018,Lucas Ahijado,1995,D S,DF,14018,349884,600000.0000,1500000.0000,,right,174.0000,https://img.a.transfermarkt.technology/portrait/header/349884-1701786407.jpg?lm=1,Spain,31.0000
us-12723,Alejandro Francés,2002,D S,DF,12723,632896,3000000.0000,5000000.0000,2029-06-30,right,182.0000,https://img.a.transfermarkt.technology/portrait/header/632896-1697808516.jpg?lm=1,Spain,24.0000
us-813,Salomón Rondón,1989,F S,FW,813,80197,350000.0000,17000000.0000,2027-12-31,right,186.0000,https://img.a.transfermarkt.technology/portrait/header/80197-1719230840.jpg?lm=1,Venezuela,37.0000
us-8091,Ronald Araújo,1999,D S,DF,8091,480267,20000000.0000,70000000.0000,2031-06-30,right,192.0000,https://img.a.transfermarkt.technology/portrait/header/480267-1736431980.jpg?lm=1,Uruguay,27.0000
us-14316,Nicolás Fonseca,1998,M S,MF,14316,462070,3000000.0000,3500000.0000,2028-12-31,right,181.0000,https://img.a.transfermarkt.technology/portrait/header/462070-1721920695.png?lm=1,Uruguay,28.0000
us-13847,Franco Mastantuono,2007,D F M S,DF,13847,1057316,45000000.0000,50000000.0000,2031-06-30,left,178.0000,https://img.a.transfermarkt.technology/portrait/header/1057316-1755702696.jpg?lm=1,Argentina,19.0000
us-9970,Antonio Sánchez,1997,D M S,DF,9970,513031,2000000.0000,2500000.0000,2027-06-30,right,179.0000,https://img.a.transfermarkt.technology/portrait/header/513031-1576533215.jpg?lm=1,Spain,29.0000
us-8548,Arnau Tenas,2001,GK,GK,8548,466783,4000000.0000,5000000.0000,2029-06-30,right,185.0000,https://img.a.transfermarkt.technology/portrait/header/466783-1701444229.jpg?lm=1,Spain,25.0000
us-2260,Daniel Carvajal,1992,D S,DF,2260,138927,4000000.0000,60000000.0000,,right,173.0000,https://img.a.transfermarkt.technology/portrait/header/138927-1721026790.jpg?lm=1,Spain,34.0000
us-13765,Unai Elgezabal,1993,D M S,DF,13765,255495,500000.0000,700000.0000,2027-06-30,right,185.0000,https://img.a.transfermarkt.technology/portrait/header/255495-1675799445.jpg?lm=1,Spain,33.0000
us-6651,Grady Diangana,1998,F M S,FW,6651,342048,2000000.0000,12000000.0000,2027-06-30,left,180.0000,https://img.a.transfermarkt.technology/portrait/header/342048-1723555515.jpg?lm=1,DR Congo,28.0000
us-10999,Marcão,1996,D S,DF,10999,439022,2500000.0000,15000000.0000,2028-06-30,left,185.0000,https://img.a.transfermarkt.technology/portrait/header/439022-1681476532.jpg?lm=1,Brazil,30.0000
us-11531,Unai Gómez,2003,F M S,FW,11531,834752,5000000.0000,8000000.0000,2031-06-30,left,183.0000,https://img.a.transfermarkt.technology/portrait/header/834752-1709676122.png?lm=1,Spain,23.0000
us-12035,Gonzalo García,2004,F S,FW,12035,935230,30000000.0000,30000000.0000,2030-06-30,both,182.0000,https://img.a.transfermarkt.technology/portrait/header/935230-1780664637.jpg?lm=1,Spain,22.0000
us-12078,Alan Matturro,2004,D S,DF,12078,861981,4000000.0000,8000000.0000,2028-06-30,left,189.0000,https://img.a.transfermarkt.technology/portrait/header/861981-1692967519.jpg?lm=1,Uruguay,22.0000
us-2328,Thomas Partey,1993,M S,MF,2328,230784,2000000.0000,50000000.0000,,right,185.0000,https://img.a.transfermarkt.technology/portrait/header/230784-1780562135.jpg?lm=1,Ghana,33.0000
us-3621,Neal Maupay,1996,F S,FW,3621,217115,4000000.0000,22000000.0000,2028-06-30,right,171.0000,https://img.a.transfermarkt.technology/portrait/header/217115-1700737951.jpg?lm=1,France,30.0000
us-7825,Iker Losada,2001,M S,MF,7825,632741,1800000.0000,1800000.0000,2029-06-30,right,175.0000,https://img.a.transfermarkt.technology/portrait/header/632741-1569337955.jpg?lm=1,Spain,25.0000
us-965,Santiago Cazorla,1984,M S,MF,965,15799,200000.0000,30000000.0000,,both,168.0000,https://img.a.transfermarkt.technology/portrait/header/15799-1758548452.jpg?lm=1,Spain,42.0000
us-8329,Unai Vencedor,2000,M S,MF,8329,610083,1600000.0000,20000000.0000,2027-06-30,right,176.0000,https://img.a.transfermarkt.technology/portrait/header/610083-1671998817.png?lm=1,Spain,26.0000
us-12074,David López,2003,D S,DF,12074,947431,1200000.0000,1200000.0000,2027-06-30,right,195.0000,https://img.a.transfermarkt.technology/portrait/header/947431-1725880281.jpg?lm=1,Spain,23.0000
us-2107,Pau López,1994,GK,GK,2107,286415,2500000.0000,24000000.0000,2028-06-30,left,189.0000,https://img.a.transfermarkt.technology/portrait/header/286415-1762266591.jpg?lm=1,Spain,32.0000
us-13319,Facundo Garcés,1999,D S,DF,13319,533354,1000000.0000,4500000.0000,2028-06-30,right,191.0000,https://img.a.transfermarkt.technology/portrait/header/533354-1633539030.JPG?lm=1,Malaysia,27.0000
us-13787,Manuel Fernández,2004,D S,DF,13787,1322217,50000.0000,50000.0000,2026-12-31,right,183.0000,https://img.a.transfermarkt.technology/portrait/header/default.jpg?lm=1,Argentina,22.0000
us-13764,Calebe,2000,D F M S,DF,13764,798114,1800000.0000,2500000.0000,2026-12-31,left,173.0000,https://img.a.transfermarkt.technology/portrait/header/798114-1762367600.jpg?lm=1,Brazil,26.0000
us-14439,Obed Vargas,2005,M S,MF,14439,889435,10000000.0000,10000000.0000,2030-06-30,right,175.0000,https://img.a.transfermarkt.technology/portrait/header/889435-1740863407.jpg?lm=1,Mexico,21.0000
us-10388,Luka Ilic,1999,F M S,FW,10388,429790,1400000.0000,2500000.0000,2028-06-30,left,185.0000,https://img.a.transfermarkt.technology/portrait/header/429790-1725631828.JPG?lm=1,Serbia,27.0000
us-5654,Baptiste Santamaria,1995,M S,MF,5654,285323,2500000.0000,16000000.0000,2027-06-30,right,183.0000,https://img.a.transfermarkt.technology/portrait/header/285323-1739972064.jpg?lm=1,France,31.0000
us-8070,Mateu Morey,2000,D M S,DF,8070,388513,1400000.0000,7000000.0000,2027-06-30,right,173.0000,https://img.a.transfermarkt.technology/portrait/header/388513-1661413734.jpg?lm=1,Spain,26.0000
us-2228,Aritz Elustondo,1994,D S,DF,2228,229804,1500000.0000,20000000.0000,2028-06-30,right,180.0000,https://img.a.transfermarkt.technology/portrait/header/229804-1664970965.jpg?lm=1,Spain,32.0000
us-7095,Juan Musso,1994,GK,GK,7095,242359,3000000.0000,20000000.0000,2028-06-30,right,193.0000,https://img.a.transfermarkt.technology/portrait/header/242359-1663583047.jpg?lm=1,Argentina,32.0000
us-10397,Ugo Raghouber,2003,M S,MF,10397,707230,3000000.0000,4000000.0000,2027-06-30,left,188.0000,https://img.a.transfermarkt.technology/portrait/header/707230-1678906674.jpg?lm=1,France,23.0000
us-14086,Alex Sancris,1997,F M S,FW,14086,560705,1500000.0000,2000000.0000,2028-06-30,both,181.0000,https://img.a.transfermarkt.technology/portrait/header/560705-1712139769.jpg?lm=1,Spain,29.0000
us-6933,Javi Puado,1998,F M S,FW,6933,408471,7500000.0000,10000000.0000,2030-06-30,right,177.0000,https://img.a.transfermarkt.technology/portrait/header/408471-1698158226.jpg?lm=1,Spain,28.0000
us-7981,Nianzou Kouassi,,D S,DF,7981,,,,,,,,,
us-6087,Takuma Asano,1994,F M S,FW,6087,245744,1500000.0000,4000000.0000,,right,173.0000,https://img.a.transfermarkt.technology/portrait/header/245744-1657284052.jpg?lm=1,Japan,32.0000
us-10936,Charles Pickel,1997,M S,MF,10936,243879,2500000.0000,3800000.0000,2028-06-30,right,187.0000,https://img.a.transfermarkt.technology/portrait/header/243879-1658483049.jpg?lm=1,DR Congo,29.0000
us-8744,Juan Cruz,1992,D S,DF,8744,169497,1000000.0000,2500000.0000,,left,182.0000,https://img.a.transfermarkt.technology/portrait/header/169497-1732219962.jpg?lm=1,Spain,34.0000
us-7826,Joseph Aidoo,1995,D S,DF,7826,358250,1000000.0000,8000000.0000,,right,181.0000,https://img.a.transfermarkt.technology/portrait/header/358250-1773950910.jpg?lm=1,Ghana,31.0000
us-9199,John Donald,2000,D M S,DF,9199,627290,1000000.0000,1200000.0000,2028-06-30,right,182.0000,https://img.a.transfermarkt.technology/portrait/header/627290-1680535903.jpg?lm=1,Spain,26.0000
us-8015,Rodrygo,2001,F M S,FW,8015,412363,45000000.0000,110000000.0000,2028-06-30,right,174.0000,https://img.a.transfermarkt.technology/portrait/header/412363-1763041611.jpg?lm=1,Brazil,25.0000
us-9040,Conor Gallagher,2000,M S,MF,9040,488362,32000000.0000,50000000.0000,2031-06-30,right,182.0000,https://img.a.transfermarkt.technology/portrait/header/488362-1668500476.jpg?lm=1,England,26.0000
us-13848,Thiago Pitarch,2007,M S,MF,13848,1375227,20000000.0000,20000000.0000,2027-06-30,right,179.0000,https://img.a.transfermarkt.technology/portrait/header/1375227-1755633821.jpg?lm=1,Spain,19.0000
us-14064,Roony Bardghji,2005,F M S,FW,14064,792331,15000000.0000,15000000.0000,2029-06-30,left,173.0000,https://img.a.transfermarkt.technology/portrait/header/792331-1667420074.jpg?lm=1,Sweden,21.0000
us-2403,Íñigo Lekue,1993,D S,DF,2403,255501,1000000.0000,7500000.0000,,right,180.0000,https://img.a.transfermarkt.technology/portrait/header/255501-1709675295.png?lm=1,Spain,33.0000
us-13649,Claudio Echeverri,2006,F M S,FW,13649,994536,15000000.0000,18000000.0000,2028-06-30,right,170.0000,https://img.a.transfermarkt.technology/portrait/header/994536-1758703571.jpg?lm=1,Argentina,20.0000
us-9519,Carlos Domínguez,2001,D S,DF,9519,636093,2000000.0000,3000000.0000,2028-06-30,left,187.0000,https://img.a.transfermarkt.technology/portrait/header/636093-1629886975.jpg?lm=1,Spain,25.0000
us-13005,Yáser Asprilla,2003,F M S,FW,13005,857818,14000000.0000,18000000.0000,2030-06-30,left,176.0000,https://img.a.transfermarkt.technology/portrait/header/857818-1779994366.png?lm=1,Colombia,23.0000
us-2479,Toni Lato,1997,D M S,DF,2479,320271,1400000.0000,8000000.0000,2027-06-30,left,171.0000,https://img.a.transfermarkt.technology/portrait/header/320271-1496906352.jpg?lm=1,Spain,29.0000
us-14465,Ibrahim Diabate,,F S,FW,14465,,,,,,,,,
us-2306,Cédric Bakambu,1991,F S,FW,2306,127048,1200000.0000,25000000.0000,,right,182.0000,https://img.a.transfermarkt.technology/portrait/header/127048-1766415258.jpg?lm=1,DR Congo,35.0000
us-7194,Andriy Lunin,1999,GK,GK,7194,404839,12000000.0000,25000000.0000,2030-06-30,right,191.0000,https://img.a.transfermarkt.technology/portrait/header/404839-1701294131.jpg?lm=1,Ukraine,27.0000
us-4168,Javi Muñoz,1995,F M S,FW,4168,282421,1200000.0000,3000000.0000,2028-06-30,right,177.0000,https://img.a.transfermarkt.technology/portrait/header/282421-1698852390.jpg?lm=1,Spain,31.0000
us-6291,Diego Pampín,2000,D S,DF,6291,505493,1000000.0000,1200000.0000,,left,175.0000,https://img.a.transfermarkt.technology/portrait/header/505493-1698882821.jpg?lm=1,Spain,26.0000
us-565,Nyom,1988,D S,DF,565,111508,100000.0000,5000000.0000,,right,189.0000,https://img.a.transfermarkt.technology/portrait/header/111508-1541162382.jpg?lm=1,Cameroon,38.0000
us-10380,Zito,,F M S,FW,10380,,,,,,,,,
us-5353,Josip Brekalo,1998,F M S,FW,5353,293169,2500000.0000,15000000.0000,2027-06-30,right,175.0000,https://img.a.transfermarkt.technology/portrait/header/293169-1695027309.jpg?lm=1,Croatia,28.0000
us-6177,Luiz Felipe,1997,D S,DF,6177,457931,2000000.0000,22000000.0000,2027-06-30,right,187.0000,https://img.a.transfermarkt.technology/portrait/header/457931-1595857216.jpg?lm=1,Italy,29.0000
us-6118,Portu,1992,F M S,FW,6118,99353,1200000.0000,20000000.0000,2027-06-30,right,167.0000,https://img.a.transfermarkt.technology/portrait/header/99353-1669365520.jpg?lm=1,Spain,34.0000
us-11809,Lucas Bergström,2002,GK,GK,11809,490606,1400000.0000,1500000.0000,2027-06-30,right,205.0000,https://img.a.transfermarkt.technology/portrait/header/490606-1639405918.jpg?lm=1,Finland,24.0000
us-250,Ørjan Nyland,1990,GK,GK,250,73517,800000.0000,3000000.0000,,right,192.0000,https://img.a.transfermarkt.technology/portrait/header/73517-1779430891.jpg?lm=1,Norway,36.0000
us-11306,Cyril Ngonge,2000,M S,MF,11306,358032,7000000.0000,12000000.0000,2028-06-30,left,180.0000,https://img.a.transfermarkt.technology/portrait/header/358032-1674197416.jpg?lm=1,Belgium,26.0000
us-6324,Marash Kumbulla,2000,D S,DF,6324,371371,3000000.0000,27000000.0000,2028-06-30,right,191.0000,https://img.a.transfermarkt.technology/portrait/header/371371-1716969202.jpg?lm=1,Albania,26.0000
us-391,David Alaba,1992,D S,DF,391,59016,3000000.0000,65000000.0000,,left,180.0000,https://img.a.transfermarkt.technology/portrait/header/59016-1684921582.jpeg?lm=1,Austria,34.0000
us-5077,Mikel Vesga,1993,M S,MF,5077,300168,1200000.0000,6000000.0000,2027-06-30,left,191.0000,https://img.a.transfermarkt.technology/portrait/header/300168-1709675412.png?lm=1,Spain,33.0000
us-13766,Jorge Cabello,2004,D S,DF,13766,1063333,,,2028-06-30,left,183.0000,https://img.a.transfermarkt.technology/portrait/header/1063333-1726053748.jpg?lm=1,Spain,22.0000
us-12046,Jhon Solis,2004,M S,MF,12046,742521,2500000.0000,4000000.0000,2030-06-30,right,186.0000,https://img.a.transfermarkt.technology/portrait/header/742521-1715882394.jpg?lm=1,Colombia,22.0000
us-1709,Cristhian Stuani,1986,F S,FW,1709,59323,700000.0000,10000000.0000,,right,184.0000,https://img.a.transfermarkt.technology/portrait/header/59323-1726736068.jpg?lm=1,Uruguay,40.0000
us-14518,Renzo Saravia,1993,D S,DF,14518,268642,1400000.0000,5000000.0000,,right,178.0000,https://img.a.transfermarkt.technology/portrait/header/268642-1744822164.JPG?lm=1,Argentina,33.0000
us-6955,Ezequiel Ávila,1994,F S,FW,6955,167721,1200000.0000,15000000.0000,,right,172.0000,https://img.a.transfermarkt.technology/portrait/header/167721-1773344627.jpg?lm=1,Argentina,32.0000
us-13954,Álex Forés,2001,F S,FW,13954,709380,700000.0000,1500000.0000,2027-06-30,right,179.0000,https://img.a.transfermarkt.technology/portrait/header/709380-1715846218.jpg?lm=1,Spain,25.0000
us-13047,Coba da Costa,2002,M S,MF,13047,1033005,1500000.0000,3000000.0000,2029-06-30,right,182.0000,https://img.a.transfermarkt.technology/portrait/header/1033005-1732139109.JPG?lm=1,Guinea-Bissau,24.0000
us-14012,Fábio Cardoso,1994,D,DF,14012,155025,1500000.0000,4000000.0000,2028-06-30,right,187.0000,https://img.a.transfermarkt.technology/portrait/header/155025-1736318779.JPG?lm=1,Portugal,32.0000
us-1857,David López,1989,D S,DF,1857,129444,600000.0000,15000000.0000,,right,185.0000,https://img.a.transfermarkt.technology/portrait/header/129444-1448529645.jpg?lm=1,Spain,37.0000
us-2186,Morales,1987,M S,MF,2186,252677,200000.0000,10000000.0000,,right,180.0000,https://img.a.transfermarkt.technology/portrait/header/252677-1447315847.jpg?lm=1,Spain,39.0000
us-14225,Javier Boñar,2005,D S,DF,14225,741253,500000.0000,500000.0000,2028-06-30,right,180.0000,https://img.a.transfermarkt.technology/portrait/header/741253-1731932674.jpg?lm=1,Spain,21.0000
us-323,Adnan Januzaj,1995,F M S,FW,323,177847,1000000.0000,15000000.0000,,left,186.0000,https://img.a.transfermarkt.technology/portrait/header/177847-1685115304.png?lm=1,Belgium,31.0000
us-11617,Yago Alonso,,M S,MF,11617,,,,,,,,,
us-12726,Christantus Uche,2003,F,FW,12726,1124005,12000000.0000,15000000.0000,2028-06-30,both,190.0000,https://img.a.transfermarkt.technology/portrait/header/1124005-1748855413.jpg?lm=1,Nigeria,23.0000
us-5947,Mihailo Ristic,1995,D S,DF,5947,271455,800000.0000,3500000.0000,,left,180.0000,https://img.a.transfermarkt.technology/portrait/header/271455-1769759453.jpg?lm=1,Serbia,31.0000
us-12901,Antoniu Roca,2002,M S,MF,12901,834744,1800000.0000,1800000.0000,2028-06-30,right,180.0000,https://img.a.transfermarkt.technology/portrait/header/834744-1734596565.jpg?lm=1,Spain,24.0000
us-13697,Oier Luengo,1997,D,DF,13697,447823,,,2029-06-30,right,185.0000,https://img.a.transfermarkt.technology/portrait/header/447823-1697753579.jpg?lm=1,Spain,29.0000
us-7613,Moussa Diarra,2000,D,DF,7613,694509,2000000.0000,2000000.0000,2028-06-30,left,185.0000,https://img.a.transfermarkt.technology/portrait/header/694509-1708555512.jpg?lm=1,Mali,26.0000
us-13335,Goduine Koyalipou,2000,F S,FW,13335,525140,2500000.0000,2500000.0000,2028-06-30,right,184.0000,https://img.a.transfermarkt.technology/portrait/header/525140-1714738152.png?lm=1,Central African Republic,26.0000
us-10526,Abu Kamara,2003,M S,MF,10526,696764,2500000.0000,4000000.0000,2028-06-30,left,183.0000,https://img.a.transfermarkt.technology/portrait/header/696764-1702280704.jpg?lm=1,England,23.0000
us-1762,Ovie Ejaria,1997,M S,MF,1762,337284,400000.0000,4000000.0000,,right,188.0000,https://img.a.transfermarkt.technology/portrait/header/337284-1469781570.jpg?lm=1,England,29.0000
us-6233,Ferland Mendy,1995,D S,DF,6233,291417,4000000.0000,50000000.0000,2028-06-30,left,180.0000,https://img.a.transfermarkt.technology/portrait/header/291417-1701294025.jpg?lm=1,France,31.0000
us-7500,Giacomo Raspadori,2000,F S,FW,7500,405885,22000000.0000,35000000.0000,2030-06-30,right,172.0000,https://img.a.transfermarkt.technology/portrait/header/405885-1708552564.jpg?lm=1,Italy,26.0000
us-12883,Marc Domenech,2006,M S,MF,12883,1296876,1000000.0000,1000000.0000,2029-06-30,left,182.0000,https://img.a.transfermarkt.technology/portrait/header/1296876-1746443048.jpg?lm=1,Spain,20.0000
us-2418,Álvaro Odriozola,1995,D S,DF,2418,280730,800000.0000,30000000.0000,2029-06-30,right,175.0000,https://img.a.transfermarkt.technology/portrait/header/280730-1579598607.jpg?lm=1,Spain,31.0000
us-14167,Selton Sánchez,2007,M S,MF,14167,1312698,2800000.0000,3000000.0000,2029-06-30,right,185.0000,https://img.a.transfermarkt.technology/portrait/header/1312698-1731353776.png?lm=1,Spain,19.0000
us-12721,Ladislav Krejcí,1999,D,DF,12721,345911,22000000.0000,22000000.0000,2030-06-30,left,191.0000,https://img.a.transfermarkt.technology/portrait/header/345911-1716965804.jpg?lm=1,Czech Republic,27.0000
us-2090,Marc-André ter Stegen,1992,GK,GK,2090,74857,3000000.0000,90000000.0000,2028-06-30,right,187.0000,https://img.a.transfermarkt.technology/portrait/header/74857-1674465246.jpg?lm=1,Germany,34.0000
us-9424,Pablo Cuñat,,GK,GK,9424,,,,,,,,,
us-12393,Horatiu Moldovan,1998,GK,GK,12393,525438,1800000.0000,2600000.0000,2027-06-30,right,193.0000,https://img.a.transfermarkt.technology/portrait/header/525438-1718199207.jpg?lm=1,Romania,28.0000
us-5706,Dodi Lukebakio,1997,M,MF,5706,303259,15000000.0000,25000000.0000,2030-06-30,left,184.0000,https://img.a.transfermarkt.technology/portrait/header/303259-1657098989.jpg?lm=1,Belgium,29.0000
us-6740,Miguel Ángel Rubio,1998,D S,DF,6740,583510,1500000.0000,2000000.0000,2028-06-30,right,191.0000,https://img.a.transfermarkt.technology/portrait/header/583510-1702390927.jpg?lm=1,Spain,28.0000
us-7549,Abel Ruiz,2000,S,FW,7549,340376,2000000.0000,14000000.0000,2029-06-30,right,182.0000,https://img.a.transfermarkt.technology/portrait/header/340376-1694617385.jpg?lm=1,Spain,26.0000
us-9024,Yeremi Pino,2002,M,MF,9024,568157,30000000.0000,40000000.0000,2030-06-30,right,174.0000,https://img.a.transfermarkt.technology/portrait/header/568157-1686664370.jpg?lm=1,Spain,24.0000
us-10614,Damián Rodríguez,2003,M,MF,10614,715628,500000.0000,500000.0000,2028-06-30,left,180.0000,https://img.a.transfermarkt.technology/portrait/header/715628-1732612000.jpg?lm=1,Spain,23.0000
us-13821,Urko Izeta,1999,F S,FW,13821,610622,1400000.0000,2000000.0000,2027-06-30,right,175.0000,https://img.a.transfermarkt.technology/portrait/header/610622-1709678226.png?lm=1,Spain,27.0000
us-897,Juanmi,1993,S,FW,897,126737,1000000.0000,15000000.0000,2027-06-30,right,172.0000,https://img.a.transfermarkt.technology/portrait/header/126737-1653043231.jpg?lm=1,Spain,33.0000
us-14603,Damián Cáceres,2003,M S,MF,14603,845638,,,2028-06-30,right,181.0000,https://img.a.transfermarkt.technology/portrait/header/845638-1732138253.png?lm=1,Spain,23.0000
us-10273,Iker Benito,2002,M S,MF,10273,710679,1400000.0000,1500000.0000,2027-06-30,right,176.0000,https://img.a.transfermarkt.technology/portrait/header/710679-1732219683.jpg?lm=1,Spain,24.0000
us-10128,Javi Llabrés,2002,M S,MF,10128,706138,800000.0000,800000.0000,2029-06-30,both,174.0000,https://img.a.transfermarkt.technology/portrait/header/706138-1702393291.jpg?lm=1,Spain,24.0000
us-14334,Thiago Borbas,2002,S,FW,14334,743951,3500000.0000,7000000.0000,2027-12-31,right,186.0000,https://img.a.transfermarkt.technology/portrait/header/743951-1649428213.JPG?lm=1,Uruguay,24.0000
us-1423,Matías Vecino,1991,M S,MF,1423,143812,1000000.0000,25000000.0000,2027-06-30,right,187.0000,https://img.a.transfermarkt.technology/portrait/header/143812-1695026891.jpg?lm=1,Uruguay,35.0000
us-13420,Vladyslav Krapyvtsov,2005,GK S,GK,13420,1169436,300000.0000,400000.0000,2029-06-30,right,188.0000,https://img.a.transfermarkt.technology/portrait/header/1169436-1692105603.png?lm=1,Ukraine,21.0000
us-3208,Óscar Trejo,1988,M S,MF,3208,30321,300000.0000,4000000.0000,,right,180.0000,https://img.a.transfermarkt.technology/portrait/header/30321-1653039805.jpg?lm=1,Argentina,38.0000
us-11091,Veljko Birmancevic,1998,F S,FW,11091,419648,3500000.0000,9000000.0000,2027-06-30,right,179.0000,https://img.a.transfermarkt.technology/portrait/header/419648-1716239654.jpg?lm=1,Serbia,28.0000
us-10716,Manor Solomon,1999,M S,MF,10716,396638,8000000.0000,20000000.0000,2028-06-30,right,170.0000,https://img.a.transfermarkt.technology/portrait/header/396638-1684793985.jpg?lm=1,Israel,27.0000
us-7882,Sheraldo Becker,1995,S,FW,7882,188888,1500000.0000,17000000.0000,,right,180.0000,https://img.a.transfermarkt.technology/portrait/header/188888-1692707512.jpg?lm=1,Suriname,31.0000
us-9922,Jon Karrikaburu,2002,S,FW,9922,711382,1800000.0000,5000000.0000,2027-06-30,right,183.0000,https://img.a.transfermarkt.technology/portrait/header/711382-1692368413.jpg?lm=1,Spain,24.0000
us-13334,Ismael Bekhoucha,2004,D S,DF,13334,1164331,300000.0000,300000.0000,2028-06-30,right,176.0000,https://img.a.transfermarkt.technology/portrait/header/1164331-1732134880.png?lm=1,Morocco,22.0000
us-13198,Ramón Martínez,2002,S,FW,13198,882710,1000000.0000,1000000.0000,2029-06-30,right,185.0000,https://img.a.transfermarkt.technology/portrait/header/default.jpg?lm=1,Spain,24.0000
us-13843,Bambo Diaby,1997,D S,DF,13843,435493,300000.0000,600000.0000,2027-06-30,right,188.0000,https://img.a.transfermarkt.technology/portrait/header/435493-1723551440.jpg?lm=1,Spain,29.0000
us-8014,Abdón Prats,1992,S,FW,8014,177452,800000.0000,2000000.0000,2028-06-30,left,181.0000,https://img.a.transfermarkt.technology/portrait/header/177452-1696950061.jpg?lm=1,Spain,34.0000
us-12227,Álex Padilla,2003,GK,GK,12227,834483,3000000.0000,3000000.0000,2029-06-30,right,190.0000,https://img.a.transfermarkt.technology/portrait/header/834483-1709676711.png?lm=1,Mexico,23.0000
us-13227,Álvaro Cortés,2005,D,DF,13227,924610,,,2028-06-30,left,190.0000,https://img.a.transfermarkt.technology/portrait/header/924610-1759223668.jpg?lm=1,Spain,21.0000
us-14613,Luis Orejuela,2007,D,DF,14613,1487239,,,,,,https://img.a.transfermarkt.technology/portrait/header/default.jpg?lm=1,Spain,19.0000
us-527,Adrián,,GK,GK,527,,,,,,,,,
us-9505,Beñat Prados,2001,M S,MF,9505,625047,15000000.0000,20000000.0000,2031-06-30,right,180.0000,https://img.a.transfermarkt.technology/portrait/header/625047-1709675858.png?lm=1,Spain,25.0000
us-14502,Manuel Ángel,2004,M S,MF,14502,646824,5000000.0000,5000000.0000,2027-06-30,right,170.0000,https://img.a.transfermarkt.technology/portrait/header/646824-1696445512.jpg?lm=1,Spain,22.0000
us-14013,Adam El Mokhtari,,S,FW,14013,,,,,,,,,
us-12275,Willy Kambwala,2004,D S,DF,12275,780630,3000000.0000,5000000.0000,2029-06-30,right,192.0000,https://img.a.transfermarkt.technology/portrait/header/780630-1743688107.jpg?lm=1,France,22.0000
us-13749,Dro Fernández,2008,M S,MF,13749,1071596,10000000.0000,10000000.0000,2030-06-30,right,180.0000,https://img.a.transfermarkt.technology/portrait/header/1071596-1774274719.jpg?lm=1,Spain,18.0000
us-11494,Justin-Noel Kalumba,2004,F S,FW,11494,1101641,800000.0000,800000.0000,2029-06-30,left,171.0000,https://img.a.transfermarkt.technology/portrait/header/1101641-1750956932.png?lm=1,France,22.0000
us-13543,Valde,,D,DF,13543,,,,,,,,,
us-13113,David Jiménez,2004,D S,DF,13113,935281,3000000.0000,3000000.0000,2027-06-30,right,170.0000,https://img.a.transfermarkt.technology/portrait/header/935281-1747318985.jpg?lm=1,Spain,22.0000
us-11105,Abdul Mumin,1998,D S,DF,11105,451801,3000000.0000,5000000.0000,,right,188.0000,https://img.a.transfermarkt.technology/portrait/header/451801-1776270192.jpg?lm=1,Ghana,28.0000
us-14413,Wesley,,M S,MF,14413,,,,,,,,,
us-11381,Dawda Camara,2002,F S,FW,11381,891923,1000000.0000,1000000.0000,2027-06-30,right,188.0000,https://img.a.transfermarkt.technology/portrait/header/default.jpg?lm=1,Mauritania,24.0000
us-14287,Alejandro Mestanza,2004,M S,MF,14287,1118201,,,2027-06-30,right,177.0000,https://img.a.transfermarkt.technology/portrait/header/1118201-1731932906.jpg?lm=1,Spain,22.0000
us-14397,Tai Abed,2004,S,FW,14397,921345,1000000.0000,1000000.0000,2029-06-30,left,178.0000,https://img.a.transfermarkt.technology/portrait/header/921345-1752587415.jpg?lm=1,Israel,22.0000
us-14352,César Palacios,2004,S,FW,14352,948272,7500000.0000,7500000.0000,2027-06-30,right,182.0000,https://img.a.transfermarkt.technology/portrait/header/948272-1707907926.jpg?lm=1,Spain,22.0000
us-13580,Mikel Goti,2002,M S,MF,13580,709215,1500000.0000,1500000.0000,2028-06-30,left,185.0000,https://img.a.transfermarkt.technology/portrait/header/709215-1732795497.png?lm=1,Spain,24.0000
us-14173,Pablo Agudín,2007,S,FW,14173,1081496,1000000.0000,1000000.0000,2029-06-30,right,178.0000,https://img.a.transfermarkt.technology/portrait/header/1081496-1783117999.jpg?lm=1,Spain,19.0000
us-13997,Hugo Lopez,2007,M S,MF,13997,1331450,1000000.0000,1000000.0000,2027-06-30,right,178.0000,https://img.a.transfermarkt.technology/portrait/header/1331450-1782832080.jpg?lm=1,Spain,19.0000
us-7841,Dani Rodríguez,1988,S,FW,7841,139435,100000.0000,1500000.0000,2027-06-30,right,178.0000,https://img.a.transfermarkt.technology/portrait/header/139435-1583332711.jpg?lm=1,Spain,38.0000
us-8689,Yvan Neyou,1997,S,FW,8689,469669,2000000.0000,5000000.0000,2028-06-30,right,180.0000,https://img.a.transfermarkt.technology/portrait/header/469669-1703762516.jpg?lm=1,Cameroon,29.0000
us-14208,Gorka Carrera,2005,S,FW,14208,1063598,,,2030-06-30,left,178.0000,https://img.a.transfermarkt.technology/portrait/header/1063598-1773830415.jpg?lm=1,Spain,21.0000
us-13110,Toni Fernández,2008,F,FW,13110,1066206,,,2027-06-30,left,175.0000,https://img.a.transfermarkt.technology/portrait/header/1066206-1761737036.jpg?lm=1,Spain,18.0000
us-10620,Luca Koleosho,2004,S,FW,10620,745461,6000000.0000,12000000.0000,2029-06-30,right,175.0000,https://img.a.transfermarkt.technology/portrait/header/745461-1759159569.jpg?lm=1,Italy,22.0000
us-12426,Stanis Idumbo Muzambo,2005,M,MF,12426,743387,4000000.0000,5000000.0000,2030-06-30,right,171.0000,https://img.a.transfermarkt.technology/portrait/header/743387-1652692759.jpg?lm=1,Belgium,21.0000
us-14586,Cubo,2008,S,FW,14586,1453065,,,2029-06-30,right,184.0000,https://img.a.transfermarkt.technology/portrait/header/1453065-1782214262.jpg?lm=1,Spain,18.0000
us-12995,Bojan Miovski,1999,F,FW,12995,476219,2500000.0000,4000000.0000,2029-06-30,left,189.0000,https://img.a.transfermarkt.technology/portrait/header/476219-1611947628.jpeg?lm=1,North Macedonia,27.0000
us-14093,Javier Olaizola,2007,S,FW,14093,1385448,,,2028-06-30,left,,https://img.a.transfermarkt.technology/portrait/header/default.jpg?lm=1,Spain,19.0000
us-8946,Mourad El Ghezouani,1998,S,FW,8946,527972,2500000.0000,2500000.0000,,right,188.0000,https://img.a.transfermarkt.technology/portrait/header/527972-1675802710.jpg?lm=1,Morocco,28.0000
us-14224,Aleksa Puric,2003,S,FW,14224,699233,,,2029-06-30,right,196.0000,https://img.a.transfermarkt.technology/portrait/header/default.jpg?lm=1,Serbia,23.0000
us-13266,Daniel Yáñez,2007,S,FW,13266,962124,,,2029-06-30,left,177.0000,https://img.a.transfermarkt.technology/portrait/header/962124-1730833303.jpg?lm=1,Spain,19.0000
us-13703,Marco Esteban,2006,S,FW,13703,1065832,,,2028-06-30,right,183.0000,https://img.a.transfermarkt.technology/portrait/header/1065832-1758832570.jpg?lm=1,Spain,20.0000
us-8821,Donny van de Beek,1997,M S,MF,8821,288255,1800000.0000,55000000.0000,2028-06-30,right,184.0000,https://img.a.transfermarkt.technology/portrait/header/288255-1642174403.jpg?lm=1,Netherlands,29.0000
us-14612,Miguel Calatayud,2006,S,FW,14612,1393997,,,2027-06-30,,,https://img.a.transfermarkt.technology/portrait/header/default.jpg?lm=1,Spain,20.0000
us-13748,Jofre Torrents,2007,S,FW,13748,1009765,,,2028-06-30,left,185.0000,https://img.a.transfermarkt.technology/portrait/header/1009765-1758897716.jpg?lm=1,Spain,19.0000
us-14183,Asier Hierro,2005,S,FW,14183,1056970,,,2028-06-30,right,190.0000,https://img.a.transfermarkt.technology/portrait/header/1056970-1709678306.png?lm=1,Spain,21.0000
us-14216,Eder García,2004,S,FW,14216,979324,,,2027-06-30,right,183.0000,https://img.a.transfermarkt.technology/portrait/header/979324-1732796174.jpg?lm=1,Spain,22.0000
us-14202,Jorge Montes,2004,S,FW,14202,1013810,,,2027-06-30,,,https://img.a.transfermarkt.technology/portrait/header/default.jpg?lm=1,Spain,22.0000
us-13236,Diego Aguado,2007,S,FW,13236,1208520,,,2029-06-30,left,184.0000,https://img.a.transfermarkt.technology/portrait/header/1208520-1730833483.jpg?lm=1,Spain,19.0000
us-14089,Lancinet Kourouma,2004,S,FW,14089,974251,500000.0000,500000.0000,2028-06-30,right,180.0000,https://img.a.transfermarkt.technology/portrait/header/974251-1769783998.jpg?lm=1,Guinea,22.0000
us-9008,Jairo Izquierdo,1993,S,FW,9008,337946,800000.0000,800000.0000,2027-05-31,left,165.0000,https://img.a.transfermarkt.technology/portrait/header/337946-1763131754.jpg?lm=1,Spain,33.0000
us-13229,Alassane Diatta,2005,S,FW,13229,1249340,,,2030-06-30,left,190.0000,https://img.a.transfermarkt.technology/portrait/header/1249340-1769694931.jpg?lm=1,Senegal,21.0000
us-14080,Taufik Seidu,2008,S,FW,14080,1114187,,,2029-06-30,right,182.0000,https://img.a.transfermarkt.technology/portrait/header/1114187-1731960475.jpg?lm=1,Spain,18.0000
us-14588,Lluc Castell,2006,S,FW,14588,1101356,,,2027-06-30,right,164.0000,https://img.a.transfermarkt.technology/portrait/header/default.jpg?lm=1,Spain,20.0000
us-2122,Joan Jordán,1994,S,FW,2122,263727,1000000.0000,30000000.0000,2027-06-30,right,185.0000,https://img.a.transfermarkt.technology/portrait/header/263727-1620305031.jpg?lm=1,Spain,32.0000
us-13889,Jano Monserrate,2006,S,FW,13889,1209287,,,2030-06-30,left,177.0000,https://img.a.transfermarkt.technology/portrait/header/1209287-1731932940.jpg?lm=1,Spain,20.0000
us-14227,Juan Arango,2006,S,FW,14227,1025582,50000.0000,50000.0000,2028-06-30,right,175.0000,https://img.a.transfermarkt.technology/portrait/header/default.jpg?lm=1,Venezuela,20.0000
us-13558,Daniel Díaz,2006,S,FW,13558,937945,400000.0000,400000.0000,2029-06-30,left,167.0000,https://img.a.transfermarkt.technology/portrait/header/937945-1750759839.jpg?lm=1,Spain,20.0000
us-13855,Iván Corralejo,2007,S,FW,13855,1111831,,,2028-06-30,,176.0000,https://img.a.transfermarkt.technology/portrait/header/default.jpg?lm=1,Spain,19.0000
us-7424,Alex Sola,1999,S,FW,7424,434990,2000000.0000,4000000.0000,2030-06-30,right,178.0000,https://img.a.transfermarkt.technology/portrait/header/434990-1680536108.jpg?lm=1,Spain,27.0000
us-13036,Pau Cabanes De La Torre,2003,S,FW,13036,720038,5000000.0000,7500000.0000,2029-06-30,right,173.0000,https://img.a.transfermarkt.technology/portrait/header/720038-1724406086.jpg?lm=1,Spain,23.0000
us-13695,Samu Becerra,2006,S,FW,13695,1384911,300000.0000,300000.0000,2027-06-30,right,173.0000,https://img.a.transfermarkt.technology/portrait/header/1384911-1773220130.jpg?lm=1,Spain,20.0000
us-13702,Borja Sánchez,1996,S,FW,13702,217155,,,,right,186.0000,https://img.a.transfermarkt.technology/portrait/header/217155-1771440862.png?lm=1,Spain,30.0000
us-13704,Omar Falah,2003,S,FW,13704,1038133,,,2027-06-30,left,182.0000,https://img.a.transfermarkt.technology/portrait/header/default.jpg?lm=1,Spain,23.0000
us-14116,Diego Morcillo,2003,S,FW,14116,1035156,,,2027-06-30,right,185.0000,https://img.a.transfermarkt.technology/portrait/header/default.jpg?lm=1,Spain,23.0000
us-14246,Jorge Cestero,2006,S,FW,14246,1186235,7500000.0000,7500000.0000,2028-06-30,right,178.0000,https://img.a.transfermarkt.technology/portrait/header/1186235-1759738619.jpg?lm=1,Spain,20.0000
us-8416,Sergio Lozano,1999,S,FW,8416,341277,1500000.0000,2000000.0000,2027-06-30,right,175.0000,https://img.a.transfermarkt.technology/portrait/header/341277-1760514977.JPG?lm=1,Spain,27.0000
us-12951,Jan Salas,2005,S,FW,12951,1063574,500000.0000,500000.0000,2028-06-30,right,182.0000,https://img.a.transfermarkt.technology/portrait/header/default.jpg?lm=1,Spain,21.0000
us-14205,Tomás Marqués,2006,S,FW,14205,938156,,,2028-06-30,right,186.0000,https://img.a.transfermarkt.technology/portrait/header/938156-1750759779.jpg?lm=1,Spain,20.0000
us-14366,Álex Sánchez,2006,S,FW,14366,1186244,,,2027-06-30,left,,https://img.a.transfermarkt.technology/portrait/header/default.jpg?lm=1,Spain,20.0000
us-11705,Federico Gattoni,1999,S,FW,11705,660735,800000.0000,5500000.0000,2027-06-30,right,183.0000,https://img.a.transfermarkt.technology/portrait/header/660735-1721919385.png?lm=1,Argentina,27.0000
us-13638,Hugo Solozabal,2003,S,FW,13638,945767,50000.0000,50000.0000,2028-06-30,,,https://img.a.transfermarkt.technology/portrait/header/default.jpg?lm=1,Spain,23.0000
us-14322,Ibai Aguirre,2007,S,FW,14322,1354775,,,2031-06-30,left,185.0000,https://img.a.transfermarkt.technology/portrait/header/default.jpg?lm=1,Spain,19.0000
us-14630,Manuel Serrano,2004,S,FW,14630,940464,,,2027-06-30,,175.0000,https://img.a.transfermarkt.technology/portrait/header/940464-1771590182.jpg?lm=1,Spain,22.0000
us-14353,Álvaro Leiva,2004,S,FW,14353,875306,,,2027-06-30,right,173.0000,https://img.a.transfermarkt.technology/portrait/header/875306-1700781213.png?lm=1,Spain,22.0000
us-14117,Carlos Ballestero,2004,S,FW,14117,945760,,,2027-06-30,both,178.0000,https://img.a.transfermarkt.technology/portrait/header/945760-1733488790.jpg?lm=1,Spain,22.0000
us-13646,Lander Pinillos,2003,S,FW,13646,895591,,,2027-06-30,,,https://img.a.transfermarkt.technology/portrait/header/895591-1746124756.jpg?lm=1,Spain,23.0000
us-12044,Dani Pérez,2005,S,FW,12044,895331,300000.0000,500000.0000,2029-06-30,right,173.0000,https://img.a.transfermarkt.technology/portrait/header/default.jpg?lm=1,Spain,21.0000
us-13267,Arkaitz Mariezkurrena,2005,S,FW,13267,962145,800000.0000,800000.0000,2029-06-30,left,181.0000,https://img.a.transfermarkt.technology/portrait/header/962145-1732795549.png?lm=1,Spain,21.0000
us-12354,Iñaki Rupérez,2003,S,FW,12354,1055860,300000.0000,300000.0000,2029-06-30,right,177.0000,https://img.a.transfermarkt.technology/portrait/header/1055860-1732795256.png?lm=1,Spain,23.0000
us-14259,Lander Astiazarán,2006,S,FW,14259,1201529,,,2027-06-30,right,178.0000,https://img.a.transfermarkt.technology/portrait/header/1201529-1774346387.jpg?lm=1,Spain,20.0000
us-10155,Rubén Iranzo,2003,S,FW,10155,668212,300000.0000,300000.0000,2027-06-30,right,182.0000,https://img.a.transfermarkt.technology/portrait/header/668212-1698963091.jpg?lm=1,Spain,23.0000
