partido_id,temporada,fecha_id,fecha,equipo_id,rival_id,es_local,goles_favor,goles_contra,xg_favor,xg_contra,tiros,tiros_contra,tiros_puerta,corners,amarillas,rojas,ppda,prob_victoria,puntos,resultado,jornada_equipo,puntos_acum,goles_favor_acum,goles_contra_acum,xg_favor_acum,xg_contra_acum,dg_acum,posicion_jornada
20250815_girona_rayo-vallecano,2025-26,20250815,2025-08-15,girona,rayo vallecano,1,1,3,0.7953,3.2536,7,16,2,2,0,1,24.0000,0.4212,0.0000,D,1,0.0000,1,3,0.7953,3.2536,-2,17
20250815_girona_rayo-vallecano,2025-26,20250815,2025-08-15,rayo vallecano,girona,0,3,1,3.2536,0.7953,16,7,5,4,1,0,7.2667,0.2894,3.0000,V,1,3.0000,3,1,3.2536,0.7953,2,2
20250815_villarreal_oviedo,2025-26,20250815,2025-08-15,villarreal,oviedo,1,2,0,2.6074,0.8558,25,5,10,10,1,0,8.1429,0.6843,3.0000,V,1,3.0000,2,0,2.6074,0.8558,2,4
20250815_villarreal_oviedo,2025-26,20250815,2025-08-15,oviedo,villarreal,0,0,2,0.8558,2.6074,5,25,4,1,2,1,40.4286,0.1164,0.0000,D,1,0.0000,0,2,0.8558,2.6074,-2,19
20250816_alaves_levante,2025-26,20250816,2025-08-16,alaves,levante,1,2,1,1.7231,0.7420,15,7,4,10,0,0,6.3810,0.4307,3.0000,V,1,3.0000,2,1,1.7231,0.7420,1,6
20250816_alaves_levante,2025-26,20250816,2025-08-16,levante,alaves,0,1,2,0.7420,1.7231,7,15,3,1,1,0,20.0833,0.2591,0.0000,D,1,0.0000,1,2,0.7420,1.7231,-1,15
20250816_mallorca_barcelona,2025-26,20250816,2025-08-16,mallorca,barcelona,1,0,3,0.5292,2.0243,4,24,1,3,4,2,19.2500,0.1400,0.0000,D,1,0.0000,0,3,0.5292,2.0243,-3,20
20250816_mallorca_barcelona,2025-26,20250816,2025-08-16,barcelona,mallorca,0,3,0,2.0243,0.5292,24,4,8,6,1,0,4.0333,0.6607,3.0000,V,1,3.0000,3,0,2.0243,0.5292,3,1
20250816_valencia_sociedad,2025-26,20250816,2025-08-16,valencia,sociedad,1,1,1,1.5860,1.0490,18,13,2,8,1,0,18.1667,0.3686,1.0000,E,1,1.0000,1,1,1.5860,1.0490,0,12
20250816_valencia_sociedad,2025-26,20250816,2025-08-16,sociedad,valencia,0,1,1,1.0490,1.5860,13,18,3,7,2,0,12.1000,0.3062,1.0000,E,1,1.0000,1,1,1.0490,1.5860,0,11
20250817_athletic_sevilla,2025-26,20250817,2025-08-17,athletic,sevilla,1,3,2,2.6759,0.9016,14,12,3,10,0,0,20.2667,0.6069,3.0000,V,1,3.0000,3,2,2.6759,0.9016,1,5
20250817_athletic_sevilla,2025-26,20250817,2025-08-17,sevilla,athletic,0,2,3,0.9016,2.6759,12,14,6,1,2,0,10.0476,0.1525,0.0000,D,1,0.0000,2,3,0.9016,2.6759,-1,13
20250817_celta_getafe,2025-26,20250817,2025-08-17,celta,getafe,1,0,2,0.7442,1.5013,11,10,3,9,3,0,3.7931,0.5503,0.0000,D,1,0.0000,0,2,0.7442,1.5013,-2,18
20250817_celta_getafe,2025-26,20250817,2025-08-17,getafe,celta,0,2,0,1.5013,0.7442,10,11,3,3,2,0,16.2105,0.1793,3.0000,V,1,3.0000,2,0,1.5013,0.7442,2,3
20250817_espanyol_atletico-madrid,2025-26,20250817,2025-08-17,espanyol,atletico madrid,1,2,1,1.4151,1.2932,10,15,5,1,3,0,19.6842,0.1503,3.0000,V,1,3.0000,2,1,1.4151,1.2932,1,7
20250817_espanyol_atletico-madrid,2025-26,20250817,2025-08-17,atletico madrid,espanyol,0,1,2,1.2932,1.4151,15,10,4,3,3,0,13.2222,0.6062,0.0000,D,1,0.0000,1,2,1.2932,1.4151,-1,14
20250818_elche_betis,2025-26,20250818,2025-08-18,elche,betis,1,1,1,0.9815,1.5956,6,12,2,1,0,0,8.2500,0.2815,1.0000,E,1,1.0000,1,1,0.9815,1.5956,0,10
20250818_elche_betis,2025-26,20250818,2025-08-18,betis,elche,0,1,1,1.5956,0.9815,12,6,4,3,1,0,21.3158,0.4319,1.0000,E,1,1.0000,1,1,1.5956,0.9815,0,9
20250819_madrid_osasuna,2025-26,20250819,2025-08-19,madrid,osasuna,1,1,0,1.4294,0.2010,18,2,5,7,1,0,7.2500,0.7866,3.0000,V,1,3.0000,1,0,1.4294,0.2010,1,8
20250819_madrid_osasuna,2025-26,20250819,2025-08-19,osasuna,madrid,0,0,1,0.2010,1.4294,2,18,0,0,0,1,20.8462,0.0717,0.0000,D,1,0.0000,0,1,0.2010,1.4294,-1,16
20250822_betis_alaves,2025-26,20250822,2025-08-22,betis,alaves,1,1,0,2.1399,1.4384,16,11,5,5,2,0,13.6842,0.5034,3.0000,V,2,4.0000,2,1,3.7355,2.4199,1,7
20250822_betis_alaves,2025-26,20250822,2025-08-22,alaves,betis,0,0,1,1.4384,2.1399,11,16,5,2,3,0,9.7586,0.2166,0.0000,D,2,3.0000,2,2,3.1615,2.8819,0,9
20250823_atletico-madrid_elche,2025-26,20250823,2025-08-23,atletico madrid,elche,1,1,1,1.6816,0.3133,13,6,6,10,0,0,7.9688,0.7622,1.0000,E,2,1.0000,2,3,2.9748,1.7283,-1,13
20250823_atletico-madrid_elche,2025-26,20250823,2025-08-23,elche,atletico madrid,0,1,1,0.3133,1.6816,6,13,2,2,3,0,15.0556,0.0732,1.0000,E,2,2.0000,2,2,1.2948,3.2772,0,12
20250823_levante_barcelona,2025-26,20250823,2025-08-23,levante,barcelona,1,2,3,2.6881,2.4813,8,26,5,0,3,0,18.5625,0.0907,0.0000,D,2,0.0000,3,5,3.4302,4.2044,-2,17
20250823_levante_barcelona,2025-26,20250823,2025-08-23,barcelona,levante,0,3,2,2.4813,2.6881,26,8,10,11,1,0,4.3889,0.7638,3.0000,V,2,6.0000,6,2,4.5056,3.2173,4,2
20250823_mallorca_celta,2025-26,20250823,2025-08-23,mallorca,celta,1,1,1,0.6650,0.9174,12,8,4,3,3,0,17.6471,0.3207,1.0000,E,2,1.0000,1,4,1.1942,2.9417,-3,16
20250823_mallorca_celta,2025-26,20250823,2025-08-23,celta,mallorca,0,1,1,0.9174,0.6650,8,12,2,4,3,0,16.3333,0.3742,1.0000,E,2,1.0000,1,3,1.6617,2.1663,-2,15
20250824_osasuna_valencia,2025-26,20250824,2025-08-24,osasuna,valencia,1,1,0,0.9468,0.5896,16,4,4,3,2,0,11.6842,0.3980,3.0000,V,2,3.0000,1,1,1.1478,2.0190,0,10
20250824_osasuna_valencia,2025-26,20250824,2025-08-24,valencia,osasuna,0,0,1,0.5896,0.9468,4,16,1,4,1,1,16.4286,0.3001,0.0000,D,2,1.0000,1,2,2.1756,1.9957,-1,14
20250824_oviedo_madrid,2025-26,20250824,2025-08-24,oviedo,madrid,1,0,3,0.3375,1.8207,6,26,3,1,2,0,24.7500,0.0972,0.0000,D,2,0.0000,0,5,1.1933,4.4281,-5,19
20250824_oviedo_madrid,2025-26,20250824,2025-08-24,madrid,oviedo,0,3,0,1.8207,0.3375,26,6,10,9,1,0,7.8276,0.7233,3.0000,V,2,6.0000,4,0,3.2501,0.5385,4,3
20250824_sociedad_espanyol,2025-26,20250824,2025-08-24,sociedad,espanyol,1,2,2,1.4337,1.8723,15,14,7,5,2,0,6.1923,0.5188,1.0000,E,2,2.0000,3,3,2.4826,3.4583,0,11
20250824_sociedad_espanyol,2025-26,20250824,2025-08-24,espanyol,sociedad,0,2,2,1.8723,1.4337,14,15,3,2,2,0,11.6154,0.2041,1.0000,E,2,4.0000,4,3,3.2874,2.7268,1,6
20250824_villarreal_girona,2025-26,20250824,2025-08-24,villarreal,girona,1,5,0,2.9771,0.1403,19,5,7,8,1,0,18.4375,0.6164,3.0000,V,2,6.0000,7,0,5.5845,0.9960,7,1
20250824_villarreal_girona,2025-26,20250824,2025-08-24,girona,villarreal,0,0,5,0.1403,2.9771,5,19,2,1,2,0,13.3478,0.1647,0.0000,D,2,0.0000,1,8,0.9356,6.2306,-7,20
20250825_athletic_rayo-vallecano,2025-26,20250825,2025-08-25,athletic,rayo vallecano,1,1,0,1.6876,0.4936,11,6,4,3,0,0,12.8800,0.5548,3.0000,V,2,6.0000,4,2,4.3635,1.3952,2,5
20250825_athletic_rayo-vallecano,2025-26,20250825,2025-08-25,rayo vallecano,athletic,0,0,1,0.4936,1.6876,6,11,1,6,4,0,10.2778,0.1810,0.0000,D,2,3.0000,3,2,3.7471,2.4829,1,8
20250825_sevilla_getafe,2025-26,20250825,2025-08-25,sevilla,getafe,1,1,2,0.8331,1.3294,12,9,3,5,2,0,3.6250,0.4162,0.0000,D,2,0.0000,3,5,1.7347,4.0053,-2,18
20250825_sevilla_getafe,2025-26,20250825,2025-08-25,getafe,sevilla,0,2,1,1.3294,0.8331,9,12,6,3,2,0,13.1739,0.2706,3.0000,V,2,6.0000,4,1,2.8308,1.5773,3,4
20250827_celta_betis,2025-26,20250827,2025-08-27,celta,betis,1,1,1,0.9052,0.7145,14,7,5,10,1,0,19.8667,0.4310,1.0000,E,3,2.0000,2,4,2.5669,2.8807,-2,17
20250827_celta_betis,2025-26,20250827,2025-08-27,betis,celta,0,1,1,0.7145,0.9052,7,14,2,4,2,0,13.6087,0.2978,1.0000,E,3,5.0000,3,2,4.4499,3.3251,1,8
20250829_elche_levante,2025-26,20250829,2025-08-29,elche,levante,1,2,0,1.4431,0.9697,16,11,5,4,1,0,7.3684,0.4354,3.0000,V,3,5.0000,4,2,2.7379,4.2469,2,7
20250829_elche_levante,2025-26,20250829,2025-08-29,levante,elche,0,0,2,0.9697,1.4431,11,16,1,2,2,0,18.1667,0.2684,0.0000,D,3,0.0000,3,7,4.3998,5.6475,-4,19
20250829_valencia_getafe,2025-26,20250829,2025-08-29,valencia,getafe,1,3,0,1.5434,0.7574,7,11,4,8,2,0,9.7333,0.4193,3.0000,V,3,4.0000,4,2,3.7189,2.7531,2,9
20250829_valencia_getafe,2025-26,20250829,2025-08-29,getafe,valencia,0,0,3,0.7574,1.5434,11,7,1,6,0,0,12.0500,0.2599,0.0000,D,3,6.0000,4,4,3.5882,3.1207,0,6
20250830_alaves_atletico-madrid,2025-26,20250830,2025-08-30,alaves,atletico madrid,1,1,1,0.8551,0.9605,5,15,2,1,2,0,20.9286,0.2035,1.0000,E,3,4.0000,3,3,4.0166,3.8424,0,11
20250830_alaves_atletico-madrid,2025-26,20250830,2025-08-30,atletico madrid,alaves,0,1,1,0.9605,0.8551,15,5,6,6,3,0,5.5000,0.5305,1.0000,E,3,2.0000,3,4,3.9353,2.5834,-1,15
20250830_girona_sevilla,2025-26,20250830,2025-08-30,girona,sevilla,1,0,2,2.0091,1.6203,20,13,5,11,0,0,9.4500,0.3908,0.0000,D,3,0.0000,1,10,2.9447,7.8509,-9,20
20250830_girona_sevilla,2025-26,20250830,2025-08-30,sevilla,girona,0,2,0,1.6203,2.0091,13,20,4,3,2,0,14.2632,0.3217,3.0000,V,3,3.0000,5,5,3.3550,6.0144,0,12
20250830_madrid_mallorca,2025-26,20250830,2025-08-30,madrid,mallorca,1,2,1,1.8412,0.5499,17,9,7,4,2,0,9.5652,0.8010,3.0000,V,3,9.0000,6,1,5.0913,1.0884,5,1
20250830_madrid_mallorca,2025-26,20250830,2025-08-30,mallorca,madrid,0,1,2,0.5499,1.8412,9,17,5,5,0,0,19.3636,0.0631,0.0000,D,3,1.0000,2,6,1.7441,4.7829,-4,18
20250830_oviedo_sociedad,2025-26,20250830,2025-08-30,oviedo,sociedad,1,1,0,0.4571,0.9222,8,18,1,1,2,0,19.3750,0.2721,3.0000,V,3,3.0000,1,5,1.6503,5.3503,-4,14
20250830_oviedo_sociedad,2025-26,20250830,2025-08-30,sociedad,oviedo,0,0,1,0.9222,0.4571,18,8,6,10,1,0,9.6400,0.4234,0.0000,D,3,2.0000,3,4,3.4048,3.9154,-1,16
20250831_betis_athletic,2025-26,20250831,2025-08-31,betis,athletic,1,1,2,0.7162,1.1114,9,15,2,4,1,0,10.1154,0.3189,0.0000,D,4,5.0000,4,4,5.1661,4.4365,0,11
20250831_betis_athletic,2025-26,20250831,2025-08-31,athletic,betis,0,2,1,1.1114,0.7162,15,9,6,10,4,1,8.5484,0.3824,3.0000,V,3,9.0000,6,3,5.4749,2.1114,3,2
20250831_celta_villarreal,2025-26,20250831,2025-08-31,celta,villarreal,1,1,1,0.8760,0.9698,10,8,2,1,1,0,9.7727,0.3469,1.0000,E,4,3.0000,3,5,3.4429,3.8505,-2,15
20250831_celta_villarreal,2025-26,20250831,2025-08-31,villarreal,celta,0,1,1,0.9698,0.8760,8,10,3,5,1,0,21.6316,0.3868,1.0000,E,3,7.0000,8,1,6.5542,1.8721,7,3
20250831_espanyol_osasuna,2025-26,20250831,2025-08-31,espanyol,osasuna,1,1,0,1.3689,1.3817,10,10,4,2,2,0,14.4500,0.4000,3.0000,V,3,7.0000,5,3,4.6563,4.1085,2,5
20250831_espanyol_osasuna,2025-26,20250831,2025-08-31,osasuna,espanyol,0,0,1,1.3817,1.3689,10,10,3,3,3,0,11.8947,0.3029,0.0000,D,3,3.0000,1,2,2.5295,3.3879,-1,13
20250831_rayo-vallecano_barcelona,2025-26,20250831,2025-08-31,rayo vallecano,barcelona,1,1,1,1.8712,2.3577,12,12,6,9,4,0,8.0312,0.1395,1.0000,E,3,4.0000,4,3,5.6184,4.8406,1,10
20250831_rayo-vallecano_barcelona,2025-26,20250831,2025-08-31,barcelona,rayo vallecano,0,1,1,2.3577,1.8712,12,12,3,4,1,0,8.4000,0.6765,1.0000,E,3,7.0000,7,3,6.8633,5.0886,4,4
20250912_sevilla_elche,2025-26,20250912,2025-09-12,sevilla,elche,1,2,2,0.3464,0.7812,7,5,3,2,4,0,5.4500,0.5107,1.0000,E,4,4.0000,7,7,3.7014,6.7955,0,12
20250912_sevilla_elche,2025-26,20250912,2025-09-12,elche,sevilla,0,2,2,0.7812,0.3464,5,7,2,2,3,0,6.3571,0.2114,1.0000,E,4,6.0000,6,4,3.5190,4.5933,2,8
20250913_athletic_alaves,2025-26,20250913,2025-09-13,athletic,alaves,1,0,1,0.8667,0.0908,12,4,3,6,4,0,5.0789,0.6020,0.0000,D,4,9.0000,6,4,6.3415,2.2022,2,4
20250913_athletic_alaves,2025-26,20250913,2025-09-13,alaves,athletic,0,1,0,0.0908,0.8667,4,12,2,6,3,0,9.7308,0.1512,3.0000,V,4,7.0000,4,3,4.1074,4.7091,1,7
20250913_atletico-madrid_villarreal,2025-26,20250913,2025-09-13,atletico madrid,villarreal,1,2,0,1.5106,0.6682,8,8,3,8,2,0,14.2857,0.5230,3.0000,V,4,5.0000,5,4,5.4459,3.2516,1,10
20250913_atletico-madrid_villarreal,2025-26,20250913,2025-09-13,villarreal,atletico madrid,0,0,2,0.6682,1.5106,8,8,1,3,4,0,21.7647,0.2212,0.0000,D,4,7.0000,8,3,7.2224,3.3827,5,6
20250913_getafe_oviedo,2025-26,20250913,2025-09-13,getafe,oviedo,1,2,0,0.9541,0.3698,10,5,3,4,2,0,8.6296,0.4805,3.0000,V,4,9.0000,6,4,4.5423,3.4905,2,5
20250913_getafe_oviedo,2025-26,20250913,2025-09-13,oviedo,getafe,0,0,2,0.3698,0.9541,5,10,1,3,5,1,7.9000,0.2117,0.0000,D,4,3.0000,1,7,2.0201,6.3044,-6,16
20250913_sociedad_madrid,2025-26,20250913,2025-09-13,sociedad,madrid,1,1,2,3.1477,2.5417,23,16,4,12,2,0,8.1053,0.1798,0.0000,D,4,2.0000,4,6,6.5526,6.4571,-2,17
20250913_sociedad_madrid,2025-26,20250913,2025-09-13,madrid,sociedad,0,2,1,2.5417,3.1477,16,23,6,4,1,1,14.5625,0.5938,3.0000,V,4,12.0000,8,2,7.6330,4.2361,6,1
20250914_barcelona_valencia,2025-26,20250914,2025-09-14,barcelona,valencia,1,6,0,3.4602,0.1250,24,2,10,5,0,0,6.7000,0.7833,3.0000,V,4,10.0000,13,3,10.3235,5.2135,10,2
20250914_barcelona_valencia,2025-26,20250914,2025-09-14,valencia,barcelona,0,0,6,0.1250,3.4602,2,24,1,4,1,0,23.0625,0.0826,0.0000,D,4,4.0000,4,8,3.8439,6.2134,-4,14
20250914_celta_girona,2025-26,20250914,2025-09-14,celta,girona,1,1,1,1.8028,1.4121,21,13,7,10,0,0,12.0455,0.5579,1.0000,E,5,4.0000,4,6,5.2457,5.2627,-2,16
20250914_celta_girona,2025-26,20250914,2025-09-14,girona,celta,0,1,1,1.4121,1.8028,13,21,8,3,3,0,22.4667,0.2045,1.0000,E,4,1.0000,2,11,4.3568,9.6537,-9,20
20250914_levante_betis,2025-26,20250914,2025-09-14,levante,betis,1,2,2,1.0243,2.1955,5,28,2,4,3,0,14.8095,0.2951,1.0000,E,4,1.0000,5,9,5.4241,7.8430,-4,18
20250914_levante_betis,2025-26,20250914,2025-09-14,betis,levante,0,2,2,2.1955,1.0243,28,5,9,12,2,0,6.8500,0.4171,1.0000,E,5,6.0000,6,6,7.3616,5.4607,0,12
20250914_osasuna_rayo-vallecano,2025-26,20250914,2025-09-14,osasuna,rayo vallecano,1,2,0,1.4012,0.9791,9,19,7,3,3,0,22.5385,0.3789,3.0000,V,4,6.0000,3,2,3.9307,4.3670,1,9
20250914_osasuna_rayo-vallecano,2025-26,20250914,2025-09-14,rayo vallecano,osasuna,0,0,2,0.9791,1.4012,19,9,6,6,2,0,10.9286,0.3229,0.0000,D,4,4.0000,4,5,6.5975,6.2418,-1,13
20250915_espanyol_mallorca,2025-26,20250915,2025-09-15,espanyol,mallorca,1,3,2,2.6740,2.0318,9,24,3,3,2,1,20.6154,0.4380,3.0000,V,4,10.0000,8,5,7.3303,6.1404,3,3
20250915_espanyol_mallorca,2025-26,20250915,2025-09-15,mallorca,espanyol,0,2,3,2.0318,2.6740,24,9,10,9,1,0,8.7273,0.2709,0.0000,D,4,1.0000,4,9,3.7759,7.4569,-5,19
20250919_betis_sociedad,2025-26,20250919,2025-09-19,betis,sociedad,1,3,1,2.5358,0.6067,21,11,6,3,3,0,9.2903,0.4892,3.0000,V,6,9.0000,9,7,9.8974,6.0674,2,9
20250919_betis_sociedad,2025-26,20250919,2025-09-19,sociedad,betis,0,1,3,0.6067,2.5358,11,21,5,5,7,0,9.8621,0.2485,0.0000,D,5,2.0000,5,9,7.1592,8.9929,-4,18
20250920_alaves_sevilla,2025-26,20250920,2025-09-20,alaves,sevilla,1,1,2,0.9103,0.8920,8,9,5,4,1,0,7.9688,0.4101,0.0000,D,5,7.0000,5,5,5.0176,5.6011,0,9
20250920_alaves_sevilla,2025-26,20250920,2025-09-20,sevilla,alaves,0,2,1,0.8920,0.9103,9,8,3,4,7,0,7.8400,0.2867,3.0000,V,5,7.0000,9,8,4.5934,7.7058,1,8
20250920_girona_levante,2025-26,20250920,2025-09-20,girona,levante,1,0,4,0.4239,4.5018,7,14,1,5,4,2,35.0000,0.4906,0.0000,D,5,1.0000,2,15,4.7806,14.1555,-13,20
20250920_girona_levante,2025-26,20250920,2025-09-20,levante,girona,0,4,0,4.5018,0.4239,14,7,7,4,3,0,8.8636,0.2397,3.0000,V,5,4.0000,9,9,9.9259,8.2668,0,15
20250920_madrid_espanyol,2025-26,20250920,2025-09-20,madrid,espanyol,1,2,0,2.0614,0.9694,16,8,5,5,2,0,7.5217,0.7876,3.0000,V,5,15.0000,10,2,9.6944,5.2056,8,1
20250920_madrid_espanyol,2025-26,20250920,2025-09-20,espanyol,madrid,0,0,2,0.9694,2.0614,8,16,1,3,0,0,15.2414,0.0707,0.0000,D,5,10.0000,8,7,8.2998,8.2017,1,4
20250920_valencia_athletic,2025-26,20250920,2025-09-20,valencia,athletic,1,2,0,2.0101,0.4992,13,11,5,5,1,0,13.0000,0.3124,3.0000,V,5,7.0000,6,8,5.8540,6.7126,-2,10
20250920_valencia_athletic,2025-26,20250920,2025-09-20,athletic,valencia,0,0,2,0.4992,2.0101,11,13,5,6,1,1,11.6842,0.3804,0.0000,D,5,9.0000,6,6,6.8407,4.2122,0,6
20250920_villarreal_osasuna,2025-26,20250920,2025-09-20,villarreal,osasuna,1,2,1,3.5640,1.9560,26,6,8,7,2,0,6.5833,0.6104,3.0000,V,5,10.0000,10,4,10.7864,5.3387,6,3
20250920_villarreal_osasuna,2025-26,20250920,2025-09-20,osasuna,villarreal,0,1,2,1.9560,3.5640,6,26,3,0,3,1,23.4545,0.1643,0.0000,D,5,6.0000,4,4,5.8867,7.9310,0,13
20250921_barcelona_getafe,2025-26,20250921,2025-09-21,barcelona,getafe,1,3,0,2.9643,0.2159,16,3,7,3,2,0,8.8235,0.7709,3.0000,V,5,13.0000,16,3,13.2878,5.4295,13,2
20250921_barcelona_getafe,2025-26,20250921,2025-09-21,getafe,barcelona,0,0,3,0.2159,2.9643,3,16,2,2,4,0,14.5185,0.0791,0.0000,D,5,9.0000,6,7,4.7582,6.4548,-1,7
20250921_elche_oviedo,2025-26,20250921,2025-09-21,elche,oviedo,1,1,0,1.5750,1.1057,15,12,5,3,2,0,10.7368,0.4846,3.0000,V,5,9.0000,7,4,5.0940,5.6989,3,5
20250921_elche_oviedo,2025-26,20250921,2025-09-21,oviedo,elche,0,0,1,1.1057,1.5750,12,15,4,3,2,0,16.6667,0.2175,0.0000,D,5,3.0000,1,8,3.1258,7.8794,-7,17
20250921_mallorca_atletico-madrid,2025-26,20250921,2025-09-21,mallorca,atletico madrid,1,1,1,0.5309,2.0877,8,12,3,3,0,0,14.3889,0.1861,1.0000,E,5,2.0000,5,10,4.3069,9.5446,-5,19
20250921_mallorca_atletico-madrid,2025-26,20250921,2025-09-21,atletico madrid,mallorca,0,1,1,2.0877,0.5309,12,8,7,6,0,1,22.4444,0.5463,1.0000,E,5,6.0000,6,5,7.5336,3.7826,1,11
20250921_rayo-vallecano_celta,2025-26,20250921,2025-09-21,rayo vallecano,celta,1,1,1,1.3145,1.2817,15,9,5,5,1,0,12.4118,0.4061,1.0000,E,5,5.0000,5,6,7.9120,7.5236,-1,14
20250921_rayo-vallecano_celta,2025-26,20250921,2025-09-21,celta,rayo vallecano,0,1,1,1.2817,1.3145,9,15,5,7,1,0,20.4286,0.3036,1.0000,E,6,5.0000,5,7,6.5274,6.5772,-2,15
20250923_athletic_girona,2025-26,20250923,2025-09-23,athletic,girona,1,1,1,2.0263,0.8566,17,6,5,8,0,0,4.8108,0.6548,1.0000,E,6,10.0000,7,7,8.8670,5.0689,0,6
20250923_athletic_girona,2025-26,20250923,2025-09-23,girona,athletic,0,1,1,0.8566,2.0263,6,17,3,1,2,0,26.2500,0.1304,1.0000,E,6,2.0000,3,16,5.6373,16.1818,-13,20
20250923_espanyol_valencia,2025-26,20250923,2025-09-23,espanyol,valencia,1,2,2,3.3131,1.0078,21,5,10,8,1,0,11.0000,0.4174,1.0000,E,6,11.0000,10,9,11.6129,9.2096,1,4
20250923_espanyol_valencia,2025-26,20250923,2025-09-23,valencia,espanyol,0,2,2,1.0078,3.3131,5,21,2,3,4,0,10.8261,0.2859,1.0000,E,6,8.0000,8,10,6.8618,10.0257,-2,11
20250923_levante_madrid,2025-26,20250923,2025-09-23,levante,madrid,1,1,4,1.7012,4.0632,11,24,2,1,1,0,14.2143,0.1138,0.0000,D,6,4.0000,10,13,11.6271,12.3300,-3,17
20250923_levante_madrid,2025-26,20250923,2025-09-23,madrid,levante,0,4,1,4.0632,1.7012,24,11,10,7,1,0,15.3158,0.7203,3.0000,V,6,18.0000,14,3,13.7575,6.9068,11,1
20250923_sevilla_villarreal,2025-26,20250923,2025-09-23,sevilla,villarreal,1,1,2,0.8362,2.4052,16,12,2,3,2,0,5.6129,0.3071,0.0000,D,6,7.0000,10,10,5.4296,10.1110,0,12
20250923_sevilla_villarreal,2025-26,20250923,2025-09-23,villarreal,sevilla,0,2,1,2.4052,0.8362,12,16,5,3,3,0,10.6471,0.4064,3.0000,V,6,13.0000,12,5,13.1916,6.1748,7,3
20250924_atletico-madrid_rayo-vallecano,2025-26,20250924,2025-09-24,atletico madrid,rayo vallecano,1,3,2,4.9502,1.6199,20,9,8,8,3,0,9.5833,0.6287,3.0000,V,6,9.0000,9,7,12.4838,5.4024,2,8
20250924_atletico-madrid_rayo-vallecano,2025-26,20250924,2025-09-24,rayo vallecano,atletico madrid,0,2,3,1.6199,4.9502,9,20,3,6,4,0,14.4762,0.1494,0.0000,D,6,5.0000,7,9,9.5319,12.4738,-2,14
20250924_getafe_alaves,2025-26,20250924,2025-09-24,getafe,alaves,1,1,1,0.5762,1.2118,7,10,1,2,2,0,7.6000,0.4098,1.0000,E,6,10.0000,7,8,5.3344,7.6665,-1,7
20250924_getafe_alaves,2025-26,20250924,2025-09-24,alaves,getafe,0,1,1,1.2118,0.5762,10,7,4,7,3,0,4.6000,0.2618,1.0000,E,6,8.0000,6,6,6.2294,6.1773,0,10
20250924_sociedad_mallorca,2025-26,20250924,2025-09-24,sociedad,mallorca,1,1,0,2.8286,0.6411,17,7,4,11,2,0,6.5200,0.5278,3.0000,V,6,5.0000,6,9,9.9878,9.6340,-3,16
20250924_sociedad_mallorca,2025-26,20250924,2025-09-24,mallorca,sociedad,0,0,1,0.6411,2.8286,7,17,3,2,2,0,14.2500,0.2015,0.0000,D,6,2.0000,5,11,4.9480,12.3732,-6,19
20250925_osasuna_elche,2025-26,20250925,2025-09-25,osasuna,elche,1,1,1,1.1752,1.0509,9,12,2,2,2,0,10.3333,0.4763,1.0000,E,6,7.0000,5,5,7.0619,8.9818,0,13
20250925_osasuna_elche,2025-26,20250925,2025-09-25,elche,osasuna,0,1,1,1.0509,1.1752,12,9,4,3,2,0,10.2632,0.2229,1.0000,E,6,10.0000,8,5,6.1449,6.8742,3,5
20250925_oviedo_barcelona,2025-26,20250925,2025-09-25,oviedo,barcelona,1,1,3,1.4501,2.0700,7,22,3,6,1,0,34.8000,0.0970,0.0000,D,6,3.0000,2,11,4.5759,9.9494,-9,18
20250925_oviedo_barcelona,2025-26,20250925,2025-09-25,barcelona,oviedo,0,3,1,2.0700,1.4501,22,7,10,9,0,0,4.5000,0.7513,3.0000,V,6,16.0000,19,4,15.3578,6.8796,15,2
20250926_girona_espanyol,2025-26,20250926,2025-09-26,girona,espanyol,1,0,0,1.0766,0.9491,12,20,3,8,0,0,12.0625,0.3865,1.0000,E,7,3.0000,3,16,6.7139,17.1310,-13,20
20250926_girona_espanyol,2025-26,20250926,2025-09-26,espanyol,girona,0,0,0,0.9491,1.0766,20,12,5,4,1,0,9.8438,0.3286,1.0000,E,7,12.0000,10,9,12.5620,10.2862,1,7
20250927_atletico-madrid_madrid,2025-26,20250927,2025-09-27,atletico madrid,madrid,1,5,2,2.7908,1.0280,13,6,7,7,5,0,14.3500,0.3209,3.0000,V,7,12.0000,14,9,15.2746,6.4304,5,5
20250927_atletico-madrid_madrid,2025-26,20250927,2025-09-27,madrid,atletico madrid,0,2,5,1.0280,2.7908,6,13,2,2,4,0,9.4706,0.4119,0.0000,D,7,18.0000,16,8,14.7855,9.6975,8,2
20250927_getafe_levante,2025-26,20250927,2025-09-27,getafe,levante,1,1,1,0.8310,1.2783,11,11,4,6,4,0,5.2609,0.4600,1.0000,E,7,11.0000,8,9,6.1654,8.9449,-1,8
20250927_getafe_levante,2025-26,20250927,2025-09-27,levante,getafe,0,1,1,1.2783,0.8310,11,11,3,2,3,0,5.7308,0.2387,1.0000,E,7,5.0000,11,14,12.9054,13.1610,-3,15
20250927_mallorca_alaves,2025-26,20250927,2025-09-27,mallorca,alaves,1,1,0,1.0427,0.5664,12,12,3,4,2,0,11.4545,0.4049,3.0000,V,7,5.0000,6,11,5.9907,12.9396,-5,19
20250927_mallorca_alaves,2025-26,20250927,2025-09-27,alaves,mallorca,0,0,1,0.5664,1.0427,12,12,3,8,3,0,5.8966,0.2775,0.0000,D,7,8.0000,6,7,6.7958,7.2200,-1,11
20250927_villarreal_athletic,2025-26,20250927,2025-09-27,villarreal,athletic,1,1,0,1.8640,1.5629,14,16,5,6,2,0,16.6875,0.4542,3.0000,V,7,16.0000,13,5,15.0556,7.7377,8,3
20250927_villarreal_athletic,2025-26,20250927,2025-09-27,athletic,villarreal,0,0,1,1.5629,1.8640,16,14,4,5,0,0,9.2727,0.2595,0.0000,D,7,10.0000,7,8,10.4299,6.9328,-1,10
20250928_barcelona_sociedad,2025-26,20250928,2025-09-28,barcelona,sociedad,1,2,1,3.0095,0.9571,22,7,12,12,1,0,8.5882,0.7418,3.0000,V,7,19.0000,21,5,18.3674,7.8367,16,1
20250928_barcelona_sociedad,2025-26,20250928,2025-09-28,sociedad,barcelona,0,1,2,0.9571,3.0095,7,22,2,1,2,0,26.3846,0.0980,0.0000,D,7,5.0000,7,11,10.9449,12.6436,-4,18
20250928_betis_osasuna,2025-26,20250928,2025-09-28,betis,osasuna,1,2,0,1.1896,0.5785,12,12,6,5,0,0,16.5000,0.5364,3.0000,V,7,12.0000,11,7,11.0869,6.6459,4,6
20250928_betis_osasuna,2025-26,20250928,2025-09-28,osasuna,betis,0,0,2,0.5785,1.1896,12,12,1,5,1,0,26.4167,0.2086,0.0000,D,7,7.0000,5,7,7.6404,10.1714,-2,13
20250928_elche_celta,2025-26,20250928,2025-09-28,elche,celta,1,2,1,4.0360,0.8218,17,8,8,7,3,0,10.6500,0.3370,3.0000,V,7,13.0000,10,6,10.1808,7.6959,4,4
20250928_elche_celta,2025-26,20250928,2025-09-28,celta,elche,0,1,2,0.8218,4.0360,8,17,2,2,3,0,11.5600,0.3646,0.0000,D,7,5.0000,6,9,7.3492,10.6131,-3,17
20250928_rayo-vallecano_sevilla,2025-26,20250928,2025-09-28,rayo vallecano,sevilla,1,0,1,1.8909,0.5796,18,4,6,12,3,1,10.2000,0.4681,0.0000,D,7,5.0000,7,10,11.4228,13.0534,-3,16
20250928_rayo-vallecano_sevilla,2025-26,20250928,2025-09-28,sevilla,rayo vallecano,0,1,0,0.5796,1.8909,4,18,1,4,2,0,14.3810,0.2464,3.0000,V,7,10.0000,11,10,6.0092,12.0019,1,9
20250930_valencia_oviedo,2025-26,20250930,2025-09-30,valencia,oviedo,1,1,2,1.7226,0.9971,16,10,5,5,1,0,10.3636,0.5586,0.0000,D,7,8.0000,9,12,8.5844,11.0228,-3,12
20250930_valencia_oviedo,2025-26,20250930,2025-09-30,oviedo,valencia,0,2,1,0.9971,1.7226,10,16,4,4,4,1,11.0333,0.1836,3.0000,V,7,6.0000,4,12,5.5731,11.6720,-8,14
20251003_osasuna_getafe,2025-26,20251003,2025-10-03,osasuna,getafe,1,2,1,0.6920,0.8565,7,6,3,1,1,0,12.9000,0.4393,3.0000,V,8,10.0000,7,8,8.3324,11.0279,-1,12
20251003_osasuna_getafe,2025-26,20251003,2025-10-03,getafe,osasuna,0,1,2,0.8565,0.6920,6,7,2,6,4,0,11.3333,0.2304,0.0000,D,8,11.0000,9,11,7.0219,9.6369,-2,11
20251004_athletic_mallorca,2025-26,20251004,2025-10-04,athletic,mallorca,1,2,1,1.7335,0.2138,18,7,5,7,5,0,9.7857,0.6206,3.0000,V,8,13.0000,9,9,12.1634,7.1466,0,8
20251004_athletic_mallorca,2025-26,20251004,2025-10-04,mallorca,athletic,0,1,2,0.2138,1.7335,7,18,2,2,6,1,16.0000,0.1387,0.0000,D,8,5.0000,7,13,6.2044,14.6731,-6,20
20251004_girona_valencia,2025-26,20251004,2025-10-04,girona,valencia,1,2,1,1.1642,2.2281,4,19,4,0,5,2,12.8421,0.3881,3.0000,V,8,6.0000,5,17,7.8780,19.3590,-12,18
20251004_girona_valencia,2025-26,20251004,2025-10-04,valencia,girona,0,1,2,2.2281,1.1642,19,4,6,7,1,0,13.0556,0.3321,0.0000,D,8,8.0000,10,14,10.8125,12.1870,-4,15
20251004_madrid_villarreal,2025-26,20251004,2025-10-04,madrid,villarreal,1,3,1,4.3234,0.9566,26,9,7,4,2,0,5.8276,0.6556,3.0000,V,8,21.0000,19,9,19.1088,10.6542,10,1
20251004_madrid_villarreal,2025-26,20251004,2025-10-04,villarreal,madrid,0,1,3,0.9566,4.3234,9,26,2,0,4,1,23.3333,0.1548,0.0000,D,8,16.0000,14,8,16.0122,12.0611,6,3
20251004_oviedo_levante,2025-26,20251004,2025-10-04,oviedo,levante,1,0,2,1.0855,1.6212,13,14,2,9,2,0,17.4167,0.3805,0.0000,D,8,6.0000,4,14,6.6586,13.2932,-10,17
20251004_oviedo_levante,2025-26,20251004,2025-10-04,levante,oviedo,0,2,0,1.6212,1.0855,14,13,5,3,2,0,14.9091,0.3300,3.0000,V,8,8.0000,13,14,14.5266,14.2465,-1,13
20251005_alaves_elche,2025-26,20251005,2025-10-05,alaves,elche,1,3,1,2.8506,0.6615,25,6,5,14,3,0,8.4333,0.4008,3.0000,V,8,11.0000,9,8,9.6464,7.8815,1,10
20251005_alaves_elche,2025-26,20251005,2025-10-05,elche,alaves,0,1,3,0.6615,2.8506,6,25,3,4,1,1,12.7500,0.2877,0.0000,D,8,13.0000,11,9,10.8424,10.5466,2,7
20251005_celta_atletico-madrid,2025-26,20251005,2025-10-05,celta,atletico madrid,1,1,1,2.2729,0.7108,18,6,4,6,1,0,12.0417,0.2168,1.0000,E,8,6.0000,7,10,9.6220,11.3239,-3,16
20251005_celta_atletico-madrid,2025-26,20251005,2025-10-05,atletico madrid,celta,0,1,1,0.7108,2.2729,6,18,1,3,3,1,19.6250,0.5316,1.0000,E,8,13.0000,15,10,15.9854,8.7033,5,5
20251005_espanyol_betis,2025-26,20251005,2025-10-05,espanyol,betis,1,1,2,2.0699,1.4372,14,12,5,10,2,0,14.2222,0.3653,0.0000,D,8,12.0000,11,11,14.6319,11.7234,0,9
20251005_espanyol_betis,2025-26,20251005,2025-10-05,betis,espanyol,0,2,1,1.4372,2.0699,12,14,3,5,6,0,23.9091,0.3570,3.0000,V,8,15.0000,13,8,12.5241,8.7158,5,4
20251005_sevilla_barcelona,2025-26,20251005,2025-10-05,sevilla,barcelona,1,4,1,2.8941,2.4823,13,17,5,7,7,0,9.4800,0.1612,3.0000,V,8,13.0000,15,11,8.9033,14.4842,4,6
20251005_sevilla_barcelona,2025-26,20251005,2025-10-05,barcelona,sevilla,0,1,4,2.4823,2.8941,17,13,8,6,5,0,7.4762,0.6493,0.0000,D,8,19.0000,22,9,20.8497,10.7308,13,2
20251005_sociedad_rayo-vallecano,2025-26,20251005,2025-10-05,sociedad,rayo vallecano,1,0,1,0.7690,0.6845,10,7,3,7,1,0,13.1000,0.4589,0.0000,D,8,5.0000,7,12,11.7139,13.3281,-5,19
20251005_sociedad_rayo-vallecano,2025-26,20251005,2025-10-05,rayo vallecano,sociedad,0,1,0,0.6845,0.7690,7,10,2,5,2,0,9.1111,0.2608,3.0000,V,8,8.0000,8,10,12.1073,13.8223,-2,14
20251017_oviedo_espanyol,2025-26,20251017,2025-10-17,oviedo,espanyol,1,0,2,1.2115,4.4626,13,19,4,3,2,0,7.5714,0.3160,0.0000,D,9,6.0000,4,16,7.8701,17.7558,-12,19
20251017_oviedo_espanyol,2025-26,20251017,2025-10-17,espanyol,oviedo,0,2,0,4.4626,1.2115,19,13,10,5,1,0,16.7143,0.3722,3.0000,V,9,15.0000,13,11,19.0945,12.9350,2,6
20251018_atletico-madrid_osasuna,2025-26,20251018,2025-10-18,atletico madrid,osasuna,1,1,0,2.2441,0.9815,18,9,9,4,1,0,9.8095,0.6897,3.0000,V,9,16.0000,16,10,18.2295,9.6847,6,4
20251018_atletico-madrid_osasuna,2025-26,20251018,2025-10-18,osasuna,atletico madrid,0,0,1,0.9815,2.2441,9,18,2,2,3,0,13.9048,0.1084,0.0000,D,9,10.0000,7,9,9.3139,13.2721,-2,13
20251018_barcelona_girona,2025-26,20251018,2025-10-18,barcelona,girona,1,2,1,2.4196,1.6938,27,11,9,11,1,0,8.0000,0.7944,3.0000,V,9,22.0000,24,10,23.2693,12.4246,14,2
20251018_barcelona_girona,2025-26,20251018,2025-10-18,girona,barcelona,0,1,2,1.6938,2.4196,11,27,4,5,2,0,40.5000,0.0777,0.0000,D,9,6.0000,6,19,9.5718,21.7786,-13,20
20251018_sevilla_mallorca,2025-26,20251018,2025-10-18,sevilla,mallorca,1,1,3,1.2588,1.9555,13,7,4,9,2,0,6.6087,0.5101,0.0000,D,9,13.0000,16,14,10.1622,16.4398,2,9
20251018_sevilla_mallorca,2025-26,20251018,2025-10-18,mallorca,sevilla,0,3,1,1.9555,1.2588,7,13,6,2,1,0,11.0000,0.2116,3.0000,V,9,8.0000,10,14,8.1600,15.9320,-4,16
20251018_villarreal_betis,2025-26,20251018,2025-10-18,villarreal,betis,1,2,2,0.9806,0.8955,7,16,3,5,1,0,19.8235,0.5026,1.0000,E,9,17.0000,16,10,16.9928,12.9566,6,3
20251018_villarreal_betis,2025-26,20251018,2025-10-18,betis,villarreal,0,2,2,0.8955,0.9806,16,7,3,6,1,0,11.3158,0.2441,1.0000,E,9,16.0000,15,10,13.4197,9.6964,5,5
20251019_celta_sociedad,2025-26,20251019,2025-10-19,celta,sociedad,1,1,1,0.7174,2.1356,4,17,1,1,4,1,30.6250,0.4469,1.0000,E,9,7.0000,8,11,10.3394,13.4596,-3,17
20251019_celta_sociedad,2025-26,20251019,2025-10-19,sociedad,celta,0,1,1,2.1356,0.7174,17,4,7,10,3,0,7.1212,0.2712,1.0000,E,9,6.0000,8,13,13.8495,14.0454,-5,18
20251019_elche_athletic,2025-26,20251019,2025-10-19,elche,athletic,1,0,0,0.8239,0.2402,15,4,5,6,2,0,7.2632,0.2626,1.0000,E,9,14.0000,11,9,11.6663,10.7868,2,7
20251019_elche_athletic,2025-26,20251019,2025-10-19,athletic,elche,0,0,0,0.2402,0.8239,4,15,1,2,3,0,12.6429,0.4435,1.0000,E,9,14.0000,9,9,12.4036,7.9705,0,8
20251019_getafe_madrid,2025-26,20251019,2025-10-19,getafe,madrid,1,0,1,0.5301,2.1460,7,23,1,1,4,2,9.9394,0.1232,0.0000,D,9,11.0000,9,12,7.5520,11.7828,-3,12
20251019_getafe_madrid,2025-26,20251019,2025-10-19,madrid,getafe,0,1,0,2.1460,0.5301,23,7,10,4,1,0,4.2105,0.6621,3.0000,V,9,24.0000,20,9,21.2548,11.1843,11,1
20251019_levante_rayo-vallecano,2025-26,20251019,2025-10-19,levante,rayo vallecano,1,0,3,0.9405,2.5312,17,10,4,11,0,0,11.9500,0.3418,0.0000,D,9,8.0000,13,17,15.4672,16.7776,-4,15
20251019_levante_rayo-vallecano,2025-26,20251019,2025-10-19,rayo vallecano,levante,0,3,0,2.5312,0.9405,10,17,5,4,1,0,9.0000,0.3760,3.0000,V,9,11.0000,11,10,14.6385,14.7629,1,11
20251020_alaves_valencia,2025-26,20251020,2025-10-20,alaves,valencia,1,0,0,1.0562,0.3181,13,5,3,7,1,0,6.6818,0.4172,1.0000,E,9,12.0000,9,8,10.7027,8.1996,1,10
20251020_alaves_valencia,2025-26,20251020,2025-10-20,valencia,alaves,0,0,0,0.3181,1.0562,5,13,2,0,2,0,15.8824,0.2761,1.0000,E,9,9.0000,10,14,11.1306,13.2432,-4,14
20251024_sociedad_sevilla,2025-26,20251024,2025-10-24,sociedad,sevilla,1,2,1,1.6438,0.2471,5,6,3,1,1,0,6.2895,0.4752,3.0000,V,10,9.0000,10,14,15.4933,14.2926,-4,17
20251024_sociedad_sevilla,2025-26,20251024,2025-10-24,sevilla,sociedad,0,1,2,0.2471,1.6438,6,5,1,9,3,0,8.0000,0.2482,0.0000,D,10,13.0000,17,16,10.4093,18.0836,1,11
20251025_athletic_getafe,2025-26,20251025,2025-10-25,athletic,getafe,1,0,1,0.3585,1.0038,7,8,4,1,1,0,5.9000,0.5733,0.0000,D,10,14.0000,9,10,12.7621,8.9743,-1,9
20251025_athletic_getafe,2025-26,20251025,2025-10-25,getafe,athletic,0,1,0,1.0038,0.3585,8,7,3,5,3,0,8.8667,0.1556,3.0000,V,10,14.0000,10,12,8.5558,12.1414,-2,10
20251025_espanyol_elche,2025-26,20251025,2025-10-25,espanyol,elche,1,1,0,1.7034,1.1141,16,13,7,4,4,0,13.3704,0.4776,3.0000,V,10,18.0000,14,11,20.7979,14.0491,3,5
20251025_espanyol_elche,2025-26,20251025,2025-10-25,elche,espanyol,0,0,1,1.1141,1.7034,13,16,4,2,2,0,7.1500,0.2406,0.0000,D,10,14.0000,11,10,12.7804,12.4902,1,8
20251025_girona_oviedo,2025-26,20251025,2025-10-25,girona,oviedo,1,3,3,2.2413,2.2241,8,10,6,11,4,0,7.2800,0.5256,1.0000,E,10,7.0000,9,22,11.8131,24.0027,-13,20
20251025_girona_oviedo,2025-26,20251025,2025-10-25,oviedo,girona,0,3,3,2.2241,2.2413,10,8,5,4,3,0,13.9167,0.2057,1.0000,E,10,7.0000,7,19,10.0942,19.9971,-12,19
20251025_valencia_villarreal,2025-26,20251025,2025-10-25,valencia,villarreal,1,0,2,0.6414,2.6239,15,12,3,7,2,0,10.3846,0.2956,0.0000,D,10,9.0000,10,16,11.7720,15.8671,-6,18
20251025_valencia_villarreal,2025-26,20251025,2025-10-25,villarreal,valencia,0,2,0,2.6239,0.6414,12,15,5,5,4,0,14.5417,0.4326,3.0000,V,10,20.0000,18,10,19.6167,13.5980,8,3
20251026_madrid_barcelona,2025-26,20251026,2025-10-26,madrid,barcelona,1,2,1,3.4132,1.1243,23,15,10,12,5,1,15.7727,0.4720,3.0000,V,10,27.0000,22,10,24.6680,12.3086,12,1
20251026_madrid_barcelona,2025-26,20251026,2025-10-26,barcelona,madrid,0,1,2,1.1243,3.4132,15,23,6,4,5,1,8.3889,0.2972,0.0000,D,10,22.0000,25,12,24.3936,15.8378,13,2
20251026_mallorca_levante,2025-26,20251026,2025-10-26,mallorca,levante,1,1,1,1.8698,2.3579,20,13,4,5,3,0,7.0435,0.4483,1.0000,E,10,9.0000,11,15,10.0298,18.2899,-4,16
20251026_mallorca_levante,2025-26,20251026,2025-10-26,levante,mallorca,0,1,1,2.3579,1.8698,13,20,5,4,2,0,11.3704,0.2630,1.0000,E,10,9.0000,14,18,17.8251,18.6474,-4,15
20251026_osasuna_celta,2025-26,20251026,2025-10-26,osasuna,celta,1,2,3,2.3180,1.5405,17,11,7,6,3,0,9.3913,0.3983,0.0000,D,10,10.0000,9,12,11.6319,14.8126,-3,14
20251026_osasuna_celta,2025-26,20251026,2025-10-26,celta,osasuna,0,3,2,1.5405,2.3180,11,17,5,2,4,0,18.0667,0.3052,3.0000,V,10,10.0000,11,13,11.8800,15.7776,-2,13
20251026_rayo-vallecano_alaves,2025-26,20251026,2025-10-26,rayo vallecano,alaves,1,1,0,1.5497,1.4147,15,12,5,7,1,0,5.7419,0.4513,3.0000,V,10,14.0000,12,10,16.1882,16.1775,2,7
20251026_rayo-vallecano_alaves,2025-26,20251026,2025-10-26,alaves,rayo vallecano,0,0,1,1.4147,1.5497,12,15,2,5,3,0,10.1818,0.2419,0.0000,D,10,12.0000,9,9,12.1173,9.7493,0,12
20251027_betis_atletico-madrid,2025-26,20251027,2025-10-27,betis,atletico madrid,1,0,2,1.3379,0.8766,17,9,5,2,2,0,11.5000,0.3022,0.0000,D,10,16.0000,15,12,14.7576,10.5729,3,6
20251027_betis_atletico-madrid,2025-26,20251027,2025-10-27,atletico madrid,betis,0,2,0,0.8766,1.3379,9,17,4,5,1,0,12.5789,0.4317,3.0000,V,10,19.0000,18,10,19.1061,11.0227,8,4
20251031_getafe_girona,2025-26,20251031,2025-10-31,getafe,girona,1,2,1,1.4021,1.5437,12,8,4,8,1,0,6.4167,0.4388,3.0000,V,11,17.0000,12,13,9.9579,13.6850,-1,7
20251031_getafe_girona,2025-26,20251031,2025-10-31,girona,getafe,0,1,2,1.5437,1.4021,8,12,4,3,1,0,4.0435,0.2413,0.0000,D,11,7.0000,10,24,13.3567,25.4048,-14,20
20251101_atletico-madrid_sevilla,2025-26,20251101,2025-11-01,atletico madrid,sevilla,1,3,0,2.9863,0.3769,15,10,6,9,0,0,14.3333,0.7146,3.0000,V,11,22.0000,21,10,22.0924,11.3996,11,4
20251101_atletico-madrid_sevilla,2025-26,20251101,2025-11-01,sevilla,atletico madrid,0,0,3,0.3769,2.9863,10,15,2,4,3,0,12.4545,0.1074,0.0000,D,11,13.0000,17,19,10.7862,21.0699,-2,13
20251101_madrid_valencia,2025-26,20251101,2025-11-01,madrid,valencia,1,4,0,2.8996,0.2922,21,4,11,7,1,0,6.1282,0.8089,3.0000,V,11,30.0000,26,10,27.5677,12.6008,16,1
20251101_madrid_valencia,2025-26,20251101,2025-11-01,valencia,madrid,0,0,4,0.2922,2.8996,4,21,1,1,1,0,25.5000,0.0663,0.0000,D,11,9.0000,10,20,12.0642,18.7667,-10,18
20251101_sociedad_athletic,2025-26,20251101,2025-11-01,sociedad,athletic,1,3,2,1.8412,1.1311,9,11,5,6,2,0,8.1739,0.3438,3.0000,V,11,12.0000,13,16,17.3345,15.4237,-3,14
20251101_sociedad_athletic,2025-26,20251101,2025-11-01,athletic,sociedad,0,2,3,1.1311,1.8412,11,9,4,2,3,0,11.2778,0.3401,0.0000,D,11,14.0000,11,13,13.8932,10.8155,-2,11
20251101_villarreal_rayo-vallecano,2025-26,20251101,2025-11-01,villarreal,rayo vallecano,1,4,0,2.7136,1.0863,16,13,7,3,1,0,18.4000,0.5583,3.0000,V,11,23.0000,22,10,22.3303,14.6844,12,3
20251101_villarreal_rayo-vallecano,2025-26,20251101,2025-11-01,rayo vallecano,villarreal,0,0,4,1.0863,2.7136,13,16,3,5,1,0,11.5833,0.1966,0.0000,D,11,14.0000,12,14,17.2746,18.8911,-2,10
20251102_alaves_espanyol,2025-26,20251102,2025-11-02,alaves,espanyol,1,2,1,2.1804,1.0428,13,18,4,1,4,1,8.0870,0.3960,3.0000,V,11,15.0000,11,10,14.2977,10.7921,1,8
20251102_alaves_espanyol,2025-26,20251102,2025-11-02,espanyol,alaves,0,1,2,1.0428,2.1804,18,13,2,6,2,0,9.8889,0.2909,0.0000,D,11,18.0000,15,13,21.8407,16.2295,2,6
20251102_barcelona_elche,2025-26,20251102,2025-11-02,barcelona,elche,1,3,1,2.8073,0.5491,17,9,5,6,0,0,9.4000,0.7774,3.0000,V,11,25.0000,28,13,27.2009,16.3869,15,2
20251102_barcelona_elche,2025-26,20251102,2025-11-02,elche,barcelona,0,1,3,0.5491,2.8073,9,17,3,3,1,0,8.6071,0.0770,0.0000,D,11,14.0000,12,13,13.3295,15.2975,-1,9
20251102_betis_mallorca,2025-26,20251102,2025-11-02,betis,mallorca,1,3,0,2.8213,0.7499,15,14,8,4,0,0,12.2174,0.5936,3.0000,V,11,19.0000,18,12,17.5789,11.3228,6,5
20251102_betis_mallorca,2025-26,20251102,2025-11-02,mallorca,betis,0,0,3,0.7499,2.8213,14,15,1,5,3,0,15.8571,0.1731,0.0000,D,11,9.0000,11,18,10.7796,21.1112,-7,17
20251102_levante_celta,2025-26,20251102,2025-11-02,levante,celta,1,1,2,1.2365,1.9247,9,20,3,4,2,1,19.8125,0.3339,0.0000,D,11,9.0000,15,20,19.0616,20.5722,-5,16
20251102_levante_celta,2025-26,20251102,2025-11-02,celta,levante,0,2,1,1.9247,1.2365,20,9,6,4,3,0,6.8000,0.3861,3.0000,V,11,13.0000,13,14,13.8047,17.0141,-1,12
20251103_oviedo_osasuna,2025-26,20251103,2025-11-03,oviedo,osasuna,1,0,0,0.7175,0.6263,8,11,2,4,3,0,10.5238,0.3174,1.0000,E,11,8.0000,7,19,10.8117,20.6234,-12,19
20251103_oviedo_osasuna,2025-26,20251103,2025-11-03,osasuna,oviedo,0,0,0,0.6263,0.7175,11,8,5,2,1,0,8.8667,0.3715,1.0000,E,11,11.0000,9,12,12.2582,15.5301,-3,15
20251107_elche_sociedad,2025-26,20251107,2025-11-07,elche,sociedad,1,1,1,0.8083,1.4722,12,13,3,1,1,0,10.6250,0.3485,1.0000,E,12,15.0000,13,14,14.1378,16.7697,-1,11
20251107_elche_sociedad,2025-26,20251107,2025-11-07,sociedad,elche,0,1,1,1.4722,0.8083,13,12,5,3,3,0,11.0000,0.3498,1.0000,E,12,13.0000,14,17,18.8067,16.2320,-3,14
20251108_atletico-madrid_levante,2025-26,20251108,2025-11-08,atletico madrid,levante,1,3,1,3.0360,1.2911,25,6,10,21,3,0,5.4737,0.7789,3.0000,V,12,25.0000,24,11,25.1284,12.6907,13,4
20251108_atletico-madrid_levante,2025-26,20251108,2025-11-08,levante,atletico madrid,0,1,3,1.2911,3.0360,6,25,3,4,1,0,31.9000,0.0768,0.0000,D,12,9.0000,16,23,20.3527,23.6082,-7,19
20251108_espanyol_villarreal,2025-26,20251108,2025-11-08,espanyol,villarreal,1,0,2,0.4762,1.4712,14,9,3,4,0,0,13.7692,0.3348,0.0000,D,12,18.0000,15,15,22.3169,17.7006,0,6
20251108_espanyol_villarreal,2025-26,20251108,2025-11-08,villarreal,espanyol,0,2,0,1.4712,0.4762,9,14,3,2,2,0,30.0833,0.3984,3.0000,V,12,26.0000,24,10,23.8014,15.1605,14,3
20251108_girona_alaves,2025-26,20251108,2025-11-08,girona,alaves,1,1,0,1.2636,2.0077,10,14,2,6,0,0,12.9545,0.3917,3.0000,V,12,10.0000,11,24,14.6204,27.4125,-13,18
20251108_girona_alaves,2025-26,20251108,2025-11-08,alaves,girona,0,0,1,2.0077,1.2636,14,10,5,1,3,0,13.7727,0.3095,0.0000,D,12,15.0000,11,11,16.3054,12.0558,0,10
20251108_sevilla_osasuna,2025-26,20251108,2025-11-08,sevilla,osasuna,1,1,0,1.2227,0.9674,10,9,4,5,5,0,7.4400,0.4373,3.0000,V,12,16.0000,18,19,12.0089,22.0373,-1,9
20251108_sevilla_osasuna,2025-26,20251108,2025-11-08,osasuna,sevilla,0,0,1,0.9674,1.2227,9,10,3,6,3,0,7.3200,0.2684,0.0000,D,12,11.0000,9,13,13.2256,16.7528,-4,16
20251109_athletic_oviedo,2025-26,20251109,2025-11-09,athletic,oviedo,1,1,0,2.6522,0.1827,21,5,7,7,1,0,10.1935,0.6345,3.0000,V,12,17.0000,12,13,16.5454,10.9982,-1,7
20251109_athletic_oviedo,2025-26,20251109,2025-11-09,oviedo,athletic,0,0,1,0.1827,2.6522,5,21,2,4,1,0,13.5556,0.1247,0.0000,D,12,8.0000,7,20,10.9944,23.2756,-13,20
20251109_celta_barcelona,2025-26,20251109,2025-11-09,celta,barcelona,1,2,4,0.5123,3.4294,5,21,3,2,1,0,14.9545,0.2047,0.0000,D,12,13.0000,15,18,14.3170,20.4434,-3,13
20251109_celta_barcelona,2025-26,20251109,2025-11-09,barcelona,celta,0,4,2,3.4294,0.5123,21,5,9,5,5,1,11.1600,0.5763,3.0000,V,12,28.0000,32,15,30.6303,16.8991,17,2
20251109_mallorca_getafe,2025-26,20251109,2025-11-09,mallorca,getafe,1,1,0,1.3035,0.5397,6,14,4,1,0,0,9.1579,0.3803,3.0000,V,12,12.0000,12,18,12.0832,21.6509,-6,15
20251109_mallorca_getafe,2025-26,20251109,2025-11-09,getafe,mallorca,0,0,1,0.5397,1.3035,14,6,3,14,2,0,6.4000,0.2890,0.0000,D,12,17.0000,12,14,10.4976,14.9886,-2,8
20251109_rayo-vallecano_madrid,2025-26,20251109,2025-11-09,rayo vallecano,madrid,1,0,0,1.6064,0.8415,13,21,2,5,3,0,10.0000,0.1584,1.0000,E,12,15.0000,12,14,18.8810,19.7326,-2,12
20251109_rayo-vallecano_madrid,2025-26,20251109,2025-11-09,madrid,rayo vallecano,0,0,0,0.8415,1.6064,21,13,5,8,2,0,13.5625,0.6391,1.0000,E,12,31.0000,26,10,28.4091,14.2072,16,1
20251109_valencia_betis,2025-26,20251109,2025-11-09,valencia,betis,1,1,1,1.9515,1.5893,17,9,4,7,3,0,16.1053,0.2966,1.0000,E,12,10.0000,11,21,14.0157,20.3561,-10,17
20251109_valencia_betis,2025-26,20251109,2025-11-09,betis,valencia,0,1,1,1.5893,1.9515,9,17,2,2,3,0,9.5385,0.4235,1.0000,E,12,20.0000,19,13,19.1682,13.2743,6,5
20251121_valencia_levante,2025-26,20251121,2025-11-21,valencia,levante,1,1,0,1.6504,0.6743,14,8,3,7,4,0,9.3043,0.4733,3.0000,V,13,13.0000,12,21,15.6661,21.0303,-9,15
20251121_valencia_levante,2025-26,20251121,2025-11-21,levante,valencia,0,0,1,0.6743,1.6504,8,14,1,0,3,0,10.9643,0.2586,0.0000,D,13,9.0000,16,24,21.0269,25.2585,-8,19
20251122_alaves_celta,2025-26,20251122,2025-11-22,alaves,celta,1,0,1,0.3056,1.3235,5,7,2,4,2,0,9.4333,0.3686,0.0000,D,13,15.0000,11,12,16.6110,13.3793,-1,14
20251122_alaves_celta,2025-26,20251122,2025-11-22,celta,alaves,0,1,0,1.3235,0.3056,7,5,4,2,2,0,9.4062,0.3210,3.0000,V,13,16.0000,16,18,15.6405,20.7490,-2,12
20251122_barcelona_athletic,2025-26,20251122,2025-11-22,barcelona,athletic,1,4,0,2.3292,1.0461,19,13,7,5,0,0,9.7222,0.6703,3.0000,V,13,31.0000,36,15,32.9595,17.9453,21,2
20251122_barcelona_athletic,2025-26,20251122,2025-11-22,athletic,barcelona,0,0,4,1.0461,2.3292,13,19,2,7,2,1,18.7500,0.1411,0.0000,D,13,17.0000,12,17,17.5916,13.3274,-5,8
20251122_osasuna_sociedad,2025-26,20251122,2025-11-22,osasuna,sociedad,1,1,3,1.2796,1.7655,14,19,4,3,3,1,17.3750,0.3429,0.0000,D,13,11.0000,10,16,14.5052,18.5182,-6,17
20251122_osasuna_sociedad,2025-26,20251122,2025-11-22,sociedad,osasuna,0,3,1,1.7655,1.2796,19,14,9,3,2,0,11.3684,0.3519,3.0000,V,13,16.0000,17,18,20.5722,17.5117,-1,9
20251122_villarreal_mallorca,2025-26,20251122,2025-11-22,villarreal,mallorca,1,2,1,2.6371,1.3846,14,9,7,3,2,0,5.8065,0.6623,3.0000,V,13,29.0000,26,11,26.4385,16.5452,15,3
20251122_villarreal_mallorca,2025-26,20251122,2025-11-22,mallorca,villarreal,0,1,2,1.3846,2.6371,9,14,3,1,2,0,22.5833,0.1340,0.0000,D,13,12.0000,13,20,13.4678,24.2880,-7,16
20251123_betis_girona,2025-26,20251123,2025-11-23,betis,girona,1,1,1,1.5784,1.4890,23,11,7,8,3,1,12.5000,0.6128,1.0000,E,13,21.0000,20,14,20.7466,14.7633,6,5
20251123_betis_girona,2025-26,20251123,2025-11-23,girona,betis,0,1,1,1.4890,1.5784,11,23,4,0,4,0,13.6190,0.1717,1.0000,E,13,11.0000,12,25,16.1094,28.9909,-13,18
20251123_elche_madrid,2025-26,20251123,2025-11-23,elche,madrid,1,2,2,1.5952,3.8826,15,20,6,2,4,1,11.3684,0.1256,1.0000,E,13,16.0000,15,16,15.7330,20.6523,-1,10
20251123_elche_madrid,2025-26,20251123,2025-11-23,madrid,elche,0,2,2,3.8826,1.5952,20,15,7,8,0,0,9.9565,0.6961,1.0000,E,13,32.0000,28,12,32.2917,15.8024,16,1
20251123_getafe_atletico-madrid,2025-26,20251123,2025-11-23,getafe,atletico madrid,1,0,1,0.5788,1.4768,9,13,1,6,2,0,13.0500,0.1843,0.0000,D,13,17.0000,12,15,11.0764,16.4653,-3,7
20251123_getafe_atletico-madrid,2025-26,20251123,2025-11-23,atletico madrid,getafe,0,1,0,1.4768,0.5788,13,9,6,7,3,0,5.0476,0.5401,3.0000,V,13,28.0000,25,11,26.6052,13.2695,14,4
20251123_oviedo_rayo-vallecano,2025-26,20251123,2025-11-23,oviedo,rayo vallecano,1,0,0,0.4994,0.9230,8,11,3,5,1,1,15.3684,0.2804,1.0000,E,13,9.0000,7,20,11.4938,24.1986,-13,20
20251123_oviedo_rayo-vallecano,2025-26,20251123,2025-11-23,rayo vallecano,oviedo,0,0,0,0.9230,0.4994,11,8,3,6,2,1,7.8333,0.4289,1.0000,E,13,16.0000,12,14,19.8040,20.2320,-2,13
20251124_espanyol_sevilla,2025-26,20251124,2025-11-24,espanyol,sevilla,1,2,1,1.1663,1.8000,8,22,5,4,4,0,8.8438,0.4534,3.0000,V,13,21.0000,17,16,23.4831,19.5007,1,6
20251124_espanyol_sevilla,2025-26,20251124,2025-11-24,sevilla,espanyol,0,1,2,1.8000,1.1663,22,8,6,13,1,0,6.6667,0.2614,0.0000,D,13,16.0000,19,21,13.8089,23.2035,-2,11
20251128_getafe_elche,2025-26,20251128,2025-11-28,getafe,elche,1,1,0,1.3405,0.4489,15,9,6,3,2,0,9.3438,0.4305,3.0000,V,14,20.0000,13,15,12.4169,16.9142,-2,7
20251128_getafe_elche,2025-26,20251128,2025-11-28,elche,getafe,0,0,1,0.4489,1.3405,9,15,4,5,2,0,7.4286,0.2455,0.0000,D,14,16.0000,15,17,16.1819,21.9927,-2,11
20251129_atletico-madrid_oviedo,2025-26,20251129,2025-11-29,atletico madrid,oviedo,1,2,0,2.4069,0.9220,14,12,8,7,0,0,14.5238,0.7823,3.0000,V,14,31.0000,27,11,29.0121,14.1915,16,4
20251129_atletico-madrid_oviedo,2025-26,20251129,2025-11-29,oviedo,atletico madrid,0,0,2,0.9220,2.4069,12,14,1,2,1,0,11.9615,0.0640,0.0000,D,14,9.0000,7,22,12.4158,26.6055,-15,20
20251129_barcelona_alaves,2025-26,20251129,2025-11-29,barcelona,alaves,1,3,1,2.5110,2.0926,18,9,6,5,2,0,4.8857,0.7946,3.0000,V,14,34.0000,39,16,35.4704,20.0378,23,1
20251129_barcelona_alaves,2025-26,20251129,2025-11-29,alaves,barcelona,0,1,3,2.0926,2.5110,9,18,2,4,3,0,15.6154,0.0729,0.0000,D,14,15.0000,12,15,18.7036,15.8902,-3,14
20251129_levante_athletic,2025-26,20251129,2025-11-29,levante,athletic,1,0,2,1.2025,2.8086,11,14,4,4,3,0,7.5000,0.2771,0.0000,D,14,9.0000,16,26,22.2295,28.0672,-10,19
20251129_levante_athletic,2025-26,20251129,2025-11-29,athletic,levante,0,2,0,2.8086,1.2025,14,11,4,2,2,0,7.1714,0.4416,3.0000,V,14,20.0000,14,17,20.4002,14.5299,-3,8
20251129_mallorca_osasuna,2025-26,20251129,2025-11-29,mallorca,osasuna,1,2,2,1.1058,1.1111,7,14,4,2,3,0,11.4118,0.4030,1.0000,E,14,13.0000,15,22,14.5736,25.3991,-7,16
20251129_mallorca_osasuna,2025-26,20251129,2025-11-29,osasuna,mallorca,0,2,2,1.1111,1.1058,14,7,2,8,4,0,10.1304,0.2858,1.0000,E,14,12.0000,12,18,15.6163,19.6241,-6,17
20251130_celta_espanyol,2025-26,20251130,2025-11-30,celta,espanyol,1,0,1,0.6356,0.5992,11,9,4,4,1,0,8.2143,0.4740,0.0000,D,14,16.0000,16,19,16.2760,21.3483,-3,12
20251130_celta_espanyol,2025-26,20251130,2025-11-30,espanyol,celta,0,1,0,0.5992,0.6356,9,11,2,3,2,0,13.8889,0.2516,3.0000,V,14,24.0000,18,16,24.0824,20.1362,2,6
20251130_girona_madrid,2025-26,20251130,2025-11-30,girona,madrid,1,1,1,1.0517,2.2136,10,25,4,2,3,0,21.4167,0.1424,1.0000,E,14,12.0000,13,26,17.1611,31.2045,-13,18
20251130_girona_madrid,2025-26,20251130,2025-11-30,madrid,girona,0,1,1,2.2136,1.0517,25,10,4,5,0,0,8.2581,0.6714,1.0000,E,14,33.0000,29,13,34.5053,16.8541,16,2
20251130_sevilla_betis,2025-26,20251130,2025-11-30,sevilla,betis,1,0,2,0.7352,1.1786,9,9,3,6,2,1,4.2273,0.3223,0.0000,D,14,16.0000,19,23,14.5441,24.3821,-4,13
20251130_sevilla_betis,2025-26,20251130,2025-11-30,betis,sevilla,0,2,0,1.1786,0.7352,9,9,4,4,3,0,8.2692,0.3978,3.0000,V,14,24.0000,22,14,21.9252,15.4985,8,5
20251130_sociedad_villarreal,2025-26,20251130,2025-11-30,sociedad,villarreal,1,2,3,1.3715,1.6304,18,10,7,8,3,0,5.3684,0.3339,0.0000,D,14,16.0000,19,21,21.9437,19.1420,-2,10
20251130_sociedad_villarreal,2025-26,20251130,2025-11-30,villarreal,sociedad,0,3,2,1.6304,1.3715,10,18,5,2,7,0,15.3182,0.3861,3.0000,V,14,32.0000,29,13,28.0689,17.9167,16,3
20251201_rayo-vallecano_valencia,2025-26,20251201,2025-12-01,rayo vallecano,valencia,1,1,1,2.1330,0.8977,19,10,7,10,1,0,9.2222,0.4880,1.0000,E,14,17.0000,13,15,21.9369,21.1296,-2,9
20251201_rayo-vallecano_valencia,2025-26,20251201,2025-12-01,valencia,rayo vallecano,0,1,1,0.8977,2.1330,10,19,2,5,1,0,19.0000,0.2280,1.0000,E,14,14.0000,13,22,16.5637,23.1633,-9,15
20251202_barcelona_atletico-madrid,2025-26,20251202,2025-12-02,barcelona,atletico madrid,1,3,1,3.4612,1.3502,19,7,6,5,1,0,8.8400,0.5447,3.0000,V,15,37.0000,42,17,38.9316,21.3880,25,1
20251202_barcelona_atletico-madrid,2025-26,20251202,2025-12-02,atletico madrid,barcelona,0,1,3,1.3502,3.4612,7,19,2,4,1,0,12.8000,0.2315,0.0000,D,15,31.0000,28,14,30.3623,17.6527,14,4
20251203_athletic_madrid,2025-26,20251203,2025-12-03,athletic,madrid,1,0,3,0.9173,2.3674,9,13,4,5,2,0,17.4583,0.2269,0.0000,D,15,20.0000,14,20,21.3175,16.8974,-6,8
20251203_athletic_madrid,2025-26,20251203,2025-12-03,madrid,athletic,0,3,0,2.3674,0.9173,13,9,8,7,0,0,11.9375,0.5286,3.0000,V,15,36.0000,32,13,36.8727,17.7714,19,2
20251205_oviedo_mallorca,2025-26,20251205,2025-12-05,oviedo,mallorca,1,0,0,1.6001,0.6172,15,13,3,8,2,2,7.6316,0.3602,1.0000,E,15,10.0000,7,22,14.0158,27.2227,-15,19
20251205_oviedo_mallorca,2025-26,20251205,2025-12-05,mallorca,oviedo,0,0,0,0.6172,1.6001,13,15,6,5,1,0,21.0714,0.3221,1.0000,E,15,14.0000,15,22,15.1908,26.9992,-7,17
20251206_alaves_sociedad,2025-26,20251206,2025-12-06,alaves,sociedad,1,1,0,1.8877,1.0994,14,10,3,5,2,0,10.8966,0.3430,3.0000,V,15,18.0000,13,15,20.5913,16.9896,-2,11
20251206_alaves_sociedad,2025-26,20251206,2025-12-06,sociedad,alaves,0,0,1,1.0994,1.8877,10,14,1,8,2,0,6.8889,0.3405,0.0000,D,15,16.0000,19,22,23.0430,21.0297,-3,14
20251206_athletic_atletico-madrid,2025-26,20251206,2025-12-06,athletic,atletico madrid,1,1,0,1.1864,0.7719,14,7,3,5,3,0,11.8462,0.2857,3.0000,V,16,23.0000,15,20,22.5039,17.6693,-5,7
20251206_athletic_atletico-madrid,2025-26,20251206,2025-12-06,atletico madrid,athletic,0,0,1,0.7719,1.1864,7,14,3,6,2,0,12.9375,0.4260,0.0000,D,16,31.0000,28,15,31.1342,18.8391,13,4
20251206_betis_barcelona,2025-26,20251206,2025-12-06,betis,barcelona,1,3,5,2.7421,3.3029,17,16,5,7,5,0,12.7500,0.2361,0.0000,D,15,24.0000,25,19,24.6674,18.8014,6,6
20251206_betis_barcelona,2025-26,20251206,2025-12-06,barcelona,betis,0,5,3,3.3029,2.7421,16,17,8,7,2,0,12.2857,0.5473,3.0000,V,16,40.0000,47,20,42.2345,24.1302,27,1
20251206_villarreal_getafe,2025-26,20251206,2025-12-06,villarreal,getafe,1,2,0,0.8169,0.2823,10,6,5,5,2,0,6.7619,0.5913,3.0000,V,15,35.0000,31,13,28.8859,18.1989,18,3
20251206_villarreal_getafe,2025-26,20251206,2025-12-06,getafe,villarreal,0,0,2,0.2823,0.8169,6,10,0,3,4,1,10.4231,0.1590,0.0000,D,15,20.0000,13,17,12.6991,17.7312,-4,7
20251207_elche_girona,2025-26,20251207,2025-12-07,elche,girona,1,3,0,1.5951,0.7810,11,8,6,2,0,0,6.3871,0.4432,3.0000,V,15,19.0000,18,17,17.7770,22.7738,1,9
20251207_elche_girona,2025-26,20251207,2025-12-07,girona,elche,0,0,3,0.7810,1.5951,8,11,4,2,3,0,17.0000,0.2813,0.0000,D,15,12.0000,13,29,17.9422,32.7996,-16,18
20251207_espanyol_rayo-vallecano,2025-26,20251207,2025-12-07,espanyol,rayo vallecano,1,1,0,1.5798,0.2855,9,6,2,6,4,1,7.5714,0.4144,3.0000,V,15,27.0000,19,16,25.6622,20.4218,3,5
20251207_espanyol_rayo-vallecano,2025-26,20251207,2025-12-07,rayo vallecano,espanyol,0,0,1,0.2855,1.5798,6,9,2,2,8,1,4.9583,0.2932,0.0000,D,15,17.0000,13,16,22.2225,22.7095,-3,12
20251207_madrid_celta,2025-26,20251207,2025-12-07,madrid,celta,1,0,2,2.4168,1.6091,23,7,7,8,6,3,13.7143,0.7274,0.0000,D,16,36.0000,32,15,39.2895,19.3805,17,2
20251207_madrid_celta,2025-26,20251207,2025-12-07,celta,madrid,0,2,0,1.6091,2.4168,7,23,5,1,1,0,24.0833,0.1065,3.0000,V,15,19.0000,18,19,17.8851,23.7651,-1,10
20251207_valencia_sevilla,2025-26,20251207,2025-12-07,valencia,sevilla,1,1,1,1.2390,0.6355,11,4,3,2,3,0,11.0417,0.4428,1.0000,E,15,15.0000,14,23,17.8027,23.7988,-9,16
20251207_valencia_sevilla,2025-26,20251207,2025-12-07,sevilla,valencia,0,1,1,0.6355,1.2390,4,11,1,2,6,0,8.1000,0.2753,1.0000,E,15,17.0000,20,24,15.1796,25.6212,-4,13
20251208_osasuna_levante,2025-26,20251208,2025-12-08,osasuna,levante,1,2,0,1.7499,0.5450,14,11,6,3,2,0,9.8710,0.5385,3.0000,V,15,15.0000,14,18,17.3662,20.1690,-4,15
20251208_osasuna_levante,2025-26,20251208,2025-12-08,levante,osasuna,0,0,2,0.5450,1.7499,11,14,5,3,2,0,9.1579,0.2041,0.0000,D,15,9.0000,16,28,22.7744,29.8171,-12,20
20251212_sociedad_girona,2025-26,20251212,2025-12-12,sociedad,girona,1,1,2,1.0235,1.1689,9,14,4,4,1,0,9.2973,0.5480,0.0000,D,16,16.0000,20,24,24.0665,22.1986,-4,15
20251212_sociedad_girona,2025-26,20251212,2025-12-12,girona,sociedad,0,2,1,1.1689,1.0235,14,9,3,3,2,0,22.7500,0.1993,3.0000,V,16,15.0000,15,30,19.1111,33.8231,-15,18
20251213_atletico-madrid_valencia,2025-26,20251213,2025-12-13,atletico madrid,valencia,1,2,1,2.0708,1.2607,10,13,6,5,3,0,7.9211,0.7302,3.0000,V,17,34.0000,30,16,33.2049,20.0997,14,4
20251213_atletico-madrid_valencia,2025-26,20251213,2025-12-13,valencia,atletico madrid,0,1,2,1.2607,2.0708,13,10,2,7,1,0,12.7500,0.0890,0.0000,D,16,15.0000,15,25,19.0634,25.8695,-10,17
20251213_barcelona_osasuna,2025-26,20251213,2025-12-13,barcelona,osasuna,1,2,0,2.1447,0.2282,24,3,7,14,0,0,3.8182,0.7895,3.0000,V,17,43.0000,49,20,44.3792,24.3584,29,1
20251213_barcelona_osasuna,2025-26,20251213,2025-12-13,osasuna,barcelona,0,0,2,0.2282,2.1447,3,24,2,1,3,0,20.0588,0.0815,0.0000,D,16,15.0000,14,20,17.5944,22.3137,-6,16
20251213_getafe_espanyol,2025-26,20251213,2025-12-13,getafe,espanyol,1,0,1,0.3059,0.7547,11,6,1,6,5,0,8.7895,0.3736,0.0000,D,16,20.0000,13,18,13.0051,18.4859,-5,10
20251213_getafe_espanyol,2025-26,20251213,2025-12-13,espanyol,getafe,0,1,0,0.7547,0.3059,6,11,4,4,1,0,7.2083,0.2961,3.0000,V,16,30.0000,20,16,26.4169,20.7277,4,5
20251213_mallorca_elche,2025-26,20251213,2025-12-13,mallorca,elche,1,3,1,2.5810,0.3117,15,9,8,1,3,0,13.3478,0.3893,3.0000,V,16,17.0000,18,23,17.7718,27.3108,-5,14
20251213_mallorca_elche,2025-26,20251213,2025-12-13,elche,mallorca,0,1,3,0.3117,2.5810,9,15,0,1,0,0,9.5200,0.3039,0.0000,D,16,19.0000,19,20,18.0887,25.3548,-1,11
20251214_alaves_madrid,2025-26,20251214,2025-12-14,alaves,madrid,1,1,2,1.3130,1.9066,6,13,2,5,3,0,12.4091,0.1740,0.0000,D,16,18.0000,14,17,21.9043,18.8961,-3,12
20251214_alaves_madrid,2025-26,20251214,2025-12-14,madrid,alaves,0,2,1,1.9066,1.3130,13,6,6,7,1,0,12.6923,0.5874,3.0000,V,17,39.0000,34,16,41.1961,20.6935,18,2
20251214_celta_athletic,2025-26,20251214,2025-12-14,celta,athletic,1,2,0,1.9707,1.6656,5,14,2,1,3,0,11.7917,0.3606,3.0000,V,16,22.0000,20,19,19.8559,25.4307,1,8
20251214_celta_athletic,2025-26,20251214,2025-12-14,athletic,celta,0,0,2,1.6656,1.9707,14,5,2,4,2,0,10.1875,0.3409,0.0000,D,17,23.0000,15,22,24.1695,19.6400,-7,8
20251214_sevilla_oviedo,2025-26,20251214,2025-12-14,sevilla,oviedo,1,4,0,2.3190,0.4170,13,5,7,5,1,0,11.3529,0.4991,3.0000,V,16,20.0000,24,24,17.4986,26.0381,0,9
20251214_sevilla_oviedo,2025-26,20251214,2025-12-14,oviedo,sevilla,0,0,4,0.4170,2.3190,5,13,1,3,2,1,10.7600,0.2182,0.0000,D,16,10.0000,7,26,14.4328,29.5417,-19,20
20251215_rayo-vallecano_betis,2025-26,20251215,2025-12-15,rayo vallecano,betis,1,0,0,2.1848,0.7888,23,13,7,8,4,0,8.2500,0.3719,1.0000,E,16,18.0000,13,16,24.4073,23.4983,-3,13
20251215_rayo-vallecano_betis,2025-26,20251215,2025-12-15,betis,rayo vallecano,0,0,0,0.7888,2.1848,13,23,6,3,1,0,18.4615,0.3484,1.0000,E,16,25.0000,25,19,25.4562,20.9862,6,6
20251219_valencia_mallorca,2025-26,20251219,2025-12-19,valencia,mallorca,1,1,1,2.1601,0.1994,17,4,2,12,2,0,7.9412,0.4748,1.0000,E,17,16.0000,16,26,21.2235,26.0690,-10,17
20251219_valencia_mallorca,2025-26,20251219,2025-12-19,mallorca,valencia,0,1,1,0.1994,2.1601,4,17,2,3,3,0,18.8667,0.2304,1.0000,E,17,18.0000,19,24,17.9712,29.4710,-5,13
20251220_levante_sociedad,2025-26,20251220,2025-12-20,levante,sociedad,1,1,1,1.2201,1.6299,13,18,3,7,6,0,10.2692,0.2861,1.0000,E,16,10.0000,17,29,23.9945,31.4469,-12,19
20251220_levante_sociedad,2025-26,20251220,2025-12-20,sociedad,levante,0,1,1,1.6299,1.2201,18,13,6,10,2,0,8.1905,0.4378,1.0000,E,17,17.0000,21,25,25.6964,23.4187,-4,16
20251220_madrid_sevilla,2025-26,20251220,2025-12-20,madrid,sevilla,1,2,0,4.0014,1.5142,18,14,8,6,2,0,12.6957,0.7839,3.0000,V,18,42.0000,36,16,45.1975,22.2077,20,2
20251220_madrid_sevilla,2025-26,20251220,2025-12-20,sevilla,madrid,0,0,2,1.5142,4.0014,14,18,5,5,5,1,12.3333,0.0771,0.0000,D,17,20.0000,24,26,19.0128,30.0395,-2,10
20251220_osasuna_alaves,2025-26,20251220,2025-12-20,osasuna,alaves,1,3,0,2.3914,0.7187,16,7,7,9,2,0,7.5312,0.4243,3.0000,V,17,18.0000,17,20,19.9858,23.0324,-3,12
20251220_osasuna_alaves,2025-26,20251220,2025-12-20,alaves,osasuna,0,0,3,0.7187,2.3914,7,16,3,0,2,0,12.6667,0.2638,0.0000,D,17,18.0000,14,20,22.6229,21.2876,-6,14
20251220_oviedo_celta,2025-26,20251220,2025-12-20,oviedo,celta,1,0,0,0.5175,0.6000,10,6,3,4,2,0,9.0370,0.2552,1.0000,E,17,11.0000,7,26,14.9504,30.1417,-19,20
20251220_oviedo_celta,2025-26,20251220,2025-12-20,celta,oviedo,0,0,0,0.6000,0.5175,6,10,2,3,1,0,20.4615,0.4561,1.0000,E,17,23.0000,20,19,20.4559,25.9482,1,7
20251221_betis_getafe,2025-26,20251221,2025-12-21,betis,getafe,1,4,0,3.4602,1.2473,19,15,8,7,0,0,9.4000,0.5521,3.0000,V,17,28.0000,29,19,28.9164,22.2334,10,6
20251221_betis_getafe,2025-26,20251221,2025-12-21,getafe,betis,0,0,4,1.2473,3.4602,15,19,3,5,1,0,8.2692,0.1751,0.0000,D,17,20.0000,13,22,14.2523,21.9461,-9,11
20251221_elche_rayo-vallecano,2025-26,20251221,2025-12-21,elche,rayo vallecano,1,4,0,3.6700,1.1492,18,18,6,4,2,0,9.6522,0.3846,3.0000,V,17,22.0000,23,20,21.7586,26.5040,3,9
20251221_elche_rayo-vallecano,2025-26,20251221,2025-12-21,rayo vallecano,elche,0,0,4,1.1492,3.6700,18,18,8,5,3,0,6.9167,0.3077,0.0000,D,17,18.0000,13,20,25.5565,27.1682,-7,15
20251221_girona_atletico-madrid,2025-26,20251221,2025-12-21,girona,atletico madrid,1,0,3,1.1157,1.2620,9,14,2,3,2,0,13.6190,0.1962,0.0000,D,17,15.0000,15,33,20.2268,35.0851,-18,18
20251221_girona_atletico-madrid,2025-26,20251221,2025-12-21,atletico madrid,girona,0,3,0,1.2620,1.1157,14,9,6,4,0,0,12.6400,0.5695,3.0000,V,18,37.0000,33,16,34.4669,21.2154,17,4
20251221_villarreal_barcelona,2025-26,20251221,2025-12-21,villarreal,barcelona,1,0,2,2.1647,3.2738,14,19,5,5,1,1,26.2667,0.2769,0.0000,D,16,35.0000,31,15,31.0505,21.4727,16,3
20251221_villarreal_barcelona,2025-26,20251221,2025-12-21,barcelona,villarreal,0,2,0,3.2738,2.1647,19,14,5,10,1,0,5.0526,0.5158,3.0000,V,18,46.0000,51,20,47.6530,26.5230,31,1
20251222_athletic_espanyol,2025-26,20251222,2025-12-22,athletic,espanyol,1,1,2,1.7228,0.9090,17,10,7,8,5,0,7.1364,0.5386,0.0000,D,18,23.0000,16,24,25.8923,20.5490,-8,8
20251222_athletic_espanyol,2025-26,20251222,2025-12-22,espanyol,athletic,0,2,1,0.9090,1.7228,10,17,5,4,2,0,15.4118,0.1905,3.0000,V,17,33.0000,22,17,27.3259,22.4505,5,5
20260102_rayo-vallecano_getafe,2025-26,20260102,2026-01-02,rayo vallecano,getafe,1,1,1,0.6623,0.6639,13,12,4,3,3,0,5.0000,0.4607,1.0000,E,18,19.0000,14,21,26.2188,27.8321,-7,14
20260102_rayo-vallecano_getafe,2025-26,20260102,2026-01-02,getafe,rayo vallecano,0,1,1,0.6639,0.6623,12,13,4,2,4,0,15.8889,0.2107,1.0000,E,18,21.0000,14,23,14.9162,22.6084,-9,10
20260103_celta_valencia,2025-26,20260103,2026-01-03,celta,valencia,1,4,1,2.5903,1.7930,12,16,6,2,1,0,15.5217,0.4803,3.0000,V,18,26.0000,24,20,23.0462,27.7412,4,7
20260103_celta_valencia,2025-26,20260103,2026-01-03,valencia,celta,0,1,4,1.7930,2.5903,16,12,5,4,3,0,14.4118,0.2353,0.0000,D,18,16.0000,17,30,23.0165,28.6592,-13,18
20260103_elche_villarreal,2025-26,20260103,2026-01-03,elche,villarreal,1,1,3,1.5212,2.6350,15,12,2,6,3,0,3.7692,0.2961,0.0000,D,18,22.0000,24,23,23.2798,29.1390,1,9
20260103_elche_villarreal,2025-26,20260103,2026-01-03,villarreal,elche,0,3,1,2.6350,1.5212,12,15,4,2,3,0,19.8947,0.4333,3.0000,V,17,38.0000,34,16,33.6855,22.9939,18,3
20260103_espanyol_barcelona,2025-26,20260103,2026-01-03,espanyol,barcelona,1,0,2,1.7966,2.9425,14,15,7,5,1,0,18.5000,0.1762,0.0000,D,18,33.0000,22,19,29.1225,25.3931,3,5
20260103_espanyol_barcelona,2025-26,20260103,2026-01-03,barcelona,espanyol,0,2,0,2.9425,1.7966,15,14,6,7,0,0,4.9600,0.6242,3.0000,V,19,49.0000,53,20,50.5955,28.3197,33,1
20260103_osasuna_athletic,2025-26,20260103,2026-01-03,osasuna,athletic,1,1,1,0.8681,1.5540,11,16,4,1,3,0,13.5000,0.3102,1.0000,E,18,19.0000,18,21,20.8539,24.5864,-3,12
20260103_osasuna_athletic,2025-26,20260103,2026-01-03,athletic,osasuna,0,1,1,1.5540,0.8681,16,11,6,9,3,0,6.8750,0.3701,1.0000,E,19,24.0000,17,25,27.4463,21.4170,-8,8
20260104_alaves_oviedo,2025-26,20260104,2026-01-04,alaves,oviedo,1,1,1,1.5676,3.2191,18,18,7,6,3,1,6.8750,0.5092,1.0000,E,18,19.0000,15,21,24.1905,24.5066,-6,13
20260104_alaves_oviedo,2025-26,20260104,2026-01-04,oviedo,alaves,0,1,1,3.2191,1.5676,18,18,6,7,3,1,7.6667,0.1866,1.0000,E,18,12.0000,8,27,18.1694,31.7093,-19,20
20260104_madrid_betis,2025-26,20260104,2026-01-04,madrid,betis,1,5,1,3.0073,0.9746,19,13,9,5,1,0,15.9333,0.6425,3.0000,V,19,45.0000,41,17,48.2048,23.1823,24,2
20260104_madrid_betis,2025-26,20260104,2026-01-04,betis,madrid,0,1,5,0.9746,3.0073,13,19,5,8,1,0,18.4762,0.1566,0.0000,D,18,28.0000,30,24,29.8910,25.2407,6,6
20260104_mallorca_girona,2025-26,20260104,2026-01-04,mallorca,girona,1,1,2,1.4834,1.4571,9,9,2,3,2,0,10.0000,0.4187,0.0000,D,18,18.0000,20,26,19.4546,30.9281,-6,16
20260104_mallorca_girona,2025-26,20260104,2026-01-04,girona,mallorca,0,2,1,1.4571,1.4834,9,9,4,6,1,0,13.5000,0.2808,3.0000,V,18,18.0000,17,34,21.6839,36.5685,-17,17
20260104_sevilla_levante,2025-26,20260104,2026-01-04,sevilla,levante,1,0,3,1.6656,1.6510,15,6,7,5,3,0,7.9048,0.5300,0.0000,D,18,20.0000,24,29,20.6784,31.6905,-5,11
20260104_sevilla_levante,2025-26,20260104,2026-01-04,levante,sevilla,0,3,0,1.6510,1.6656,6,15,4,1,4,0,14.7895,0.2094,3.0000,V,17,13.0000,20,29,25.6455,33.1125,-9,19
20260104_sociedad_atletico-madrid,2025-26,20260104,2026-01-04,sociedad,atletico madrid,1,1,1,1.7065,1.3733,18,10,8,6,3,0,10.5806,0.2452,1.0000,E,18,18.0000,22,26,27.4029,24.7919,-4,15
20260104_sociedad_atletico-madrid,2025-26,20260104,2026-01-04,atletico madrid,sociedad,0,1,1,1.3733,1.7065,10,18,2,6,2,0,11.4444,0.4879,1.0000,E,19,38.0000,34,17,35.8402,22.9219,17,4
20260109_getafe_sociedad,2025-26,20260109,2026-01-09,getafe,sociedad,1,1,2,0.2402,1.2580,6,12,3,2,2,0,13.4211,0.2789,0.0000,D,19,21.0000,15,25,15.1564,23.8664,-10,12
20260109_getafe_sociedad,2025-26,20260109,2026-01-09,sociedad,getafe,0,2,1,1.2580,0.2402,12,6,5,4,1,0,3.4651,0.3880,3.0000,V,19,21.0000,24,27,28.6609,25.0321,-3,11
20260110_girona_osasuna,2025-26,20260110,2026-01-10,girona,osasuna,1,1,0,0.9840,1.2267,8,13,4,2,2,1,10.2593,0.3990,3.0000,V,19,21.0000,18,34,22.6679,37.7953,-16,13
20260110_girona_osasuna,2025-26,20260110,2026-01-10,osasuna,girona,0,0,1,1.2267,0.9840,13,8,1,1,6,0,11.9500,0.3067,0.0000,D,19,19.0000,18,22,22.0806,25.5704,-4,15
20260110_oviedo_betis,2025-26,20260110,2026-01-10,oviedo,betis,1,1,1,1.0103,2.7081,13,15,3,5,3,0,12.4828,0.2282,1.0000,E,19,13.0000,9,28,19.1797,34.4174,-19,20
20260110_oviedo_betis,2025-26,20260110,2026-01-10,betis,oviedo,0,1,1,2.7081,1.0103,15,13,6,2,1,0,12.3333,0.4961,1.0000,E,19,29.0000,31,25,32.5991,26.2510,6,6
20260110_valencia_elche,2025-26,20260110,2026-01-10,valencia,elche,1,1,1,2.0415,0.2444,16,5,4,8,2,0,11.3704,0.4325,1.0000,E,19,17.0000,18,31,25.0580,28.9037,-13,18
20260110_valencia_elche,2025-26,20260110,2026-01-10,elche,valencia,0,1,1,0.2444,2.0415,5,16,1,6,3,0,7.5000,0.2710,1.0000,E,19,23.0000,25,24,23.5242,31.1805,1,9
20260110_villarreal_alaves,2025-26,20260110,2026-01-10,villarreal,alaves,1,3,1,1.3832,0.8446,11,16,4,1,0,0,16.3182,0.6461,3.0000,V,18,41.0000,37,17,35.0688,23.8385,20,3
20260110_villarreal_alaves,2025-26,20260110,2026-01-10,alaves,villarreal,0,1,3,0.8446,1.3832,16,11,5,6,2,0,7.6970,0.1355,0.0000,D,19,19.0000,16,24,25.0351,25.8899,-8,16
20260111_levante_espanyol,2025-26,20260111,2026-01-11,levante,espanyol,1,1,1,1.1823,1.5892,8,19,2,4,0,0,10.9130,0.3077,1.0000,E,18,14.0000,21,30,26.8278,34.7018,-9,19
20260111_levante_espanyol,2025-26,20260111,2026-01-11,espanyol,levante,0,1,1,1.5892,1.1823,19,8,3,3,1,0,9.1935,0.4062,1.0000,E,19,34.0000,23,20,30.7118,26.5754,3,5
20260111_rayo-vallecano_mallorca,2025-26,20260111,2026-01-11,rayo vallecano,mallorca,1,2,1,2.0511,1.0574,14,9,5,6,1,1,7.0769,0.4991,3.0000,V,19,22.0000,16,22,28.2699,28.8896,-6,10
20260111_rayo-vallecano_mallorca,2025-26,20260111,2026-01-11,mallorca,rayo vallecano,0,1,2,1.0574,2.0511,9,14,2,5,5,0,11.1053,0.2104,0.0000,D,19,18.0000,21,28,20.5120,32.9791,-7,17
20260112_sevilla_celta,2025-26,20260112,2026-01-12,sevilla,celta,1,0,1,0.2625,2.0763,7,9,2,6,3,0,7.2963,0.3685,0.0000,D,19,20.0000,24,30,20.9409,33.7668,-6,14
20260112_sevilla_celta,2025-26,20260112,2026-01-12,celta,sevilla,0,1,0,2.0763,0.2625,9,7,7,1,3,0,17.8000,0.3453,3.0000,V,19,29.0000,25,20,25.1224,28.0037,5,7
20260116_espanyol_girona,2025-26,20260116,2026-01-16,espanyol,girona,1,0,2,1.2674,1.8238,14,7,2,5,5,0,9.0714,0.5040,0.0000,D,20,34.0000,23,22,31.9791,28.3991,1,5
20260116_espanyol_girona,2025-26,20260116,2026-01-16,girona,espanyol,0,2,0,1.8238,1.2674,7,14,4,4,5,0,7.5484,0.2212,3.0000,V,20,24.0000,20,34,24.4917,39.0626,-14,11
20260117_betis_villarreal,2025-26,20260117,2026-01-17,betis,villarreal,1,2,0,1.3495,1.1791,15,9,6,2,3,0,6.1765,0.3727,3.0000,V,20,32.0000,33,25,33.9486,27.4301,8,6
20260117_betis_villarreal,2025-26,20260117,2026-01-17,villarreal,betis,0,0,2,1.1791,1.3495,9,15,3,3,2,1,14.5238,0.3586,0.0000,D,19,41.0000,37,19,36.2478,25.1880,18,3
20260117_madrid_levante,2025-26,20260117,2026-01-17,madrid,levante,1,2,0,2.5486,0.7875,26,10,11,8,2,0,8.3000,0.8166,3.0000,V,20,48.0000,43,17,50.7534,23.9698,26,2
20260117_madrid_levante,2025-26,20260117,2026-01-17,levante,madrid,0,0,2,0.7875,2.5486,10,26,0,0,1,0,25.7333,0.0669,0.0000,D,19,14.0000,21,32,27.6153,37.2504,-11,19
20260117_mallorca_athletic,2025-26,20260117,2026-01-17,mallorca,athletic,1,3,2,3.1143,2.2824,18,21,9,3,1,0,9.7619,0.2607,3.0000,V,20,21.0000,24,30,23.6263,35.2616,-6,15
20260117_mallorca_athletic,2025-26,20260117,2026-01-17,athletic,mallorca,0,2,3,2.2824,3.1143,21,18,11,7,5,2,14.0909,0.4289,0.0000,D,20,24.0000,19,28,29.7288,24.5314,-9,10
20260117_osasuna_oviedo,2025-26,20260117,2026-01-17,osasuna,oviedo,1,3,2,2.0355,1.3617,16,13,5,3,1,1,7.7500,0.5328,3.0000,V,20,22.0000,21,24,24.1161,26.9321,-3,12
20260117_osasuna_oviedo,2025-26,20260117,2026-01-17,oviedo,osasuna,0,2,3,1.3617,2.0355,13,16,5,6,4,0,10.3333,0.1890,0.0000,D,20,13.0000,11,31,20.5414,36.4529,-20,20
20260118_atletico-madrid_alaves,2025-26,20260118,2026-01-18,atletico madrid,alaves,1,1,0,1.7743,1.2100,23,8,6,6,1,0,7.7059,0.7228,3.0000,V,20,41.0000,35,17,37.6145,24.1319,18,3
20260118_atletico-madrid_alaves,2025-26,20260118,2026-01-18,alaves,atletico madrid,0,0,1,1.2100,1.7743,8,23,0,6,1,0,25.2500,0.0937,0.0000,D,20,19.0000,16,25,26.2451,27.6642,-9,18
20260118_celta_rayo-vallecano,2025-26,20260118,2026-01-18,celta,rayo vallecano,1,3,0,1.9027,1.3193,11,14,7,5,4,0,12.8500,0.4620,3.0000,V,20,32.0000,28,20,27.0252,29.3230,8,7
20260118_celta_rayo-vallecano,2025-26,20260118,2026-01-18,rayo vallecano,celta,0,0,3,1.3193,1.9027,14,11,3,7,3,1,13.8571,0.2430,0.0000,D,20,22.0000,16,25,29.5892,30.7923,-9,13
20260118_getafe_valencia,2025-26,20260118,2026-01-18,getafe,valencia,1,0,1,0.5846,0.7469,14,7,3,9,2,0,8.1250,0.3737,0.0000,D,20,21.0000,15,26,15.7410,24.6133,-11,16
20260118_getafe_valencia,2025-26,20260118,2026-01-18,valencia,getafe,0,1,0,0.7469,0.5846,7,14,1,3,3,1,8.4737,0.2877,3.0000,V,20,20.0000,19,31,25.8048,29.4883,-12,17
20260118_sociedad_barcelona,2025-26,20260118,2026-01-18,sociedad,barcelona,1,2,1,1.5588,3.9203,8,25,6,6,3,1,11.0000,0.1903,3.0000,V,20,24.0000,26,28,30.2196,28.9524,-2,9
20260118_sociedad_barcelona,2025-26,20260118,2026-01-18,barcelona,sociedad,0,1,2,3.9203,1.5588,25,8,9,8,3,0,5.3000,0.6013,0.0000,D,20,49.0000,54,22,54.5159,29.8784,32,1
20260119_elche_sevilla,2025-26,20260119,2026-01-19,elche,sevilla,1,2,2,1.4808,2.4961,10,25,5,9,3,0,7.0000,0.4199,1.0000,E,20,24.0000,27,26,25.0050,33.6766,1,8
20260119_elche_sevilla,2025-26,20260119,2026-01-19,sevilla,elche,0,2,2,2.4961,1.4808,25,10,8,7,1,0,4.7273,0.2963,1.0000,E,20,21.0000,26,32,23.4370,35.2476,-6,14
20260123_levante_elche,2025-26,20260123,2026-01-23,levante,elche,1,3,2,3.2445,0.6330,26,6,6,9,2,0,12.4000,0.4196,3.0000,V,20,17.0000,24,34,30.8599,37.8834,-10,19
20260123_levante_elche,2025-26,20260123,2026-01-23,elche,levante,0,2,3,0.6330,3.2445,6,26,3,1,3,0,7.1304,0.2915,0.0000,D,21,24.0000,29,29,25.6380,36.9211,0,11
20260124_rayo-vallecano_osasuna,2025-26,20260124,2026-01-24,rayo vallecano,osasuna,1,1,3,0.6696,1.3686,11,14,4,4,2,0,4.3182,0.4435,0.0000,D,21,22.0000,17,28,30.2588,32.1609,-11,16
20260124_rayo-vallecano_osasuna,2025-26,20260124,2026-01-24,osasuna,rayo vallecano,0,3,1,1.3686,0.6696,14,11,5,3,2,0,11.9130,0.2567,3.0000,V,21,25.0000,24,25,25.4848,27.6017,-1,9
20260124_sevilla_athletic,2025-26,20260124,2026-01-24,sevilla,athletic,1,2,1,1.4305,1.9126,10,15,7,5,2,0,5.2414,0.3274,3.0000,V,21,24.0000,28,33,24.8676,37.1602,-5,12
20260124_sevilla_athletic,2025-26,20260124,2026-01-24,athletic,sevilla,0,1,2,1.9126,1.4305,15,10,3,5,1,0,9.8000,0.3655,0.0000,D,21,24.0000,20,30,31.6413,25.9619,-10,13
20260124_valencia_espanyol,2025-26,20260124,2026-01-24,valencia,espanyol,1,3,2,2.7696,1.7594,10,16,5,2,1,0,9.1154,0.3949,3.0000,V,21,23.0000,22,33,28.5744,31.2477,-11,14
20260124_valencia_espanyol,2025-26,20260124,2026-01-24,espanyol,valencia,0,2,3,1.7594,2.7696,16,10,6,7,5,0,6.7241,0.3074,0.0000,D,21,34.0000,25,25,33.7386,31.1687,0,5
20260124_villarreal_madrid,2025-26,20260124,2026-01-24,villarreal,madrid,1,0,2,0.9528,1.6221,8,14,1,6,3,0,10.2414,0.2837,0.0000,D,20,41.0000,37,21,37.2007,26.8101,16,4
20260124_villarreal_madrid,2025-26,20260124,2026-01-24,madrid,villarreal,0,2,0,1.6221,0.9528,14,8,4,6,1,0,10.4348,0.4710,3.0000,V,21,51.0000,45,17,52.3755,24.9226,28,2
20260125_alaves_betis,2025-26,20260125,2026-01-25,alaves,betis,1,2,1,1.6710,1.7866,17,18,9,6,1,0,10.1154,0.3344,3.0000,V,21,22.0000,18,26,27.9161,29.4508,-8,15
20260125_alaves_betis,2025-26,20260125,2026-01-25,betis,alaves,0,1,2,1.7866,1.6710,18,17,4,4,1,0,5.4412,0.3587,0.0000,D,21,32.0000,34,27,35.7352,29.1011,7,6
20260125_atletico-madrid_mallorca,2025-26,20260125,2026-01-25,atletico madrid,mallorca,1,3,0,1.4250,0.3679,17,6,8,10,2,0,8.0000,0.7316,3.0000,V,21,44.0000,38,17,39.0395,24.4998,21,3
20260125_atletico-madrid_mallorca,2025-26,20260125,2026-01-25,mallorca,atletico madrid,0,0,3,0.3679,1.4250,6,17,1,3,1,0,21.0000,0.0936,0.0000,D,21,21.0000,24,33,23.9942,36.6866,-9,18
20260125_barcelona_oviedo,2025-26,20260125,2026-01-25,barcelona,oviedo,1,3,0,2.5992,0.4864,15,12,7,10,1,0,5.9630,0.8594,3.0000,V,21,52.0000,57,22,57.1150,30.3648,35,1
20260125_barcelona_oviedo,2025-26,20260125,2026-01-25,oviedo,barcelona,0,0,3,0.4864,2.5992,12,15,3,1,2,0,11.8056,0.0462,0.0000,D,21,13.0000,11,34,21.0278,39.0520,-23,20
20260125_sociedad_celta,2025-26,20260125,2026-01-25,sociedad,celta,1,3,1,2.1550,1.6312,10,17,4,2,1,1,20.1667,0.4721,3.0000,V,21,27.0000,29,29,32.3746,30.5835,0,8
20260125_sociedad_celta,2025-26,20260125,2026-01-25,celta,sociedad,0,1,3,1.6312,2.1550,17,10,4,9,1,0,8.6250,0.2492,0.0000,D,21,32.0000,29,23,28.6563,31.4780,6,7
20260126_girona_getafe,2025-26,20260126,2026-01-26,girona,getafe,1,1,1,1.0157,1.1089,12,8,4,3,5,0,6.2273,0.4504,1.0000,E,21,25.0000,21,35,25.5074,40.1715,-14,10
20260126_girona_getafe,2025-26,20260126,2026-01-26,getafe,girona,0,1,1,1.1089,1.0157,8,12,2,4,3,0,15.5238,0.2384,1.0000,E,21,22.0000,16,27,16.8499,25.6290,-11,17
20260130_espanyol_alaves,2025-26,20260130,2026-01-30,espanyol,alaves,1,1,2,1.2010,1.3225,10,11,3,4,0,0,8.6429,0.4828,0.0000,D,22,34.0000,26,27,34.9395,32.4912,-1,6
20260130_espanyol_alaves,2025-26,20260130,2026-01-30,alaves,espanyol,0,2,1,1.3225,1.2010,11,10,7,2,1,0,10.3333,0.2106,3.0000,V,22,25.0000,20,27,29.2386,30.6517,-7,10
20260131_elche_barcelona,2025-26,20260131,2026-01-31,elche,barcelona,1,1,3,0.8390,7.1105,9,30,3,2,2,0,15.5455,0.1248,0.0000,D,22,24.0000,30,32,26.4770,44.0316,-2,13
20260131_elche_barcelona,2025-26,20260131,2026-01-31,barcelona,elche,0,3,1,7.1105,0.8390,30,9,8,8,1,0,8.0370,0.7086,3.0000,V,22,55.0000,60,23,64.2255,31.2038,37,1
20260131_levante_atletico-madrid,2025-26,20260131,2026-01-31,levante,atletico madrid,1,0,0,0.4111,0.6153,10,10,2,4,2,0,10.8333,0.1796,1.0000,E,21,18.0000,24,34,31.2710,38.4987,-10,19
20260131_levante_atletico-madrid,2025-26,20260131,2026-01-31,atletico madrid,levante,0,0,0,0.6153,0.4111,10,10,4,7,1,0,10.3333,0.5893,1.0000,E,22,45.0000,38,17,39.6548,24.9109,21,3
20260131_osasuna_villarreal,2025-26,20260131,2026-01-31,osasuna,villarreal,1,2,2,2.1347,0.9111,15,5,5,6,2,0,10.7826,0.3427,1.0000,E,22,26.0000,26,27,27.6194,28.5128,-1,9
20260131_osasuna_villarreal,2025-26,20260131,2026-01-31,villarreal,osasuna,0,2,2,0.9111,2.1347,5,15,4,2,2,0,9.4783,0.3725,1.0000,E,21,42.0000,39,23,38.1118,28.9447,16,4
20260131_oviedo_girona,2025-26,20260131,2026-01-31,oviedo,girona,1,1,0,1.2660,0.6642,8,9,4,4,1,0,19.9000,0.3533,3.0000,V,22,16.0000,12,34,22.2938,39.7163,-22,20
20260131_oviedo_girona,2025-26,20260131,2026-01-31,girona,oviedo,0,0,1,0.6642,1.2660,9,8,1,4,1,0,5.2308,0.3405,0.0000,D,22,25.0000,21,36,26.1716,41.4376,-15,12
20260201_athletic_sociedad,2025-26,20260201,2026-02-01,athletic,sociedad,1,1,1,0.8938,1.5858,19,9,4,6,4,0,6.7000,0.4175,1.0000,E,22,25.0000,21,31,32.5351,27.5477,-10,11
20260201_athletic_sociedad,2025-26,20260201,2026-02-01,sociedad,athletic,0,1,1,1.5858,0.8938,9,19,6,3,2,1,11.4706,0.2808,1.0000,E,22,28.0000,30,30,33.9604,31.4773,0,8
20260201_betis_valencia,2025-26,20260201,2026-02-01,betis,valencia,1,2,1,2.1688,1.8867,14,15,2,3,0,0,8.6552,0.5123,3.0000,V,22,35.0000,36,28,37.9040,30.9878,8,5
20260201_betis_valencia,2025-26,20260201,2026-02-01,valencia,betis,0,1,2,1.8867,2.1688,15,14,4,5,4,0,13.2222,0.2175,0.0000,D,22,23.0000,23,35,30.4611,33.4165,-12,17
20260201_getafe_celta,2025-26,20260201,2026-02-01,getafe,celta,1,0,0,0.4999,0.2569,9,5,2,5,1,0,13.9583,0.3321,1.0000,E,22,23.0000,16,27,17.3497,25.8859,-11,16
20260201_getafe_celta,2025-26,20260201,2026-02-01,celta,getafe,0,0,0,0.2569,0.4999,5,9,1,3,2,0,12.0714,0.3393,1.0000,E,22,33.0000,29,23,28.9132,31.9778,6,7
20260201_madrid_rayo-vallecano,2025-26,20260201,2026-02-01,madrid,rayo vallecano,1,2,1,2.3021,1.0694,16,11,6,9,2,0,12.0000,0.7553,3.0000,V,22,54.0000,47,18,54.6776,25.9920,29,2
20260201_madrid_rayo-vallecano,2025-26,20260201,2026-02-01,rayo vallecano,madrid,0,1,2,1.0694,2.3021,11,16,4,4,8,2,17.2778,0.0876,0.0000,D,22,22.0000,18,30,31.3281,34.4630,-12,18
20260202_mallorca_sevilla,2025-26,20260202,2026-02-02,mallorca,sevilla,1,4,1,3.0435,1.2432,11,15,7,4,1,0,9.2727,0.3922,3.0000,V,22,24.0000,28,34,27.0377,37.9298,-6,14
20260202_mallorca_sevilla,2025-26,20260202,2026-02-02,sevilla,mallorca,0,1,4,1.2432,3.0435,15,11,5,8,1,0,5.5909,0.3073,0.0000,D,22,24.0000,29,37,26.1108,40.2036,-8,15
20260206_celta_osasuna,2025-26,20260206,2026-02-06,celta,osasuna,1,1,2,2.0351,1.0025,18,8,4,7,2,0,21.0000,0.4790,0.0000,D,23,33.0000,30,25,30.9483,32.9804,5,7
20260206_celta_osasuna,2025-26,20260206,2026-02-06,osasuna,celta,0,2,1,1.0025,2.0351,8,18,2,3,2,0,16.4500,0.2324,3.0000,V,23,29.0000,28,28,28.6220,30.5479,0,9
20260207_barcelona_mallorca,2025-26,20260207,2026-02-07,barcelona,mallorca,1,3,0,2.4817,1.0109,24,9,7,12,0,0,7.5882,0.8218,3.0000,V,23,58.0000,63,23,66.7072,32.2147,40,1
20260207_barcelona_mallorca,2025-26,20260207,2026-02-07,mallorca,barcelona,0,0,3,1.0109,2.4817,9,24,4,3,0,0,17.3333,0.0643,0.0000,D,23,24.0000,28,37,28.0486,40.4114,-9,17
20260207_sociedad_elche,2025-26,20260207,2026-02-07,sociedad,elche,1,3,1,1.7719,1.0866,11,11,3,2,0,0,12.4074,0.5752,3.0000,V,23,31.0000,33,31,35.7323,32.5639,2,8
20260207_sociedad_elche,2025-26,20260207,2026-02-07,elche,sociedad,0,1,3,1.0866,1.7719,11,11,5,4,4,0,7.9524,0.1872,0.0000,D,23,24.0000,31,35,27.5636,45.8035,-4,16
20260208_alaves_getafe,2025-26,20260208,2026-02-08,alaves,getafe,1,0,2,3.0116,1.7859,13,17,5,6,2,0,4.0690,0.4081,0.0000,D,23,25.0000,20,29,32.2502,32.4376,-9,15
20260208_alaves_getafe,2025-26,20260208,2026-02-08,getafe,alaves,0,2,0,1.7859,3.0116,17,13,5,3,5,0,5.5349,0.2543,3.0000,V,23,26.0000,18,27,19.1356,28.8975,-9,11
20260208_athletic_levante,2025-26,20260208,2026-02-08,athletic,levante,1,4,2,2.7738,0.6153,22,6,7,4,2,0,8.5484,0.5830,3.0000,V,23,28.0000,25,33,35.3089,28.1630,-8,10
20260208_athletic_levante,2025-26,20260208,2026-02-08,levante,athletic,0,2,4,0.6153,2.7738,6,22,3,3,1,1,15.9444,0.1700,0.0000,D,22,18.0000,26,38,31.8863,41.2724,-12,19
20260208_atletico-madrid_betis,2025-26,20260208,2026-02-08,atletico madrid,betis,1,0,1,0.6255,0.8398,10,8,5,7,3,0,12.1111,0.6378,0.0000,D,23,45.0000,38,18,40.2803,25.7507,20,3
20260208_atletico-madrid_betis,2025-26,20260208,2026-02-08,betis,atletico madrid,0,1,0,0.8398,0.6255,8,10,4,3,1,0,85.0000,0.1525,3.0000,V,23,38.0000,37,28,38.7439,31.6134,9,5
20260208_sevilla_girona,2025-26,20260208,2026-02-08,sevilla,girona,1,1,1,0.9582,2.6020,11,15,3,5,3,0,12.0000,0.4498,1.0000,E,23,25.0000,30,38,27.0690,42.8056,-8,13
20260208_sevilla_girona,2025-26,20260208,2026-02-08,girona,sevilla,0,1,1,2.6020,0.9582,15,11,6,7,3,0,7.8929,0.2678,1.0000,E,23,26.0000,22,37,28.7736,42.3958,-15,12
20260208_valencia_madrid,2025-26,20260208,2026-02-08,valencia,madrid,1,0,2,0.5718,1.0458,7,11,0,5,1,0,16.1250,0.1680,0.0000,D,23,23.0000,23,37,31.0329,34.4623,-14,18
20260208_valencia_madrid,2025-26,20260208,2026-02-08,madrid,valencia,0,2,0,1.0458,0.5718,11,7,6,8,1,0,9.6500,0.6219,3.0000,V,23,57.0000,49,18,55.7233,26.5638,31,2
20260209_villarreal_espanyol,2025-26,20260209,2026-02-09,villarreal,espanyol,1,4,1,1.5393,0.7447,10,9,3,5,3,0,11.4348,0.5595,3.0000,V,22,45.0000,43,24,39.6510,29.6895,19,4
20260209_villarreal_espanyol,2025-26,20260209,2026-02-09,espanyol,villarreal,0,1,4,0.7447,1.5393,9,10,2,8,3,0,12.4167,0.2063,0.0000,D,23,34.0000,27,31,35.6843,34.0304,-4,6
20260213_elche_osasuna,2025-26,20260213,2026-02-13,elche,osasuna,1,0,0,2.3333,0.8126,17,6,5,10,2,0,5.9545,0.3401,1.0000,E,24,25.0000,31,35,29.8969,46.6162,-4,17
20260213_elche_osasuna,2025-26,20260213,2026-02-13,osasuna,elche,0,0,0,0.8126,2.3333,6,17,2,3,4,0,8.6071,0.3569,1.0000,E,24,30.0000,28,28,29.4346,32.8812,0,10
20260214_espanyol_celta,2025-26,20260214,2026-02-14,espanyol,celta,1,2,2,1.1611,2.8149,9,14,3,2,1,0,13.8636,0.3885,1.0000,E,24,35.0000,29,33,36.8454,36.8454,-4,6
20260214_espanyol_celta,2025-26,20260214,2026-02-14,celta,espanyol,0,2,2,2.8149,1.1611,14,9,5,2,0,0,17.0714,0.3152,1.0000,E,24,34.0000,32,27,33.7633,34.1415,5,7
20260214_getafe_villarreal,2025-26,20260214,2026-02-14,getafe,villarreal,1,2,1,1.6176,0.9694,5,8,2,3,2,0,4.9756,0.2898,3.0000,V,24,29.0000,20,28,20.7533,29.8669,-8,11
20260214_getafe_villarreal,2025-26,20260214,2026-02-14,villarreal,getafe,0,1,2,0.9694,1.6176,8,5,2,4,3,0,6.0000,0.4052,0.0000,D,23,45.0000,44,26,40.6204,31.3071,18,4
20260214_madrid_sociedad,2025-26,20260214,2026-02-14,madrid,sociedad,1,4,1,3.0592,1.6602,11,13,5,4,1,0,15.5455,0.6989,3.0000,V,24,60.0000,53,19,58.7825,28.2240,34,1
20260214_madrid_sociedad,2025-26,20260214,2026-02-14,sociedad,madrid,0,1,4,1.6602,3.0592,13,11,3,6,1,0,17.2632,0.1234,0.0000,D,24,31.0000,34,35,37.3925,35.6231,-1,8
20260214_sevilla_alaves,2025-26,20260214,2026-02-14,sevilla,alaves,1,1,1,0.3543,1.3898,4,12,2,0,5,2,11.9130,0.4478,1.0000,E,24,26.0000,31,39,27.4233,44.1955,-8,13
20260214_sevilla_alaves,2025-26,20260214,2026-02-14,alaves,sevilla,0,1,1,1.3898,0.3543,12,4,1,3,0,0,4.8889,0.2523,1.0000,E,24,26.0000,21,30,33.6400,32.7919,-9,15
20260215_levante_valencia,2025-26,20260215,2026-02-15,levante,valencia,1,0,2,1.4574,0.7438,9,5,1,3,3,1,11.2857,0.3474,0.0000,D,23,18.0000,26,40,33.3437,42.0162,-14,19
20260215_levante_valencia,2025-26,20260215,2026-02-15,valencia,levante,0,2,0,0.7438,1.4574,5,9,2,2,2,0,14.4118,0.3650,3.0000,V,24,26.0000,25,37,31.7768,35.9196,-12,16
20260215_mallorca_betis,2025-26,20260215,2026-02-15,mallorca,betis,1,1,2,0.7313,2.0484,14,17,3,7,4,0,9.1429,0.3196,0.0000,D,24,24.0000,29,39,28.7799,42.4598,-10,18
20260215_mallorca_betis,2025-26,20260215,2026-02-15,betis,mallorca,0,2,1,2.0484,0.7313,17,14,8,3,3,0,50.8571,0.3886,3.0000,V,24,41.0000,39,29,40.7923,32.3447,10,5
20260215_oviedo_athletic,2025-26,20260215,2026-02-15,oviedo,athletic,1,1,2,0.8610,1.2057,7,13,1,2,2,0,8.3333,0.2639,0.0000,D,23,16.0000,13,36,23.1548,40.9219,-23,20
20260215_oviedo_athletic,2025-26,20260215,2026-02-15,athletic,oviedo,0,2,1,1.2057,0.8610,13,7,4,3,3,0,7.7714,0.4338,3.0000,V,24,31.0000,27,34,36.5145,29.0240,-7,9
20260215_rayo-vallecano_atletico-madrid,2025-26,20260215,2026-02-15,rayo vallecano,atletico madrid,1,3,0,2.7533,0.7529,13,9,9,4,1,0,12.9583,0.2277,3.0000,V,23,25.0000,21,30,34.0814,35.2158,-9,14
20260215_rayo-vallecano_atletico-madrid,2025-26,20260215,2026-02-15,atletico madrid,rayo vallecano,0,0,3,0.7529,2.7533,9,13,3,8,3,0,11.4737,0.5018,0.0000,D,24,45.0000,38,21,41.0332,28.5040,17,4
20260216_girona_barcelona,2025-26,20260216,2026-02-16,girona,barcelona,1,2,1,2.8897,2.6965,13,27,9,3,1,1,22.8824,0.1425,3.0000,V,24,29.0000,24,38,31.6633,45.0924,-14,12
20260216_girona_barcelona,2025-26,20260216,2026-02-16,barcelona,girona,0,1,2,2.6965,2.8897,27,13,4,7,2,0,7.8333,0.6832,0.0000,D,24,58.0000,64,25,69.4037,35.1044,39,2
20260218_levante_villarreal,2025-26,20260218,2026-02-18,levante,villarreal,1,0,1,0.7743,2.4002,16,15,4,3,3,0,8.8095,0.2366,0.0000,D,24,18.0000,26,41,34.1180,44.4165,-15,19
20260218_levante_villarreal,2025-26,20260218,2026-02-18,villarreal,levante,0,1,0,2.4002,0.7743,15,16,6,2,4,0,9.8750,0.5189,3.0000,V,24,48.0000,45,26,43.0207,32.0814,19,3
20260220_athletic_elche,2025-26,20260220,2026-02-20,athletic,elche,1,2,1,3.3835,0.7836,18,2,8,4,3,0,7.1351,0.5671,3.0000,V,25,34.0000,29,35,39.8980,29.8076,-6,8
20260220_athletic_elche,2025-26,20260220,2026-02-20,elche,athletic,0,1,2,0.7836,3.3835,2,18,2,1,3,0,10.2778,0.1871,0.0000,D,25,25.0000,32,37,30.6805,49.9997,-5,17
20260221_atletico-madrid_espanyol,2025-26,20260221,2026-02-21,atletico madrid,espanyol,1,4,2,3.2859,1.0411,18,8,9,5,0,0,9.6400,0.6411,3.0000,V,25,48.0000,42,23,44.3190,29.5452,19,4
20260221_atletico-madrid_espanyol,2025-26,20260221,2026-02-21,espanyol,atletico madrid,0,2,4,1.0411,3.2859,8,18,2,3,1,0,22.0000,0.1372,0.0000,D,25,35.0000,31,37,37.8865,40.1312,-6,7
20260221_betis_rayo-vallecano,2025-26,20260221,2026-02-21,betis,rayo vallecano,1,1,1,2.1355,1.3034,14,12,3,3,4,0,14.5500,0.5016,1.0000,E,25,42.0000,40,30,42.9278,33.6481,10,5
20260221_betis_rayo-vallecano,2025-26,20260221,2026-02-21,rayo vallecano,betis,0,1,1,1.3034,2.1355,12,14,3,5,3,0,9.4348,0.2251,1.0000,E,24,26.0000,22,31,35.3849,37.3513,-9,14
20260221_osasuna_madrid,2025-26,20260221,2026-02-21,osasuna,madrid,1,2,1,2.3125,2.0231,13,15,2,3,2,0,18.1765,0.2019,3.0000,V,25,33.0000,30,29,31.7471,34.9043,1,9
20260221_osasuna_madrid,2025-26,20260221,2026-02-21,madrid,osasuna,0,1,2,2.0231,2.3125,15,13,5,7,4,0,8.9500,0.5612,0.0000,D,25,60.0000,54,21,60.8056,30.5365,33,2
20260221_sociedad_oviedo,2025-26,20260221,2026-02-21,sociedad,oviedo,1,3,3,2.7749,1.7509,15,14,8,7,2,0,6.1250,0.6436,1.0000,E,25,32.0000,37,38,40.1673,37.3740,-1,10
20260221_sociedad_oviedo,2025-26,20260221,2026-02-21,oviedo,sociedad,0,3,3,1.7509,2.7749,14,15,6,6,1,0,10.1562,0.1250,1.0000,E,24,17.0000,16,39,24.9057,43.6968,-23,20
20260222_barcelona_levante,2025-26,20260222,2026-02-22,barcelona,levante,1,3,0,4.2440,0.6026,22,5,9,13,2,0,6.9565,0.8526,3.0000,V,25,61.0000,67,25,73.6478,35.7069,42,1
20260222_barcelona_levante,2025-26,20260222,2026-02-22,levante,barcelona,0,0,3,0.6026,4.2440,5,22,2,6,1,0,23.5556,0.0535,0.0000,D,25,18.0000,26,44,34.7206,48.6605,-18,19
20260222_celta_mallorca,2025-26,20260222,2026-02-22,celta,mallorca,1,2,0,2.9390,0.0207,20,1,7,7,1,0,9.5200,0.5176,3.0000,V,25,37.0000,34,27,36.7023,34.1622,7,6
20260222_celta_mallorca,2025-26,20260222,2026-02-22,mallorca,celta,0,0,2,0.0207,2.9390,1,20,0,2,5,0,24.0000,0.2068,0.0000,D,25,24.0000,29,41,28.8006,45.3989,-12,18
20260222_getafe_sevilla,2025-26,20260222,2026-02-22,getafe,sevilla,1,0,1,0.2505,0.2832,6,6,3,2,1,1,38.2222,0.3914,0.0000,D,25,29.0000,20,29,21.0038,30.1501,-9,13
20260222_getafe_sevilla,2025-26,20260222,2026-02-22,sevilla,getafe,0,1,0,0.2832,0.2505,6,6,1,2,1,0,2.9688,0.2826,3.0000,V,25,29.0000,32,39,27.7064,44.4460,-7,12
20260222_villarreal_valencia,2025-26,20260222,2026-02-22,villarreal,valencia,1,2,1,2.3814,1.9126,12,8,5,5,2,0,19.4286,0.5544,3.0000,V,25,51.0000,47,27,45.4021,33.9940,20,3
20260222_villarreal_valencia,2025-26,20260222,2026-02-22,valencia,villarreal,0,1,2,1.9126,2.3814,8,12,3,4,4,0,7.7826,0.2028,0.0000,D,25,26.0000,26,39,33.6893,38.3011,-13,16
20260223_alaves_girona,2025-26,20260223,2026-02-23,alaves,girona,1,2,2,2.1366,2.0572,17,10,6,7,2,0,8.4839,0.4086,1.0000,E,25,27.0000,23,32,35.7766,34.8491,-9,14
20260223_alaves_girona,2025-26,20260223,2026-02-23,girona,alaves,0,2,2,2.0572,2.1366,10,17,5,6,2,0,10.2308,0.2752,1.0000,E,25,30.0000,26,40,33.7205,47.2290,-14,11
20260227_levante_alaves,2025-26,20260227,2026-02-27,levante,alaves,1,2,0,2.7725,1.2986,22,17,5,10,1,0,7.9000,0.3584,3.0000,V,26,21.0000,28,44,37.4931,49.9591,-16,19
20260227_levante_alaves,2025-26,20260227,2026-02-27,alaves,levante,0,0,2,1.2986,2.7725,17,22,7,6,6,1,8.8333,0.3355,0.0000,D,26,27.0000,23,34,37.0752,37.6216,-11,16
20260228_barcelona_villarreal,2025-26,20260228,2026-02-28,barcelona,villarreal,1,4,1,3.5474,1.3618,19,6,8,3,2,0,4.3590,0.7296,3.0000,V,26,64.0000,71,26,77.1952,37.0688,45,1
20260228_barcelona_villarreal,2025-26,20260228,2026-02-28,villarreal,barcelona,0,1,4,1.3618,3.5474,6,19,1,2,1,0,26.1250,0.1174,0.0000,D,26,51.0000,48,31,46.7639,37.5414,17,4
20260228_mallorca_sociedad,2025-26,20260228,2026-02-28,mallorca,sociedad,1,0,1,0.7542,0.9297,6,12,1,3,0,0,27.0000,0.3165,0.0000,D,26,24.0000,29,42,29.5548,46.3286,-13,18
20260228_mallorca_sociedad,2025-26,20260228,2026-02-28,sociedad,mallorca,0,1,0,0.9297,0.7542,12,6,2,7,2,0,9.5000,0.3933,3.0000,V,26,35.0000,38,38,41.0970,38.1282,0,8
20260228_oviedo_atletico-madrid,2025-26,20260228,2026-02-28,oviedo,atletico madrid,1,0,1,1.5009,0.8531,16,12,6,8,2,0,15.9524,0.1763,0.0000,D,25,17.0000,16,40,26.4066,44.5499,-24,20
20260228_oviedo_atletico-madrid,2025-26,20260228,2026-02-28,atletico madrid,oviedo,0,1,0,0.8531,1.5009,12,16,1,3,2,0,12.0588,0.5627,3.0000,V,26,51.0000,43,23,45.1722,31.0461,20,3
20260228_rayo-vallecano_athletic,2025-26,20260228,2026-02-28,rayo vallecano,athletic,1,1,1,1.3595,0.4285,15,8,7,5,2,0,7.9412,0.3910,1.0000,E,25,27.0000,23,32,36.7444,37.7798,-9,15
20260228_rayo-vallecano_athletic,2025-26,20260228,2026-02-28,athletic,rayo vallecano,0,1,1,0.4285,1.3595,8,15,2,4,3,0,6.2917,0.3040,1.0000,E,26,35.0000,30,36,40.3265,31.1671,-6,9
20260301_betis_sevilla,2025-26,20260301,2026-03-01,betis,sevilla,1,2,2,1.4844,0.6562,9,14,2,4,3,0,13.1154,0.5296,1.0000,E,26,43.0000,42,32,44.4122,34.3043,10,5
20260301_betis_sevilla,2025-26,20260301,2026-03-01,sevilla,betis,0,2,2,0.6562,1.4844,14,9,6,3,3,0,16.3333,0.2121,1.0000,E,26,30.0000,34,41,28.3626,45.9304,-7,13
20260301_elche_espanyol,2025-26,20260301,2026-03-01,elche,espanyol,1,2,2,1.8238,0.8349,17,9,9,3,1,0,6.3529,0.3931,1.0000,E,26,26.0000,34,39,32.5043,50.8345,-5,17
20260301_elche_espanyol,2025-26,20260301,2026-03-01,espanyol,elche,0,2,2,0.8349,1.8238,9,17,4,1,6,1,16.7727,0.3118,1.0000,E,26,36.0000,33,39,38.7214,41.9550,-6,7
20260301_girona_celta,2025-26,20260301,2026-03-01,girona,celta,1,1,2,1.5704,0.6971,15,7,7,10,2,0,17.0000,0.3890,0.0000,D,26,30.0000,27,42,35.2909,47.9261,-15,14
20260301_girona_celta,2025-26,20260301,2026-03-01,celta,girona,0,2,1,0.6971,1.5704,7,15,5,6,2,0,17.5882,0.3264,3.0000,V,26,40.0000,36,28,37.3994,35.7326,8,6
20260301_valencia_osasuna,2025-26,20260301,2026-03-01,valencia,osasuna,1,1,0,1.3108,0.2591,14,8,1,5,3,0,9.2083,0.4014,3.0000,V,26,29.0000,27,39,35.0001,38.5602,-12,15
20260301_valencia_osasuna,2025-26,20260301,2026-03-01,osasuna,valencia,0,0,1,0.2591,1.3108,8,14,0,4,3,0,10.1429,0.2988,0.0000,D,26,33.0000,30,30,32.0062,36.2151,0,10
20260302_madrid_getafe,2025-26,20260302,2026-03-02,madrid,getafe,1,0,1,2.0227,0.4763,18,9,7,10,4,1,4.3684,0.7290,0.0000,D,26,60.0000,54,22,62.8283,31.0128,32,2
20260302_madrid_getafe,2025-26,20260302,2026-03-02,getafe,madrid,0,1,0,0.4763,2.0227,9,18,3,2,6,1,16.1667,0.0887,3.0000,V,26,32.0000,21,29,21.4801,32.1728,-8,11
20260304_rayo-vallecano_oviedo,2025-26,20260304,2026-03-04,rayo vallecano,oviedo,1,3,0,2.5509,1.0105,19,8,7,12,0,0,9.0417,0.5603,3.0000,V,26,30.0000,26,32,39.2952,38.7903,-6,12
20260304_rayo-vallecano_oviedo,2025-26,20260304,2026-03-04,oviedo,rayo vallecano,0,0,3,1.0105,2.5509,8,19,2,2,2,0,9.0435,0.1803,0.0000,D,26,17.0000,16,43,27.4171,47.1008,-27,20
20260306_celta_madrid,2025-26,20260306,2026-03-06,celta,madrid,1,1,2,0.9103,0.6376,8,14,4,1,1,0,36.7273,0.2989,0.0000,D,27,40.0000,37,30,38.3097,36.3702,7,6
20260306_celta_madrid,2025-26,20260306,2026-03-06,madrid,celta,0,2,1,0.6376,0.9103,14,8,3,6,2,0,11.1786,0.4184,3.0000,V,27,63.0000,56,23,63.4660,31.9231,33,2
20260307_athletic_barcelona,2025-26,20260307,2026-03-07,athletic,barcelona,1,0,1,1.0470,0.5600,10,7,3,2,2,0,16.8214,0.1979,0.0000,D,27,35.0000,30,37,41.3735,31.7271,-7,10
20260307_athletic_barcelona,2025-26,20260307,2026-03-07,barcelona,athletic,0,1,0,0.5600,1.0470,7,10,2,4,1,0,8.9375,0.5839,3.0000,V,27,67.0000,72,26,77.7552,38.1157,46,1
20260307_atletico-madrid_sociedad,2025-26,20260307,2026-03-07,atletico madrid,sociedad,1,3,2,3.5797,0.3139,24,7,9,8,1,0,11.4348,0.5873,3.0000,V,27,54.0000,46,25,48.7519,31.3600,21,3
20260307_atletico-madrid_sociedad,2025-26,20260307,2026-03-07,sociedad,atletico madrid,0,2,3,0.3139,3.5797,7,24,3,1,1,0,12.8125,0.1766,0.0000,D,27,35.0000,40,41,41.4110,41.7079,-1,8
20260307_levante_girona,2025-26,20260307,2026-03-07,levante,girona,1,1,1,0.8190,1.9170,14,22,4,2,2,1,11.8696,0.3378,1.0000,E,27,22.0000,29,45,38.3121,51.8761,-16,19
20260307_levante_girona,2025-26,20260307,2026-03-07,girona,levante,0,1,1,1.9170,0.8190,22,14,5,3,2,0,9.0526,0.3818,1.0000,E,27,31.0000,28,43,37.2079,48.7451,-15,15
20260307_osasuna_mallorca,2025-26,20260307,2026-03-07,osasuna,mallorca,1,2,2,3.0903,1.0316,22,8,5,8,2,1,12.0500,0.5426,1.0000,E,27,34.0000,32,32,35.0965,37.2467,0,11
20260307_osasuna_mallorca,2025-26,20260307,2026-03-07,mallorca,osasuna,0,2,2,1.0316,3.0903,8,22,4,0,5,1,13.2500,0.1915,1.0000,E,27,25.0000,31,44,30.5864,49.4189,-13,18
20260308_getafe_betis,2025-26,20260308,2026-03-08,getafe,betis,1,2,0,0.8211,1.2491,9,14,5,3,3,0,18.0526,0.3316,3.0000,V,27,35.0000,23,29,22.3012,33.4219,-6,9
20260308_getafe_betis,2025-26,20260308,2026-03-08,betis,getafe,0,0,2,1.2491,0.8211,14,9,5,8,2,0,4.8824,0.3414,0.0000,D,27,43.0000,42,34,45.6613,35.1254,8,5
20260308_sevilla_rayo-vallecano,2025-26,20260308,2026-03-08,sevilla,rayo vallecano,1,1,1,1.1457,0.2117,11,9,2,6,1,0,10.5000,0.3788,1.0000,E,27,31.0000,35,42,29.5083,46.1421,-7,14
20260308_sevilla_rayo-vallecano,2025-26,20260308,2026-03-08,rayo vallecano,sevilla,0,1,1,0.2117,1.1457,9,11,2,2,3,0,5.1429,0.3193,1.0000,E,27,31.0000,27,33,39.5069,39.9360,-6,13
20260308_valencia_alaves,2025-26,20260308,2026-03-08,valencia,alaves,1,3,2,2.5166,1.6079,19,10,8,10,1,0,9.8947,0.4546,3.0000,V,27,32.0000,30,41,37.5167,40.1681,-11,12
20260308_valencia_alaves,2025-26,20260308,2026-03-08,alaves,valencia,0,2,3,1.6079,2.5166,10,19,4,2,6,2,11.1200,0.2433,0.0000,D,27,27.0000,25,37,38.6831,40.1382,-12,16
20260308_villarreal_elche,2025-26,20260308,2026-03-08,villarreal,elche,1,2,1,2.3063,1.6205,16,13,7,4,1,0,17.5263,0.6358,3.0000,V,27,54.0000,50,32,49.0702,39.1619,18,4
20260308_villarreal_elche,2025-26,20260308,2026-03-08,elche,villarreal,0,1,2,1.6205,2.3063,13,16,6,6,2,0,6.0714,0.1560,0.0000,D,27,26.0000,35,41,34.1248,53.1409,-6,17
20260309_espanyol_oviedo,2025-26,20260309,2026-03-09,espanyol,oviedo,1,1,1,1.5509,0.8867,28,6,9,8,3,0,5.5000,0.4974,1.0000,E,27,37.0000,34,40,40.2723,42.8417,-6,7
20260309_espanyol_oviedo,2025-26,20260309,2026-03-09,oviedo,espanyol,0,1,1,0.8867,1.5509,6,28,3,0,2,0,13.8095,0.2200,1.0000,E,27,18.0000,17,44,28.3038,48.6517,-27,20
20260313_alaves_villarreal,2025-26,20260313,2026-03-13,alaves,villarreal,1,1,1,0.2872,0.8738,8,10,0,5,4,0,6.7586,0.2895,1.0000,E,28,28.0000,26,38,38.9704,41.0120,-12,17
20260313_alaves_villarreal,2025-26,20260313,2026-03-13,villarreal,alaves,0,1,1,0.8738,0.2872,10,8,4,2,1,0,8.4000,0.4296,1.0000,E,28,55.0000,51,33,49.9441,39.4492,18,4
20260314_atletico-madrid_getafe,2025-26,20260314,2026-03-14,atletico madrid,getafe,1,1,0,2.1447,1.5825,16,7,5,10,3,0,4.3571,0.6073,3.0000,V,28,57.0000,47,25,50.8966,32.9425,22,3
20260314_atletico-madrid_getafe,2025-26,20260314,2026-03-14,getafe,atletico madrid,0,0,1,1.5825,2.1447,7,16,3,3,3,1,13.1600,0.1362,0.0000,D,28,35.0000,23,30,23.8837,35.5666,-7,9
20260314_girona_athletic,2025-26,20260314,2026-03-14,girona,athletic,1,3,0,2.1944,1.9727,14,20,6,2,0,0,19.0667,0.3533,3.0000,V,28,34.0000,31,43,39.4023,50.7178,-12,12
20260314_girona_athletic,2025-26,20260314,2026-03-14,athletic,girona,0,0,3,1.9727,2.1944,20,14,9,9,2,0,9.1818,0.3628,0.0000,D,28,35.0000,30,40,43.3462,33.9215,-10,10
20260314_madrid_elche,2025-26,20260314,2026-03-14,madrid,elche,1,4,1,1.7253,1.3711,14,11,6,5,1,0,13.8636,0.7224,3.0000,V,28,66.0000,60,24,65.1913,33.2942,36,2
20260314_madrid_elche,2025-26,20260314,2026-03-14,elche,madrid,0,1,4,1.3711,1.7253,11,14,1,4,3,0,8.7000,0.1117,0.0000,D,28,26.0000,36,45,35.4959,54.8662,-9,18
20260314_oviedo_valencia,2025-26,20260314,2026-03-14,oviedo,valencia,1,1,0,1.8648,0.4869,11,13,6,4,3,0,12.4091,0.3279,3.0000,V,28,21.0000,18,44,30.1686,49.1386,-26,20
20260314_oviedo_valencia,2025-26,20260314,2026-03-14,valencia,oviedo,0,0,1,0.4869,1.8648,13,11,2,7,2,0,11.8125,0.3706,0.0000,D,28,32.0000,30,42,38.0035,42.0329,-12,14
20260315_barcelona_sevilla,2025-26,20260315,2026-03-15,barcelona,sevilla,1,5,2,3.8639,1.0430,13,8,8,3,0,0,9.9583,0.7435,3.0000,V,28,70.0000,77,28,81.6191,39.1588,49,1
20260315_barcelona_sevilla,2025-26,20260315,2026-03-15,sevilla,barcelona,0,2,5,1.0430,3.8639,8,13,4,4,1,0,17.4800,0.1019,0.0000,D,28,31.0000,37,47,30.5514,50.0060,-10,15
20260315_betis_celta,2025-26,20260315,2026-03-15,betis,celta,1,1,1,1.8775,0.6467,19,7,6,3,2,0,15.0000,0.4286,1.0000,E,28,44.0000,43,35,47.5388,35.7721,8,5
20260315_betis_celta,2025-26,20260315,2026-03-15,celta,betis,0,1,1,0.6467,1.8775,7,19,3,4,3,0,12.5500,0.2840,1.0000,E,28,41.0000,38,31,38.9564,38.2478,7,6
20260315_mallorca_espanyol,2025-26,20260315,2026-03-15,mallorca,espanyol,1,2,1,2.1497,1.3524,26,10,12,5,3,0,5.7619,0.4056,3.0000,V,28,28.0000,33,45,32.7361,50.7713,-12,16
20260315_mallorca_espanyol,2025-26,20260315,2026-03-15,espanyol,mallorca,0,1,2,1.3524,2.1497,10,26,2,6,3,1,18.7059,0.2925,0.0000,D,28,37.0000,35,42,41.6247,44.9914,-7,8
20260315_sociedad_osasuna,2025-26,20260315,2026-03-15,sociedad,osasuna,1,3,1,2.9143,0.6151,14,13,6,3,3,0,7.0000,0.4986,3.0000,V,28,38.0000,43,42,44.3252,42.3230,1,7
20260315_sociedad_osasuna,2025-26,20260315,2026-03-15,osasuna,sociedad,0,1,3,0.6151,2.9143,13,14,5,5,0,0,13.3182,0.2296,0.0000,D,28,34.0000,33,35,35.7116,40.1610,-2,11
20260316_rayo-vallecano_levante,2025-26,20260316,2026-03-16,rayo vallecano,levante,1,1,1,1.6813,1.4560,18,19,4,5,3,1,9.8889,0.5599,1.0000,E,28,32.0000,28,34,41.1882,41.3920,-6,13
20260316_rayo-vallecano_levante,2025-26,20260316,2026-03-16,levante,rayo vallecano,0,1,1,1.4560,1.6813,19,18,5,6,5,0,12.8235,0.1901,1.0000,E,28,23.0000,30,46,39.7681,53.5574,-16,19
20260320_villarreal_sociedad,2025-26,20260320,2026-03-20,villarreal,sociedad,1,3,1,3.3559,0.8950,21,11,10,4,0,0,36.0000,0.4873,3.0000,V,29,58.0000,54,34,53.2999,40.3441,20,3
20260320_villarreal_sociedad,2025-26,20260320,2026-03-20,sociedad,villarreal,0,1,3,0.8950,3.3559,11,21,4,5,2,0,9.2400,0.2528,0.0000,D,29,38.0000,44,45,45.2202,45.6789,-1,7
20260321_elche_mallorca,2025-26,20260321,2026-03-21,elche,mallorca,1,2,1,1.5160,1.5194,13,11,4,2,2,0,6.4643,0.4468,3.0000,V,29,29.0000,38,46,37.0119,56.3856,-8,17
20260321_elche_mallorca,2025-26,20260321,2026-03-21,mallorca,elche,0,1,2,1.5194,1.5160,11,13,4,2,2,0,9.0455,0.2689,0.0000,D,29,28.0000,34,47,34.2555,52.2874,-13,18
20260321_espanyol_getafe,2025-26,20260321,2026-03-21,espanyol,getafe,1,1,2,1.5121,2.0638,15,10,5,12,2,0,4.2500,0.3916,0.0000,D,29,37.0000,36,44,43.1368,47.0552,-8,11
20260321_espanyol_getafe,2025-26,20260321,2026-03-21,getafe,espanyol,0,2,1,2.0638,1.5121,10,15,5,9,7,0,8.7000,0.2865,3.0000,V,29,38.0000,25,31,25.9475,37.0787,-6,8
20260321_levante_oviedo,2025-26,20260321,2026-03-21,levante,oviedo,1,4,2,2.9267,1.3357,20,10,8,3,2,0,8.3030,0.4312,3.0000,V,29,26.0000,34,48,42.6948,54.8931,-14,19
20260321_levante_oviedo,2025-26,20260321,2026-03-21,oviedo,levante,0,2,4,1.3357,2.9267,10,20,2,1,3,0,5.2400,0.2823,0.0000,D,29,21.0000,20,48,31.5043,52.0653,-28,20
20260321_osasuna_girona,2025-26,20260321,2026-03-21,osasuna,girona,1,1,0,2.2623,0.2321,19,5,11,6,2,0,10.7778,0.4334,3.0000,V,29,37.0000,34,35,37.9740,40.3931,-1,10
20260321_osasuna_girona,2025-26,20260321,2026-03-21,girona,osasuna,0,0,1,0.2321,2.2623,5,19,0,2,1,0,11.6400,0.2859,0.0000,D,29,34.0000,31,44,39.6344,52.9801,-13,13
20260321_sevilla_valencia,2025-26,20260321,2026-03-21,sevilla,valencia,1,0,2,0.5054,1.7133,13,9,2,1,2,0,8.4000,0.4191,0.0000,D,29,31.0000,37,49,31.0568,51.7193,-12,16
20260321_sevilla_valencia,2025-26,20260321,2026-03-21,valencia,sevilla,0,2,0,1.7133,0.5054,9,13,4,3,1,0,20.9231,0.2810,3.0000,V,29,35.0000,32,42,39.7168,42.5384,-10,12
20260322_athletic_betis,2025-26,20260322,2026-03-22,athletic,betis,1,2,1,1.9271,0.5912,11,11,6,6,1,0,15.5385,0.4290,3.0000,V,29,38.0000,32,41,45.2733,34.5127,-9,9
20260322_athletic_betis,2025-26,20260322,2026-03-22,betis,athletic,0,1,2,0.5912,1.9271,11,11,3,5,1,0,10.6667,0.2951,0.0000,D,29,44.0000,44,37,48.1300,37.6992,7,5
20260322_barcelona_rayo-vallecano,2025-26,20260322,2026-03-22,barcelona,rayo vallecano,1,1,0,1.9221,2.1963,15,8,4,6,3,0,3.9024,0.7639,3.0000,V,29,73.0000,78,28,83.5411,41.3551,50,1
20260322_barcelona_rayo-vallecano,2025-26,20260322,2026-03-22,rayo vallecano,barcelona,0,0,1,2.1963,1.9221,8,15,4,9,4,0,12.1923,0.0936,0.0000,D,29,32.0000,28,35,43.3846,43.3141,-7,14
20260322_celta_alaves,2025-26,20260322,2026-03-22,celta,alaves,1,3,4,1.7097,1.6722,12,14,5,4,2,0,9.1429,0.5172,0.0000,D,29,41.0000,41,35,40.6661,39.9200,6,6
20260322_celta_alaves,2025-26,20260322,2026-03-22,alaves,celta,0,4,3,1.6722,1.7097,14,12,6,1,2,0,12.0435,0.2017,3.0000,V,29,31.0000,30,41,40.6426,42.7217,-11,15
20260322_madrid_atletico-madrid,2025-26,20260322,2026-03-22,madrid,atletico madrid,1,3,2,2.9661,1.4023,17,13,10,4,1,1,20.7692,0.4890,3.0000,V,29,69.0000,63,26,68.1573,34.6965,37,2
20260322_madrid_atletico-madrid,2025-26,20260322,2026-03-22,atletico madrid,madrid,0,2,3,1.4023,2.9661,13,17,7,1,4,0,18.0000,0.2639,0.0000,D,29,57.0000,49,28,52.2989,35.9085,21,4
20260403_rayo-vallecano_elche,2025-26,20260403,2026-04-03,rayo vallecano,elche,1,1,0,1.5149,0.6020,21,9,5,9,0,0,4.2143,0.5488,3.0000,V,30,35.0000,29,35,44.8995,43.9160,-6,13
20260403_rayo-vallecano_elche,2025-26,20260403,2026-04-03,elche,rayo vallecano,0,0,1,0.6020,1.5149,9,21,4,4,4,1,12.5882,0.2008,0.0000,D,30,29.0000,38,47,37.6139,57.9005,-9,18
20260404_atletico-madrid_barcelona,2025-26,20260404,2026-04-04,atletico madrid,barcelona,1,1,2,0.9193,2.6858,6,22,2,1,6,1,16.3684,0.3134,0.0000,D,30,57.0000,50,30,53.2182,38.5944,20,4
20260404_atletico-madrid_barcelona,2025-26,20260404,2026-04-04,barcelona,atletico madrid,0,2,1,2.6858,0.9193,22,6,8,9,2,0,10.5263,0.4373,3.0000,V,30,76.0000,80,29,86.2270,42.2744,51,1
20260404_betis_espanyol,2025-26,20260404,2026-04-04,betis,espanyol,1,0,0,2.0021,0.1441,19,8,6,4,1,0,5.3750,0.5515,1.0000,E,30,45.0000,44,37,50.1322,37.8433,7,5
20260404_betis_espanyol,2025-26,20260404,2026-04-04,espanyol,betis,0,0,0,0.1441,2.0021,8,19,1,3,3,0,27.7143,0.2055,1.0000,E,30,38.0000,36,44,43.2809,49.0574,-8,10
20260404_mallorca_madrid,2025-26,20260404,2026-04-04,mallorca,madrid,1,2,1,1.0388,1.5145,6,15,2,6,3,0,13.5652,0.1706,3.0000,V,30,31.0000,36,48,35.2943,53.8019,-12,16
20260404_mallorca_madrid,2025-26,20260404,2026-04-04,madrid,mallorca,0,1,2,1.5145,1.0388,15,6,6,4,2,0,9.1111,0.6066,0.0000,D,30,69.0000,64,28,69.6719,35.7353,36,2
20260404_sociedad_levante,2025-26,20260404,2026-04-04,sociedad,levante,1,2,0,2.9640,0.3202,18,8,5,11,2,0,9.0000,0.6005,3.0000,V,30,41.0000,46,45,48.1842,45.9991,1,7
20260404_sociedad_levante,2025-26,20260404,2026-04-04,levante,sociedad,0,0,2,0.3202,2.9640,8,18,4,5,3,0,11.2000,0.1739,0.0000,D,30,26.0000,34,50,43.0150,57.8571,-16,19
20260405_alaves_osasuna,2025-26,20260405,2026-04-05,alaves,osasuna,1,2,2,1.6597,1.6115,18,8,6,7,2,0,24.5000,0.3847,1.0000,E,30,32.0000,32,43,42.3023,44.3332,-11,15
20260405_alaves_osasuna,2025-26,20260405,2026-04-05,osasuna,alaves,0,2,2,1.6115,1.6597,8,18,5,1,5,0,9.9474,0.3147,1.0000,E,30,38.0000,36,37,39.5855,42.0528,-1,9
20260405_getafe_athletic,2025-26,20260405,2026-04-05,getafe,athletic,1,2,0,1.9634,0.5244,10,5,6,4,3,0,13.2727,0.3128,3.0000,V,30,41.0000,27,31,27.9110,37.6031,-4,8
20260405_getafe_athletic,2025-26,20260405,2026-04-05,athletic,getafe,0,0,2,0.5244,1.9634,5,10,0,3,1,0,4.6500,0.3556,0.0000,D,30,38.0000,32,43,45.7977,36.4762,-11,11
20260405_oviedo_sevilla,2025-26,20260405,2026-04-05,oviedo,sevilla,1,1,0,0.7851,0.8407,7,9,4,5,5,0,8.2000,0.3314,3.0000,V,30,24.0000,21,48,32.2894,52.9060,-27,20
20260405_oviedo_sevilla,2025-26,20260405,2026-04-05,sevilla,oviedo,0,0,1,0.8407,0.7851,9,7,0,9,3,1,14.0952,0.3540,0.0000,D,30,31.0000,37,50,31.8975,52.5044,-13,17
20260405_valencia_celta,2025-26,20260405,2026-04-05,valencia,celta,1,2,3,0.7210,1.4570,13,9,4,6,1,0,13.4737,0.4059,0.0000,D,30,35.0000,34,45,40.4378,43.9954,-11,14
20260405_valencia_celta,2025-26,20260405,2026-04-05,celta,valencia,0,3,2,1.4570,0.7210,9,13,5,0,3,0,7.8750,0.3041,3.0000,V,30,44.0000,44,37,42.1231,40.6409,7,6
20260406_girona_villarreal,2025-26,20260406,2026-04-06,girona,villarreal,1,1,0,0.6535,0.4435,10,9,2,7,2,0,13.2105,0.3024,3.0000,V,30,37.0000,32,44,40.2879,53.4236,-12,12
20260406_girona_villarreal,2025-26,20260406,2026-04-06,villarreal,girona,0,0,1,0.4435,0.6535,9,10,0,4,2,0,12.6667,0.4267,0.0000,D,30,58.0000,54,35,53.7435,40.9976,19,3
20260410_madrid_girona,2025-26,20260410,2026-04-10,madrid,girona,1,1,1,1.9809,0.4667,22,10,9,10,2,0,10.6000,0.7260,1.0000,E,31,70.0000,65,29,71.6527,36.2020,36,2
20260410_madrid_girona,2025-26,20260410,2026-04-10,girona,madrid,0,1,1,0.4667,1.9809,10,22,2,1,1,0,20.5000,0.1101,1.0000,E,31,38.0000,33,45,40.7546,55.4045,-12,12
20260411_barcelona_espanyol,2025-26,20260411,2026-04-11,barcelona,espanyol,1,4,1,3.3079,1.1313,20,10,10,7,3,0,4.7917,0.7488,3.0000,V,31,79.0000,84,30,89.5349,43.4057,54,1
20260411_barcelona_espanyol,2025-26,20260411,2026-04-11,espanyol,barcelona,0,1,4,1.1313,3.3079,10,20,2,5,6,0,15.5152,0.1005,0.0000,D,31,38.0000,37,48,44.4122,52.3653,-11,10
20260411_elche_valencia,2025-26,20260411,2026-04-11,elche,valencia,1,1,0,1.0349,2.7689,8,22,2,5,1,0,7.1600,0.3766,3.0000,V,31,32.0000,39,47,38.6488,60.6694,-8,18
20260411_elche_valencia,2025-26,20260411,2026-04-11,valencia,elche,0,0,1,2.7689,1.0349,22,8,8,9,1,0,7.9655,0.3327,0.0000,D,31,35.0000,34,46,43.2067,45.0302,-12,14
20260411_sevilla_atletico-madrid,2025-26,20260411,2026-04-11,sevilla,atletico madrid,1,2,1,1.6578,0.8555,11,13,2,6,4,0,20.4118,0.3392,3.0000,V,31,34.0000,39,51,33.5553,53.3599,-12,16
20260411_sevilla_atletico-madrid,2025-26,20260411,2026-04-11,atletico madrid,sevilla,0,1,2,0.8555,1.6578,13,11,2,6,4,0,7.3333,0.3586,0.0000,D,31,57.0000,51,32,54.0737,40.2522,19,4
20260411_sociedad_alaves,2025-26,20260411,2026-04-11,sociedad,alaves,1,3,3,1.2950,1.2060,12,12,4,9,2,1,9.8182,0.5468,1.0000,E,31,42.0000,49,48,49.4792,47.2051,1,7
20260411_sociedad_alaves,2025-26,20260411,2026-04-11,alaves,sociedad,0,3,3,1.2060,1.2950,12,12,2,5,4,0,11.5000,0.1976,1.0000,E,31,33.0000,35,46,43.5083,45.6282,-11,17
20260412_athletic_villarreal,2025-26,20260412,2026-04-12,athletic,villarreal,1,1,2,1.3194,1.5514,18,12,6,15,2,0,6.9667,0.4135,0.0000,D,31,38.0000,33,45,47.1171,38.0276,-12,11
20260412_athletic_villarreal,2025-26,20260412,2026-04-12,villarreal,athletic,0,2,1,1.5514,1.3194,12,18,6,3,3,0,18.9375,0.3125,3.0000,V,31,61.0000,56,36,55.2949,42.3170,20,3
20260412_celta_oviedo,2025-26,20260412,2026-04-12,celta,oviedo,1,0,3,1.1588,2.1285,9,8,6,4,1,0,6.2857,0.5632,0.0000,D,31,44.0000,44,40,43.2819,42.7694,4,6
20260412_celta_oviedo,2025-26,20260412,2026-04-12,oviedo,celta,0,3,0,2.1285,1.1588,8,9,5,1,2,0,18.0000,0.1908,3.0000,V,31,27.0000,24,48,34.4179,54.0648,-24,20
20260412_mallorca_rayo-vallecano,2025-26,20260412,2026-04-12,mallorca,rayo vallecano,1,3,0,2.5466,1.9705,12,17,4,6,1,0,10.4400,0.3877,3.0000,V,31,34.0000,39,48,37.8409,55.7724,-9,15
20260412_mallorca_rayo-vallecano,2025-26,20260412,2026-04-12,rayo vallecano,mallorca,0,0,3,1.9705,2.5466,17,12,3,7,4,0,10.9444,0.3157,0.0000,D,31,35.0000,29,38,46.8700,46.4626,-9,13
20260412_osasuna_betis,2025-26,20260412,2026-04-12,osasuna,betis,1,1,1,1.5293,0.4112,12,8,4,6,3,0,10.8077,0.4256,1.0000,E,31,39.0000,37,38,41.1147,42.4640,-1,9
20260412_osasuna_betis,2025-26,20260412,2026-04-12,betis,osasuna,0,1,1,0.4112,1.5293,8,12,3,3,4,0,17.5000,0.2982,1.0000,E,31,46.0000,45,38,50.5434,39.3726,7,5
20260413_levante_getafe,2025-26,20260413,2026-04-13,levante,getafe,1,1,0,3.3280,0.2910,22,5,4,8,2,0,4.9000,0.3473,3.0000,V,31,29.0000,35,50,46.3430,58.1481,-15,19
20260413_levante_getafe,2025-26,20260413,2026-04-13,getafe,levante,0,0,1,0.2910,3.3280,5,22,1,2,7,1,7.2759,0.3360,0.0000,D,31,41.0000,27,32,28.2020,40.9310,-5,8
20260421_athletic_osasuna,2025-26,20260421,2026-04-21,athletic,osasuna,1,1,0,0.4901,1.3955,7,8,2,5,3,1,12.9655,0.5160,3.0000,V,32,41.0000,34,45,47.6072,39.4231,-11,9
20260421_athletic_osasuna,2025-26,20260421,2026-04-21,osasuna,athletic,0,0,1,1.3955,0.4901,8,7,3,4,2,0,8.6500,0.2134,0.0000,D,32,39.0000,37,39,42.5103,42.9541,-2,10
20260421_girona_betis,2025-26,20260421,2026-04-21,girona,betis,1,2,3,1.7289,1.2495,9,7,2,3,1,0,15.2105,0.3938,0.0000,D,32,38.0000,35,48,42.4835,56.6540,-13,13
20260421_girona_betis,2025-26,20260421,2026-04-21,betis,girona,0,3,2,1.2495,1.7289,7,9,3,1,3,0,10.6333,0.3268,3.0000,V,32,49.0000,48,40,51.7929,41.1015,8,5
20260421_madrid_alaves,2025-26,20260421,2026-04-21,madrid,alaves,1,2,1,1.5040,1.6297,24,19,8,9,1,0,10.5789,0.7693,3.0000,V,32,73.0000,67,30,73.1567,37.8316,37,2
20260421_madrid_alaves,2025-26,20260421,2026-04-21,alaves,madrid,0,1,2,1.6297,1.5040,19,24,5,6,1,0,14.3913,0.0843,0.0000,D,32,33.0000,36,48,45.1379,47.1322,-12,18
20260421_mallorca_valencia,2025-26,20260421,2026-04-21,mallorca,valencia,1,1,1,2.2447,1.3939,20,10,8,7,0,0,9.4545,0.3737,1.0000,E,32,35.0000,40,49,40.0855,57.1664,-9,16
20260421_mallorca_valencia,2025-26,20260421,2026-04-21,valencia,mallorca,0,1,1,1.3939,2.2447,10,20,3,4,2,0,15.7222,0.3257,1.0000,E,32,36.0000,35,47,44.6006,47.2749,-12,14
20260422_barcelona_celta,2025-26,20260422,2026-04-22,barcelona,celta,1,1,0,1.5445,1.0739,10,6,3,5,1,0,9.6786,0.7674,3.0000,V,32,82.0000,85,30,91.0794,44.4796,55,1
20260422_barcelona_celta,2025-26,20260422,2026-04-22,celta,barcelona,0,0,1,1.0739,1.5445,6,10,3,3,1,0,14.6897,0.0921,0.0000,D,32,44.0000,44,41,44.3558,44.3139,3,6
20260422_elche_atletico-madrid,2025-26,20260422,2026-04-22,elche,atletico madrid,1,3,2,3.6285,0.8468,14,6,6,13,2,0,6.0417,0.3546,3.0000,V,32,35.0000,42,49,42.2773,61.5162,-7,15
20260422_elche_atletico-madrid,2025-26,20260422,2026-04-22,atletico madrid,elche,0,2,3,0.8468,3.6285,6,14,3,3,2,1,12.5714,0.3851,0.0000,D,32,57.0000,53,35,54.9205,43.8807,18,4
20260422_sociedad_getafe,2025-26,20260422,2026-04-22,sociedad,getafe,1,0,1,1.9016,0.2152,13,5,4,6,4,0,3.1923,0.4242,0.0000,D,32,42.0000,49,49,51.3808,47.4203,0,8
20260422_sociedad_getafe,2025-26,20260422,2026-04-22,getafe,sociedad,0,1,0,0.2152,1.9016,5,13,0,3,5,0,14.6316,0.2630,3.0000,V,32,44.0000,28,32,28.4172,42.8326,-4,7
20260423_levante_sevilla,2025-26,20260423,2026-04-23,levante,sevilla,1,2,0,1.2081,0.4445,8,7,3,3,3,0,9.6296,0.3750,3.0000,V,32,32.0000,37,50,47.5511,58.5926,-13,19
20260423_levante_sevilla,2025-26,20260423,2026-04-23,sevilla,levante,0,0,2,0.4445,1.2081,7,8,0,6,4,0,9.6000,0.3323,0.0000,D,32,34.0000,39,53,33.9998,54.5680,-14,17
20260423_oviedo_villarreal,2025-26,20260423,2026-04-23,oviedo,villarreal,1,1,1,2.5285,3.2502,16,7,4,7,1,0,7.1351,0.2561,1.0000,E,32,28.0000,25,49,36.9464,57.3150,-24,20
20260423_oviedo_villarreal,2025-26,20260423,2026-04-23,villarreal,oviedo,0,1,1,3.2502,2.5285,7,16,3,0,1,0,18.1579,0.4617,1.0000,E,32,62.0000,57,37,58.5451,44.8454,20,3
20260423_rayo-vallecano_espanyol,2025-26,20260423,2026-04-23,rayo vallecano,espanyol,1,1,0,2.0698,1.6853,17,15,6,6,2,0,12.5000,0.4505,3.0000,V,32,38.0000,30,38,48.9398,48.1480,-8,11
20260423_rayo-vallecano_espanyol,2025-26,20260423,2026-04-23,espanyol,rayo vallecano,0,0,1,1.6853,2.0698,15,17,4,5,4,0,6.2258,0.2567,0.0000,D,32,38.0000,37,49,46.0976,54.4350,-12,12
20260424_betis_madrid,2025-26,20260424,2026-04-24,betis,madrid,1,1,1,1.0195,1.0958,19,12,4,7,1,0,17.5000,0.2571,1.0000,E,33,50.0000,49,41,52.8124,42.1973,8,5
20260424_betis_madrid,2025-26,20260424,2026-04-24,madrid,betis,0,1,1,1.0958,1.0195,12,19,8,6,2,0,17.5789,0.5100,1.0000,E,33,74.0000,68,31,74.2525,38.8512,37,2
20260425_alaves_mallorca,2025-26,20260425,2026-04-25,alaves,mallorca,1,2,1,1.4077,0.2215,15,4,4,9,2,0,11.5417,0.4404,3.0000,V,33,36.0000,38,49,46.5456,47.3537,-11,16
20260425_alaves_mallorca,2025-26,20260425,2026-04-25,mallorca,alaves,0,1,2,0.2215,1.4077,4,15,2,4,1,0,11.7500,0.2599,0.0000,D,33,35.0000,41,51,40.3070,58.5740,-10,17
20260425_atletico-madrid_athletic,2025-26,20260425,2026-04-25,atletico madrid,athletic,1,3,2,2.4796,0.9706,6,12,4,3,0,0,15.1111,0.4336,3.0000,V,33,60.0000,56,37,57.4001,44.8513,19,4
20260425_atletico-madrid_athletic,2025-26,20260425,2026-04-25,athletic,atletico madrid,0,2,3,0.9706,2.4796,12,6,4,4,0,0,16.5652,0.2973,0.0000,D,33,41.0000,36,48,48.5778,41.9027,-12,10
20260425_getafe_barcelona,2025-26,20260425,2026-04-25,getafe,barcelona,1,0,2,0.6077,2.0517,4,13,0,6,2,0,16.1200,0.1801,0.0000,D,33,44.0000,28,34,29.0249,44.8843,-6,7
20260425_getafe_barcelona,2025-26,20260425,2026-04-25,barcelona,getafe,0,2,0,2.0517,0.6077,13,4,4,3,2,0,4.5333,0.5816,3.0000,V,33,85.0000,87,30,93.1311,45.0873,57,1
20260425_valencia_girona,2025-26,20260425,2026-04-25,valencia,girona,1,2,1,2.3126,1.3880,12,7,3,4,2,0,9.9394,0.4550,3.0000,V,33,39.0000,37,48,46.9132,48.6629,-11,12
20260425_valencia_girona,2025-26,20260425,2026-04-25,girona,valencia,0,1,2,1.3880,2.3126,7,12,4,4,2,0,8.5000,0.2686,0.0000,D,33,38.0000,36,50,43.8715,58.9666,-14,15
20260426_osasuna_sevilla,2025-26,20260426,2026-04-26,osasuna,sevilla,1,2,1,2.1425,0.5538,15,8,7,4,2,0,10.2143,0.4592,3.0000,V,33,42.0000,39,40,44.6528,43.5079,-1,9
20260426_osasuna_sevilla,2025-26,20260426,2026-04-26,sevilla,osasuna,0,1,2,0.5538,2.1425,8,15,2,4,2,0,14.1000,0.2626,0.0000,D,33,34.0000,40,55,34.5536,56.7105,-15,18
20260426_oviedo_elche,2025-26,20260426,2026-04-26,oviedo,elche,1,1,2,0.7723,0.6218,12,4,3,6,2,0,5.2963,0.3984,0.0000,D,33,28.0000,26,51,37.7186,57.9368,-25,20
20260426_oviedo_elche,2025-26,20260426,2026-04-26,elche,oviedo,0,2,1,0.6218,0.7723,4,12,4,1,0,1,13.6000,0.3182,3.0000,V,33,38.0000,44,50,42.8992,62.2885,-6,14
20260426_rayo-vallecano_sociedad,2025-26,20260426,2026-04-26,rayo vallecano,sociedad,1,3,3,3.1850,2.3968,24,13,9,6,6,1,5.0000,0.3562,1.0000,E,33,39.0000,33,41,52.1247,50.5448,-8,11
20260426_rayo-vallecano_sociedad,2025-26,20260426,2026-04-26,sociedad,rayo vallecano,0,3,3,2.3968,3.1850,13,24,8,4,4,0,9.6667,0.3549,1.0000,E,33,43.0000,52,52,53.7776,50.6053,0,8
20260426_villarreal_celta,2025-26,20260426,2026-04-26,villarreal,celta,1,2,1,2.4090,2.0530,13,9,4,7,3,0,16.9412,0.4599,3.0000,V,33,65.0000,59,38,60.9541,46.8984,21,3
20260426_villarreal_celta,2025-26,20260426,2026-04-26,celta,villarreal,0,1,2,2.0530,2.4090,9,13,3,5,6,0,12.5000,0.2615,0.0000,D,33,44.0000,45,43,46.4088,46.7229,2,6
20260427_espanyol_levante,2025-26,20260427,2026-04-27,espanyol,levante,1,0,0,0.8532,1.3856,9,8,3,4,3,1,8.8750,0.4714,1.0000,E,33,39.0000,37,49,46.9508,55.8206,-12,13
20260427_espanyol_levante,2025-26,20260427,2026-04-27,levante,espanyol,0,0,0,1.3856,0.8532,8,9,4,4,3,0,9.5833,0.2509,1.0000,E,33,33.0000,37,50,48.9367,59.4458,-13,19
20260501_girona_mallorca,2025-26,20260501,2026-05-01,girona,mallorca,1,0,1,1.7766,1.3054,14,8,4,5,4,0,17.4545,0.4616,0.0000,D,34,38.0000,36,51,45.6480,60.2720,-15,16
20260501_girona_mallorca,2025-26,20260501,2026-05-01,mallorca,girona,0,1,0,1.3054,1.7766,8,14,4,2,2,0,8.5161,0.2638,3.0000,V,34,38.0000,42,51,41.6124,60.3506,-9,15
20260502_alaves_athletic,2025-26,20260502,2026-05-02,alaves,athletic,1,2,4,0.6132,0.8959,7,9,4,4,4,0,11.5263,0.3533,0.0000,D,34,36.0000,40,53,47.1588,48.2496,-13,18
20260502_alaves_athletic,2025-26,20260502,2026-05-02,athletic,alaves,0,4,2,0.8959,0.6132,9,7,4,7,4,0,6.5000,0.3672,3.0000,V,34,44.0000,40,50,49.4737,42.5159,-10,8
20260502_osasuna_barcelona,2025-26,20260502,2026-05-02,osasuna,barcelona,1,1,2,1.2881,1.5676,9,13,4,3,2,0,23.5714,0.2155,0.0000,D,34,42.0000,40,42,45.9409,45.0756,-2,10
20260502_osasuna_barcelona,2025-26,20260502,2026-05-02,barcelona,osasuna,0,2,1,1.5676,1.2881,13,9,4,7,2,0,4.9200,0.5483,3.0000,V,34,88.0000,89,31,94.6987,46.3754,58,1
20260502_valencia_atletico-madrid,2025-26,20260502,2026-05-02,valencia,atletico madrid,1,0,2,0.7785,1.8057,12,20,0,1,1,0,9.0769,0.5272,0.0000,D,34,39.0000,37,50,47.6917,50.4686,-13,12
20260502_valencia_atletico-madrid,2025-26,20260502,2026-05-02,atletico madrid,valencia,0,2,0,1.8057,0.7785,20,12,5,7,3,0,11.0000,0.2239,3.0000,V,34,63.0000,58,37,59.2057,45.6298,21,4
20260502_villarreal_levante,2025-26,20260502,2026-05-02,villarreal,levante,1,5,1,2.4795,0.8012,20,12,8,7,3,0,10.2812,0.5525,3.0000,V,34,68.0000,64,39,63.4336,47.6996,25,3
20260502_villarreal_levante,2025-26,20260502,2026-05-02,levante,villarreal,0,1,5,0.8012,2.4795,12,20,3,3,1,0,20.4375,0.2179,0.0000,D,34,33.0000,38,55,49.7379,61.9253,-17,19
20260503_betis_oviedo,2025-26,20260503,2026-05-03,betis,oviedo,1,3,0,1.8688,1.1497,10,17,5,5,0,0,9.8929,0.6057,3.0000,V,34,53.0000,52,41,54.6812,43.3470,11,5
20260503_betis_oviedo,2025-26,20260503,2026-05-03,oviedo,betis,0,0,3,1.1497,1.8688,17,10,5,4,0,0,15.9412,0.1622,0.0000,D,34,28.0000,26,54,38.8683,59.8056,-28,20
20260503_celta_elche,2025-26,20260503,2026-05-03,celta,elche,1,3,1,1.4443,1.6477,6,15,4,4,2,0,11.2069,0.5342,3.0000,V,34,47.0000,48,44,47.8531,48.3706,4,6
20260503_celta_elche,2025-26,20260503,2026-05-03,elche,celta,0,1,3,1.6477,1.4443,15,6,4,2,1,0,6.0000,0.2205,0.0000,D,34,38.0000,45,53,44.5468,63.7328,-8,14
20260503_espanyol_madrid,2025-26,20260503,2026-05-03,espanyol,madrid,1,0,2,1.0901,1.5023,17,15,3,5,3,0,22.3684,0.2171,0.0000,D,34,39.0000,37,51,48.0409,57.3229,-14,13
20260503_espanyol_madrid,2025-26,20260503,2026-05-03,madrid,espanyol,0,2,0,1.5023,1.0901,15,17,5,6,4,0,6.1111,0.5397,3.0000,V,34,77.0000,70,31,75.7548,39.9412,39,2
20260503_getafe_rayo-vallecano,2025-26,20260503,2026-05-03,getafe,rayo vallecano,1,0,2,1.3522,0.9542,13,10,3,4,3,0,5.1250,0.4822,0.0000,D,34,44.0000,28,36,30.3770,45.8385,-8,7
20260503_getafe_rayo-vallecano,2025-26,20260503,2026-05-03,rayo vallecano,getafe,0,2,0,0.9542,1.3522,10,13,6,1,5,0,3.5882,0.2242,3.0000,V,34,42.0000,35,41,53.0789,51.8970,-6,11
20260504_sevilla_sociedad,2025-26,20260504,2026-05-04,sevilla,sociedad,1,1,0,1.3202,0.1668,19,6,5,3,3,0,9.5806,0.3978,3.0000,V,34,37.0000,41,55,35.8738,56.8773,-14,17
20260504_sevilla_sociedad,2025-26,20260504,2026-05-04,sociedad,sevilla,0,0,1,0.1668,1.3202,6,19,0,3,1,0,11.6471,0.3243,0.0000,D,34,43.0000,52,53,53.9445,51.9255,-1,9
20260508_levante_osasuna,2025-26,20260508,2026-05-08,levante,osasuna,1,3,2,3.5305,0.5001,35,5,12,15,2,0,7.9048,0.3745,3.0000,V,35,36.0000,41,57,53.2684,62.4255,-16,19
20260508_levante_osasuna,2025-26,20260508,2026-05-08,osasuna,levante,0,2,3,0.5001,3.5305,5,35,3,1,0,1,25.3333,0.3345,0.0000,D,35,42.0000,42,45,46.4410,48.6061,-3,11
20260509_atletico-madrid_celta,2025-26,20260509,2026-05-09,atletico madrid,celta,1,0,1,2.7851,0.2924,20,3,4,10,1,0,12.4000,0.4500,0.0000,D,35,63.0000,58,38,61.9908,45.9222,20,4
20260509_atletico-madrid_celta,2025-26,20260509,2026-05-09,celta,atletico madrid,0,1,0,0.2924,2.7851,3,20,1,0,2,0,20.0667,0.2802,3.0000,V,35,50.0000,49,44,48.1454,51.1556,5,6
20260509_elche_alaves,2025-26,20260509,2026-05-09,elche,alaves,1,1,1,2.0885,2.4563,16,12,5,7,3,0,4.6400,0.4233,1.0000,E,35,39.0000,46,54,46.6353,66.1891,-8,14
20260509_elche_alaves,2025-26,20260509,2026-05-09,alaves,elche,0,1,1,2.4563,2.0885,12,16,4,3,6,0,15.6000,0.2937,1.0000,E,35,37.0000,41,54,49.6151,50.3381,-13,18
20260509_sevilla_espanyol,2025-26,20260509,2026-05-09,sevilla,espanyol,1,2,1,1.4175,0.4024,21,10,6,4,5,0,3.3103,0.4637,3.0000,V,35,40.0000,43,56,37.2913,57.2797,-13,13
20260509_sevilla_espanyol,2025-26,20260509,2026-05-09,espanyol,sevilla,0,1,2,0.4024,1.4175,10,21,5,6,5,0,9.6250,0.2559,0.0000,D,35,39.0000,38,53,48.4433,58.7404,-15,16
20260509_sociedad_betis,2025-26,20260509,2026-05-09,sociedad,betis,1,2,2,2.6656,1.7890,14,14,6,4,2,0,8.7391,0.3765,1.0000,E,35,44.0000,54,55,56.6101,53.7145,-1,8
20260509_sociedad_betis,2025-26,20260509,2026-05-09,betis,sociedad,0,2,2,1.7890,2.6656,14,14,6,3,3,1,25.4375,0.3605,1.0000,E,35,54.0000,54,43,56.4703,46.0125,11,5
20260510_athletic_valencia,2025-26,20260510,2026-05-10,athletic,valencia,1,0,1,0.9352,1.4976,14,7,4,13,2,0,10.3810,0.5472,0.0000,D,35,44.0000,40,51,50.4089,44.0135,-11,9
20260510_athletic_valencia,2025-26,20260510,2026-05-10,valencia,athletic,0,1,0,1.4976,0.9352,7,14,3,5,3,0,12.2353,0.1978,3.0000,V,35,42.0000,38,50,49.1893,51.4038,-12,12
20260510_barcelona_madrid,2025-26,20260510,2026-05-10,barcelona,madrid,1,2,0,1.7200,0.5621,10,8,7,4,2,0,11.5652,0.5806,3.0000,V,35,91.0000,91,31,96.4187,46.9375,60,1
20260510_barcelona_madrid,2025-26,20260510,2026-05-10,madrid,barcelona,0,0,2,0.5621,1.7200,8,10,1,8,4,0,29.0769,0.2184,0.0000,D,35,77.0000,70,33,76.3169,41.6613,37,2
20260510_mallorca_villarreal,2025-26,20260510,2026-05-10,mallorca,villarreal,1,1,1,1.5406,0.9943,18,7,8,5,2,0,8.1667,0.4022,1.0000,E,35,39.0000,43,52,43.1530,61.3449,-9,15
20260510_mallorca_villarreal,2025-26,20260510,2026-05-10,villarreal,mallorca,0,1,1,0.9943,1.5406,7,18,2,4,0,0,21.0833,0.3297,1.0000,E,35,69.0000,65,40,64.4279,49.2402,25,3
20260510_oviedo_getafe,2025-26,20260510,2026-05-10,oviedo,getafe,1,0,0,0.5702,1.4061,8,22,4,1,2,2,8.8261,0.3075,1.0000,E,35,29.0000,26,54,39.4386,61.2117,-28,20
20260510_oviedo_getafe,2025-26,20260510,2026-05-10,getafe,oviedo,0,0,0,1.4061,0.5702,22,8,4,9,3,0,6.3571,0.3850,1.0000,E,35,45.0000,28,36,31.7831,46.4087,-8,7
20260511_rayo-vallecano_girona,2025-26,20260511,2026-05-11,rayo vallecano,girona,1,1,1,1.7949,1.1289,18,9,5,9,1,0,7.6800,0.4055,1.0000,E,35,43.0000,36,42,54.8738,53.0260,-6,10
20260511_rayo-vallecano_girona,2025-26,20260511,2026-05-11,girona,rayo vallecano,0,1,1,1.1289,1.7949,9,18,5,5,1,0,18.6875,0.3194,1.0000,E,35,39.0000,37,52,46.7770,62.0669,-15,17
20260512_betis_elche,2025-26,20260512,2026-05-12,betis,elche,1,2,1,1.9756,0.3427,16,8,7,8,3,0,11.3929,0.5965,3.0000,V,36,57.0000,56,44,58.4459,46.3553,12,5
20260512_betis_elche,2025-26,20260512,2026-05-12,elche,betis,0,1,2,0.3427,1.9756,8,16,2,1,3,1,10.9583,0.1784,0.0000,D,36,39.0000,47,56,46.9781,68.1647,-9,17
20260512_celta_levante,2025-26,20260512,2026-05-12,celta,levante,1,2,3,1.9205,1.5294,11,14,6,4,0,0,15.6154,0.5269,0.0000,D,36,50.0000,51,47,50.0660,52.6851,4,6
20260512_celta_levante,2025-26,20260512,2026-05-12,levante,celta,0,3,2,1.5294,1.9205,14,11,6,4,2,0,22.2000,0.2249,3.0000,V,36,39.0000,44,59,54.7978,64.3460,-15,19
20260512_osasuna_atletico-madrid,2025-26,20260512,2026-05-12,osasuna,atletico madrid,1,1,2,2.4105,1.8226,23,5,5,8,6,0,8.5200,0.3736,0.0000,D,36,42.0000,43,47,48.8515,50.4287,-4,13
20260512_osasuna_atletico-madrid,2025-26,20260512,2026-05-12,atletico madrid,osasuna,0,2,1,1.8226,2.4105,5,23,4,4,5,1,16.0000,0.3593,3.0000,V,36,66.0000,60,39,63.8134,48.3327,21,4
20260513_alaves_barcelona,2025-26,20260513,2026-05-13,alaves,barcelona,1,1,0,0.9535,0.3564,9,8,3,6,1,0,17.3478,0.3035,3.0000,V,36,40.0000,42,54,50.5686,50.6945,-12,15
20260513_alaves_barcelona,2025-26,20260513,2026-05-13,barcelona,alaves,0,0,1,0.3564,0.9535,8,9,0,4,2,0,3.6250,0.4465,0.0000,D,36,91.0000,91,32,96.7751,47.8910,59,1
20260513_espanyol_athletic,2025-26,20260513,2026-05-13,espanyol,athletic,1,2,0,0.8471,0.8865,12,11,5,8,0,0,6.3500,0.3593,3.0000,V,36,42.0000,40,53,49.2904,59.6269,-13,14
20260513_espanyol_athletic,2025-26,20260513,2026-05-13,athletic,espanyol,0,0,2,0.8865,0.8471,11,12,4,9,0,0,12.1200,0.3486,0.0000,D,36,44.0000,40,53,51.2954,44.8606,-13,10
20260513_getafe_mallorca,2025-26,20260513,2026-05-13,getafe,mallorca,1,3,1,1.8211,0.4121,6,9,4,3,3,0,11.9615,0.4278,3.0000,V,36,48.0000,31,37,33.6042,46.8208,-6,7
20260513_getafe_mallorca,2025-26,20260513,2026-05-13,mallorca,getafe,0,1,3,0.4121,1.8211,9,6,2,3,4,0,8.9412,0.2669,0.0000,D,36,39.0000,44,55,43.5651,63.1660,-11,18
20260513_villarreal_sevilla,2025-26,20260513,2026-05-13,villarreal,sevilla,1,2,3,0.9523,0.9175,6,13,4,6,2,0,10.8889,0.4479,0.0000,D,36,69.0000,67,43,65.3803,50.1577,24,3
20260513_villarreal_sevilla,2025-26,20260513,2026-05-13,sevilla,villarreal,0,3,2,0.9175,0.9523,13,6,5,4,1,0,18.0000,0.2675,3.0000,V,36,43.0000,46,58,38.2087,58.2320,-12,11
20260514_girona_sociedad,2025-26,20260514,2026-05-14,girona,sociedad,1,1,1,2.6859,0.5532,29,6,4,6,2,0,9.8846,0.4530,1.0000,E,36,40.0000,38,53,49.4628,62.6201,-15,16
20260514_girona_sociedad,2025-26,20260514,2026-05-14,sociedad,girona,0,1,1,0.5532,2.6859,6,29,2,3,7,0,9.9000,0.2907,1.0000,E,36,45.0000,55,56,57.1633,56.4004,-1,8
20260514_madrid_oviedo,2025-26,20260514,2026-05-14,madrid,oviedo,1,2,0,1.7409,1.1868,19,9,7,4,0,0,12.2222,0.7611,3.0000,V,36,80.0000,72,33,78.0578,42.8480,39,2
20260514_madrid_oviedo,2025-26,20260514,2026-05-14,oviedo,madrid,0,0,2,1.1868,1.7409,9,19,1,5,0,0,19.2778,0.0898,0.0000,D,36,29.0000,26,56,40.6253,62.9526,-30,20
20260514_valencia_rayo-vallecano,2025-26,20260514,2026-05-14,valencia,rayo vallecano,1,1,1,0.9383,1.5304,12,6,3,5,1,0,10.0455,0.4304,1.0000,E,36,43.0000,39,51,50.1276,52.9342,-12,12
20260514_valencia_rayo-vallecano,2025-26,20260514,2026-05-14,rayo vallecano,valencia,0,1,1,1.5304,0.9383,6,12,3,1,1,0,6.3784,0.2891,1.0000,E,36,44.0000,37,43,56.4042,53.9643,-6,9
20260517_athletic_celta,2025-26,20260517,2026-05-17,athletic,celta,1,1,1,2.9037,0.3079,27,3,9,5,2,0,7.1944,0.4310,1.0000,E,37,45.0000,41,54,54.1991,45.1684,-13,12
20260517_athletic_celta,2025-26,20260517,2026-05-17,celta,athletic,0,1,1,0.3079,2.9037,3,27,2,0,2,0,10.0000,0.2710,1.0000,E,37,51.0000,52,48,50.3738,55.5887,4,6
20260517_atletico-madrid_girona,2025-26,20260517,2026-05-17,atletico madrid,girona,1,1,0,2.7077,2.0015,17,25,4,9,2,0,9.5000,0.5334,3.0000,V,37,69.0000,61,39,66.5211,50.3342,22,4
20260517_atletico-madrid_girona,2025-26,20260517,2026-05-17,girona,atletico madrid,0,0,1,2.0015,2.7077,25,17,11,8,0,0,13.6842,0.2184,0.0000,D,37,40.0000,38,54,51.4643,65.3278,-16,18
20260517_barcelona_betis,2025-26,20260517,2026-05-17,barcelona,betis,1,3,1,1.5995,0.9855,15,7,9,6,1,0,13.5556,0.6995,3.0000,V,37,94.0000,94,33,98.3746,48.8765,61,1
20260517_barcelona_betis,2025-26,20260517,2026-05-17,betis,barcelona,0,1,3,0.9855,1.5995,7,15,2,4,0,0,19.4783,0.1314,0.0000,D,37,57.0000,57,47,59.4313,47.9548,10,5
20260517_elche_getafe,2025-26,20260517,2026-05-17,elche,getafe,1,1,0,0.6918,0.0944,10,4,3,4,3,0,4.7037,0.4215,3.0000,V,37,42.0000,48,56,47.6699,68.2591,-8,16
20260517_elche_getafe,2025-26,20260517,2026-05-17,getafe,elche,0,0,1,0.0944,0.6918,4,10,0,0,1,1,15.3750,0.2598,0.0000,D,37,48.0000,31,38,33.6986,47.5126,-7,7
20260517_levante_mallorca,2025-26,20260517,2026-05-17,levante,mallorca,1,2,0,2.4368,0.4390,15,8,3,4,2,1,15.5455,0.4376,3.0000,V,37,42.0000,46,59,57.2346,64.7850,-13,17
20260517_levante_mallorca,2025-26,20260517,2026-05-17,mallorca,levante,0,0,2,0.4390,2.4368,8,15,3,6,0,1,5.6842,0.2837,0.0000,D,37,39.0000,44,57,44.0040,65.6028,-13,19
20260517_osasuna_espanyol,2025-26,20260517,2026-05-17,osasuna,espanyol,1,1,2,1.8115,0.9471,24,7,8,9,1,0,7.9375,0.4518,0.0000,D,37,42.0000,44,49,50.6631,51.3758,-5,15
20260517_osasuna_espanyol,2025-26,20260517,2026-05-17,espanyol,osasuna,0,2,1,0.9471,1.8115,7,24,3,2,2,0,20.6000,0.2503,3.0000,V,37,45.0000,42,54,50.2375,61.4384,-12,11
20260517_oviedo_alaves,2025-26,20260517,2026-05-17,oviedo,alaves,1,0,1,0.6313,1.2829,8,7,0,5,3,0,6.8889,0.2513,0.0000,D,37,29.0000,26,57,41.2566,64.2355,-31,20
20260517_oviedo_alaves,2025-26,20260517,2026-05-17,alaves,oviedo,0,1,0,1.2829,0.6313,7,8,1,2,1,0,15.5000,0.4881,3.0000,V,37,43.0000,43,54,51.8514,51.3257,-11,13
20260517_rayo-vallecano_villarreal,2025-26,20260517,2026-05-17,rayo vallecano,villarreal,1,2,0,1.9250,0.6550,15,11,7,1,2,0,9.4400,0.3893,3.0000,V,37,47.0000,39,43,58.3291,54.6193,-4,8
20260517_rayo-vallecano_villarreal,2025-26,20260517,2026-05-17,villarreal,rayo vallecano,0,0,2,0.6550,1.9250,11,15,2,9,1,0,12.5455,0.3444,0.0000,D,37,69.0000,67,45,66.0352,52.0827,22,3
20260517_sevilla_madrid,2025-26,20260517,2026-05-17,sevilla,madrid,1,0,1,0.6835,1.4738,14,12,6,4,4,0,9.2500,0.3060,0.0000,D,37,43.0000,46,59,38.8922,59.7058,-13,14
20260517_sevilla_madrid,2025-26,20260517,2026-05-17,madrid,sevilla,0,1,0,1.4738,0.6835,12,14,1,4,0,0,7.7273,0.4292,3.0000,V,37,83.0000,73,33,79.5315,43.5315,40,2
20260517_sociedad_valencia,2025-26,20260517,2026-05-17,sociedad,valencia,1,3,4,1.3027,1.9933,8,13,3,3,4,0,7.2903,0.4356,0.0000,D,37,45.0000,58,60,58.4659,58.3937,-2,10
20260517_sociedad_valencia,2025-26,20260517,2026-05-17,valencia,sociedad,0,4,3,1.9933,1.3027,13,8,6,2,0,1,13.8500,0.2891,3.0000,V,37,46.0000,43,54,52.1209,54.2369,-11,9
20260523_alaves_rayo-vallecano,2025-26,20260523,2026-05-23,alaves,rayo vallecano,1,1,2,1.7247,1.6469,19,15,11,10,3,0,12.3158,0.3872,0.0000,D,38,43.0000,44,56,53.5761,52.9726,-12,14
20260523_alaves_rayo-vallecano,2025-26,20260523,2026-05-23,rayo vallecano,alaves,0,2,1,1.6469,1.7247,15,19,7,5,3,0,6.8077,0.3309,3.0000,V,38,50.0000,41,44,59.9761,56.3439,-3,8
20260523_betis_levante,2025-26,20260523,2026-05-23,betis,levante,1,2,1,1.8664,2.3672,18,15,8,4,1,0,14.6667,0.4267,3.0000,V,38,60.0000,59,48,61.2977,50.3219,11,5
20260523_betis_levante,2025-26,20260523,2026-05-23,levante,betis,0,1,2,2.3672,1.8664,15,18,7,8,2,0,16.5769,0.2866,0.0000,D,38,42.0000,47,61,59.6018,66.6514,-14,18
20260523_celta_sevilla,2025-26,20260523,2026-05-23,celta,sevilla,1,1,0,1.6180,0.7557,12,9,3,4,1,0,12.4500,0.5383,3.0000,V,38,54.0000,53,48,51.9919,56.3445,5,6
20260523_celta_sevilla,2025-26,20260523,2026-05-23,sevilla,celta,0,0,1,0.7557,1.6180,9,12,2,3,1,0,8.8947,0.2072,0.0000,D,38,43.0000,46,60,39.6480,61.3238,-14,15
20260523_espanyol_sociedad,2025-26,20260523,2026-05-23,espanyol,sociedad,1,1,1,2.1431,1.2324,17,9,8,3,1,0,12.5500,0.3886,1.0000,E,38,46.0000,43,55,52.3806,62.6708,-12,11
20260523_espanyol_sociedad,2025-26,20260523,2026-05-23,sociedad,espanyol,0,1,1,1.2324,2.1431,9,17,4,5,3,0,8.3548,0.3379,1.0000,E,38,46.0000,59,61,59.6983,60.5367,-2,10
20260523_getafe_osasuna,2025-26,20260523,2026-05-23,getafe,osasuna,1,1,0,0.2641,0.8000,6,11,3,2,1,0,5.3529,0.3871,3.0000,V,38,51.0000,32,38,33.9628,48.3127,-6,7
20260523_getafe_osasuna,2025-26,20260523,2026-05-23,osasuna,getafe,0,0,1,0.8000,0.2641,11,6,5,4,2,0,6.5000,0.2760,0.0000,D,38,42.0000,44,50,51.4631,51.6400,-6,16
20260523_girona_elche,2025-26,20260523,2026-05-23,girona,elche,1,1,1,0.6680,0.4954,10,3,7,2,4,0,7.5000,0.5322,1.0000,E,38,41.0000,39,55,52.1323,65.8232,-16,19
20260523_girona_elche,2025-26,20260523,2026-05-23,elche,girona,0,1,1,0.4954,0.6680,3,10,1,1,4,0,7.3333,0.2252,1.0000,E,38,43.0000,49,57,48.1653,68.9272,-8,13
20260523_madrid_athletic,2025-26,20260523,2026-05-23,madrid,athletic,1,4,2,1.9540,1.4543,13,8,8,2,2,0,12.2000,0.6388,3.0000,V,38,86.0000,77,35,81.4855,44.9858,42,2
20260523_madrid_athletic,2025-26,20260523,2026-05-23,athletic,madrid,0,2,4,1.4543,1.9540,8,13,2,1,0,0,18.4000,0.1597,0.0000,D,38,45.0000,43,58,55.6534,47.1224,-15,12
20260523_mallorca_oviedo,2025-26,20260523,2026-05-23,mallorca,oviedo,1,3,0,3.5077,0.2432,23,7,7,5,2,0,8.0000,0.6472,3.0000,V,38,42.0000,47,57,47.5118,65.8459,-10,17
20260523_mallorca_oviedo,2025-26,20260523,2026-05-23,oviedo,mallorca,0,0,3,0.2432,3.5077,7,23,0,5,1,0,20.6667,0.1360,0.0000,D,38,29.0000,26,60,41.4998,67.7432,-34,20
20260523_valencia_barcelona,2025-26,20260523,2026-05-23,valencia,barcelona,1,3,1,1.8337,1.2934,19,11,6,7,2,0,20.2727,0.2622,3.0000,V,38,49.0000,46,55,53.9546,55.5302,-9,9
20260523_valencia_barcelona,2025-26,20260523,2026-05-23,barcelona,valencia,0,1,3,1.2934,1.8337,11,19,4,8,2,0,6.4667,0.5045,0.0000,D,38,94.0000,95,36,99.6679,50.7101,59,1
20260524_villarreal_atletico-madrid,2025-26,20260524,2026-05-24,villarreal,atletico madrid,1,5,1,2.8044,1.5843,14,9,8,5,0,0,31.3333,0.3890,3.0000,V,38,72.0000,72,46,68.8397,53.6670,26,3
20260524_villarreal_atletico-madrid,2025-26,20260524,2026-05-24,atletico madrid,villarreal,0,1,5,1.5843,2.8044,9,14,4,9,1,0,11.7917,0.3604,0.0000,D,38,69.0000,62,44,68.1054,53.1386,18,4
20260815_alaves_getafe,2026-27,20260815,2026-08-15,alaves,getafe,1,3,0,2.2858,0.2597,18,6,8,5,4,0,6.1667,0.4049,3.0000,V,1,3.0000,3,0,2.2858,0.2597,3,2
20260815_alaves_getafe,2026-27,20260815,2026-08-15,getafe,alaves,0,0,3,0.2597,2.2858,6,18,2,3,3,1,12.0556,0.2606,0.0000,D,1,0.0000,0,3,0.2597,2.2858,-3,19
20260815_sevilla_rayo-vallecano,2026-27,20260815,2026-08-15,sevilla,rayo vallecano,1,2,1,2.0184,1.9122,13,6,4,1,4,1,6.2727,0.4124,3.0000,V,1,3.0000,2,1,2.0184,1.9122,1,6
20260815_sevilla_rayo-vallecano,2026-27,20260815,2026-08-15,rayo vallecano,sevilla,0,1,2,1.9122,2.0184,6,13,3,2,4,0,7.0952,0.2897,0.0000,D,1,0.0000,1,2,1.9122,2.0184,-1,15
20260816_espanyol_levante,2026-27,20260816,2026-08-16,espanyol,levante,1,3,0,2.0099,0.1963,16,4,6,0,3,0,10.2800,0.4559,3.0000,V,1,3.0000,3,0,2.0099,0.1963,3,3
20260816_espanyol_levante,2026-27,20260816,2026-08-16,levante,espanyol,0,0,3,0.1963,2.0099,4,16,0,1,0,0,14.0000,0.2552,0.0000,D,1,0.0000,0,3,0.1963,2.0099,-3,20
20260816_racing_villarreal,2026-27,20260816,2026-08-16,racing,villarreal,1,2,2,1.9648,0.7688,17,12,3,6,2,0,10.1111,0.2984,1.0000,E,1,1.0000,2,2,1.9648,0.7688,0,8
20260816_racing_villarreal,2026-27,20260816,2026-08-16,villarreal,racing,0,2,2,0.7688,1.9648,12,17,7,10,4,0,5.9000,0.4338,1.0000,E,1,1.0000,2,2,0.7688,1.9648,0,9
20260817_deportivo_elche,2026-27,20260817,2026-08-17,deportivo,elche,1,1,1,0.3399,1.5869,8,11,3,2,2,0,19.1364,0.4046,1.0000,E,1,1.0000,1,1,0.3399,1.5869,0,10
20260817_deportivo_elche,2026-27,20260817,2026-08-17,elche,deportivo,0,1,1,1.5869,0.3399,11,8,6,6,2,0,11.3810,0.2849,1.0000,E,1,1.0000,1,1,1.5869,0.3399,0,11
20260819_atletico-madrid_malaga,2026-27,20260819,2026-08-19,atletico madrid,malaga,1,2,0,1.3439,0.2296,15,5,6,6,2,0,7.5455,0.7277,3.0000,V,1,3.0000,2,0,1.3439,0.2296,2,4
20260819_atletico-madrid_malaga,2026-27,20260819,2026-08-19,malaga,atletico madrid,0,0,2,0.2296,1.3439,5,15,1,1,3,0,14.4211,0.0928,0.0000,D,1,0.0000,0,2,0.2296,1.3439,-2,18
20260820_rayo-vallecano_alaves,2026-27,20260820,2026-08-20,rayo vallecano,alaves,1,1,1,0.5664,2.2207,8,15,3,9,1,0,6.7600,0.4203,1.0000,E,2,1.0000,2,3,2.4786,4.2392,-1,13
20260820_rayo-vallecano_alaves,2026-27,20260820,2026-08-20,alaves,rayo vallecano,0,1,1,2.2207,0.5664,15,8,3,7,2,0,8.8095,0.2663,1.0000,E,2,4.0000,4,1,4.5066,0.8261,3,5
20260821_betis_sociedad,2026-27,20260821,2026-08-21,betis,sociedad,1,1,0,1.6957,1.1400,18,9,7,4,3,0,11.7742,0.4602,3.0000,V,1,3.0000,1,0,1.6957,1.1400,1,7
20260821_betis_sociedad,2026-27,20260821,2026-08-21,sociedad,betis,0,0,1,1.1400,1.6957,9,18,3,5,3,0,13.0952,0.2711,0.0000,D,1,0.0000,0,1,1.1400,1.6957,-1,16
20260822_athletic_sevilla,2026-27,20260822,2026-08-22,athletic,sevilla,1,1,3,1.4650,0.9668,18,7,8,10,2,1,6.5600,0.5528,0.0000,D,1,0.0000,1,3,1.4650,0.9668,-2,17
20260822_athletic_sevilla,2026-27,20260822,2026-08-22,sevilla,athletic,0,3,1,0.9668,1.4650,7,18,4,3,5,0,10.6800,0.1832,3.0000,V,2,6.0000,5,2,2.9852,3.3772,3,3
20260822_espanyol_madrid,2026-27,20260822,2026-08-22,espanyol,madrid,1,1,2,1.0191,2.5612,8,21,3,0,5,0,16.3810,0.1278,0.0000,D,2,3.0000,4,2,3.0290,2.7575,2,8
20260822_espanyol_madrid,2026-27,20260822,2026-08-22,madrid,espanyol,0,2,1,2.5612,1.0191,21,8,8,8,1,0,8.3636,0.6672,3.0000,V,1,3.0000,2,1,2.5612,1.0191,1,5
20260822_valencia_celta,2026-27,20260822,2026-08-22,valencia,celta,1,0,0,0.4206,0.5373,8,7,2,1,2,0,15.5500,0.4048,1.0000,E,1,1.0000,0,0,0.4206,0.5373,0,14
20260822_valencia_celta,2026-27,20260822,2026-08-22,celta,valencia,0,0,0,0.5373,0.4206,7,8,3,2,3,0,11.6250,0.3013,1.0000,E,1,1.0000,0,0,0.5373,0.4206,0,12
20260823_atletico-madrid_villarreal,2026-27,20260823,2026-08-23,atletico madrid,villarreal,1,2,2,0.7394,3.5418,19,13,4,5,3,1,12.2500,0.5043,1.0000,E,2,4.0000,4,2,2.0833,3.7714,2,6
20260823_atletico-madrid_villarreal,2026-27,20260823,2026-08-23,villarreal,atletico madrid,0,2,2,3.5418,0.7394,13,19,6,3,2,0,11.2800,0.2344,1.0000,E,2,2.0000,4,4,4.3106,2.7042,0,10
20260823_elche_barcelona,2026-27,20260823,2026-08-23,elche,barcelona,1,0,5,1.1765,4.2518,7,11,2,3,1,0,13.9200,0.1116,0.0000,D,2,1.0000,1,6,2.7634,4.5917,-5,18
20260823_elche_barcelona,2026-27,20260823,2026-08-23,barcelona,elche,0,5,0,4.2518,1.1765,11,7,7,1,0,0,8.8621,0.7173,3.0000,V,1,3.0000,5,0,4.2518,1.1765,5,1
20260823_getafe_racing,2026-27,20260823,2026-08-23,getafe,racing,1,1,0,0.9826,1.1679,12,6,1,8,1,0,10.6250,0.4324,3.0000,V,2,3.0000,1,3,1.2423,3.4537,-2,9
20260823_getafe_racing,2026-27,20260823,2026-08-23,racing,getafe,0,0,1,1.1679,0.9826,6,12,3,6,3,0,5.4333,0.2477,0.0000,D,2,1.0000,2,3,3.1327,1.7514,-1,12
20260824_malaga_deportivo,2026-27,20260824,2026-08-24,malaga,deportivo,1,1,1,1.3565,1.1297,13,6,2,7,1,0,10.6296,0.3769,1.0000,E,2,1.0000,1,3,1.5861,2.4736,-2,16
20260824_malaga_deportivo,2026-27,20260824,2026-08-24,deportivo,malaga,0,1,1,1.1297,1.3565,6,13,4,4,4,0,14.5238,0.3105,1.0000,E,2,2.0000,2,2,1.4696,2.9434,0,11
20260824_osasuna_levante,2026-27,20260824,2026-08-24,osasuna,levante,1,0,0,0.8925,1.2703,12,11,7,9,2,0,16.2500,0.5168,1.0000,E,1,1.0000,0,0,0.8925,1.2703,0,13
20260824_osasuna_levante,2026-27,20260824,2026-08-24,levante,osasuna,0,0,0,1.2703,0.8925,11,12,1,4,1,0,9.1000,0.2175,1.0000,E,2,1.0000,0,3,1.4666,2.9024,-3,17
20260825_valencia_betis,2026-27,20260825,2026-08-25,valencia,betis,1,0,1,1.2899,0.9645,16,15,3,8,2,0,16.6316,0.3405,0.0000,D,2,1.0000,0,1,1.7105,1.5018,-1,15
20260825_valencia_betis,2026-27,20260825,2026-08-25,betis,valencia,0,1,0,0.9645,1.2899,15,16,3,2,1,0,9.3333,0.3684,3.0000,V,2,6.0000,2,0,2.6602,2.4299,2,4
20260826_madrid_sociedad,2026-27,20260826,2026-08-26,madrid,sociedad,1,4,1,3.3052,0.4630,20,10,11,4,3,0,16.4091,0.7199,3.0000,V,2,6.0000,6,2,5.8664,1.4821,4,2
20260826_madrid_sociedad,2026-27,20260826,2026-08-26,sociedad,madrid,0,1,4,0.4630,3.3052,10,20,3,7,3,0,26.2500,0.1132,0.0000,D,2,0.0000,1,5,1.6030,5.0009,-4,20
20260827_barcelona_athletic,2026-27,20260827,2026-08-27,barcelona,athletic,1,2,0,3.9166,0.2220,22,5,10,12,1,0,5.5385,0.7133,3.0000,V,2,6.0000,7,0,8.1684,1.3984,7,1
20260827_barcelona_athletic,2026-27,20260827,2026-08-27,athletic,barcelona,0,0,2,0.2220,3.9166,5,22,0,5,2,0,29.5000,0.1142,0.0000,D,2,0.0000,1,5,1.6869,4.8834,-4,19
20260827_celta_osasuna,2026-27,20260827,2026-08-27,celta,osasuna,1,1,2,0.1067,1.8965,4,13,2,5,0,1,18.3889,0.4798,0.0000,D,2,1.0000,1,2,0.6440,2.3171,-1,14
20260827_celta_osasuna,2026-27,20260827,2026-08-27,osasuna,celta,0,2,1,1.8965,0.1067,13,4,5,3,1,0,13.2308,0.2375,3.0000,V,2,4.0000,2,1,2.7891,1.3770,1,7
20260828_alaves_villarreal,2026-27,20260828,2026-08-28,alaves,villarreal,1,1,0,0.9155,1.4511,9,19,2,5,3,0,15.7500,0.3050,3.0000,V,3,7.0000,5,1,5.4220,2.2772,4,4
20260828_alaves_villarreal,2026-27,20260828,2026-08-28,villarreal,alaves,0,0,1,1.4511,0.9155,19,9,6,9,1,0,4.0000,0.4240,0.0000,D,3,2.0000,4,5,5.7617,3.6197,-1,15
20260828_racing_elche,2026-27,20260828,2026-08-28,racing,elche,1,3,2,2.5623,1.0755,13,18,6,5,2,0,14.0435,0.4635,3.0000,V,3,4.0000,5,5,5.6949,2.8269,0,10
20260828_racing_elche,2026-27,20260828,2026-08-28,elche,racing,0,2,3,1.0755,2.5623,18,13,7,10,1,0,6.0000,0.2694,0.0000,D,3,1.0000,3,9,3.8389,7.1540,-6,19
20260829_levante_betis,2026-27,20260829,2026-08-29,levante,betis,1,5,2,3.0376,1.9229,19,20,10,5,1,0,20.9333,0.2871,3.0000,V,3,4.0000,5,5,4.5042,4.8253,0,9
20260829_levante_betis,2026-27,20260829,2026-08-29,betis,levante,0,2,5,1.9229,3.0376,20,19,6,8,1,0,14.4375,0.4300,0.0000,D,3,6.0000,4,5,4.5831,5.4675,-1,7
20260829_sevilla_atletico-madrid,2026-27,20260829,2026-08-29,sevilla,atletico madrid,1,1,3,1.0805,1.4768,20,12,5,4,2,0,9.7353,0.2720,0.0000,D,3,6.0000,6,5,4.0657,4.8539,1,6
20260829_sevilla_atletico-madrid,2026-27,20260829,2026-08-29,atletico madrid,sevilla,0,3,1,1.4768,1.0805,12,20,5,2,2,0,8.8235,0.4503,3.0000,V,3,7.0000,7,3,3.5601,4.8519,4,3
20260829_sociedad_espanyol,2026-27,20260829,2026-08-29,sociedad,espanyol,1,2,1,2.9166,0.9299,17,11,10,7,2,0,7.6562,0.5010,3.0000,V,3,3.0000,3,6,4.5196,5.9308,-3,13
20260829_sociedad_espanyol,2026-27,20260829,2026-08-29,espanyol,sociedad,0,1,2,0.9299,2.9166,11,17,3,3,4,0,20.4167,0.2403,0.0000,D,3,3.0000,5,4,3.9589,5.6741,1,11
20260830_celta_athletic,2026-27,20260830,2026-08-30,celta,athletic,1,0,2,1.2006,3.1330,8,17,2,4,0,0,18.7500,0.3960,0.0000,D,3,1.0000,1,4,1.8446,5.4501,-3,16
20260830_celta_athletic,2026-27,20260830,2026-08-30,athletic,celta,0,2,0,3.1330,1.2006,17,8,7,7,3,0,18.2500,0.3147,3.0000,V,3,3.0000,3,5,4.8199,6.0840,-2,12
20260830_deportivo_valencia,2026-27,20260830,2026-08-30,deportivo,valencia,1,3,1,1.4075,1.0166,11,12,4,5,2,1,14.6000,0.3694,3.0000,V,3,5.0000,5,3,2.8771,3.9600,2,8
20260830_deportivo_valencia,2026-27,20260830,2026-08-30,valencia,deportivo,0,1,3,1.0166,1.4075,12,11,4,5,1,0,17.0000,0.3212,0.0000,D,3,1.0000,1,4,2.7271,2.9093,-3,17
20260830_madrid_malaga,2026-27,20260830,2026-08-30,madrid,malaga,1,4,0,3.4078,0.7602,19,14,8,9,0,0,13.2381,0.8432,3.0000,V,3,9.0000,10,2,9.2743,2.2422,8,2
20260830_madrid_malaga,2026-27,20260830,2026-08-30,malaga,madrid,0,0,4,0.7602,3.4078,14,19,1,6,2,0,21.3750,0.0511,0.0000,D,3,1.0000,1,7,2.3462,5.8815,-6,20
20260831_barcelona_rayo-vallecano,2026-27,20260831,2026-08-31,barcelona,rayo vallecano,1,5,2,2.9576,1.0661,26,11,9,9,0,0,7.3333,0.8077,3.0000,V,3,9.0000,12,2,11.1260,2.4646,10,1
20260831_barcelona_rayo-vallecano,2026-27,20260831,2026-08-31,rayo vallecano,barcelona,0,2,5,1.0661,2.9576,11,26,5,5,1,0,11.9355,0.0667,0.0000,D,3,1.0000,4,8,3.5448,7.1968,-4,18
20260831_osasuna_getafe,2026-27,20260831,2026-08-31,osasuna,getafe,1,1,0,1.7050,1.0904,10,11,2,1,5,0,10.0000,0.4250,3.0000,V,3,7.0000,3,1,4.4941,2.4675,2,5
20260831_osasuna_getafe,2026-27,20260831,2026-08-31,getafe,osasuna,0,0,1,1.0904,1.7050,11,10,1,3,4,0,10.6957,0.2569,0.0000,D,3,3.0000,1,4,2.3327,5.1587,-3,14
20260903_sociedad_celta,2026-27,20260903,2026-09-03,sociedad,celta,1,0,0,1.0205,0.6332,16,7,5,11,2,0,12.8000,0.4787,1.0000,E,4,4.0000,3,6,5.5401,6.5641,-3,14
20260903_sociedad_celta,2026-27,20260903,2026-09-03,celta,sociedad,0,0,0,0.6332,1.0205,7,16,2,3,3,0,15.9444,0.2530,1.0000,E,4,2.0000,1,4,2.4779,6.4706,-3,17
20260904_betis_madrid,2026-27,20260904,2026-09-04,betis,madrid,1,1,0,0.8852,3.3828,10,20,5,6,3,0,22.1875,0.1491,3.0000,V,4,9.0000,5,5,5.4683,8.8503,0,4
20260904_betis_madrid,2026-27,20260904,2026-09-04,madrid,betis,0,0,1,3.3828,0.8852,20,10,8,10,5,0,11.5714,0.6645,0.0000,D,4,9.0000,10,3,12.6571,3.1275,7,3
20260905_athletic_atletico-madrid,2026-27,20260905,2026-09-05,athletic,atletico madrid,1,3,0,1.8721,0.7522,11,15,4,3,0,0,21.0000,0.3179,3.0000,V,4,6.0000,6,5,6.6920,6.8362,1,9
20260905_athletic_atletico-madrid,2026-27,20260905,2026-09-05,atletico madrid,athletic,0,0,3,0.7522,1.8721,15,11,5,8,1,0,12.8095,0.4052,0.0000,D,4,7.0000,7,6,4.3123,6.7241,1,6
20260905_rayo-vallecano_racing,2026-27,20260905,2026-09-05,rayo vallecano,racing,1,3,2,1.1896,0.6329,16,9,10,9,3,2,9.0769,0.4190,3.0000,V,4,4.0000,7,10,4.7343,7.8296,-3,13
20260905_rayo-vallecano_racing,2026-27,20260905,2026-09-05,racing,rayo vallecano,0,2,3,0.6329,1.1896,9,16,4,6,2,0,8.0769,0.3021,0.0000,D,4,4.0000,7,8,6.3278,4.0165,-1,12
20260905_villarreal_deportivo,2026-27,20260905,2026-09-05,villarreal,deportivo,1,2,3,3.6424,2.4425,17,8,5,7,2,0,10.8085,0.6449,0.0000,D,4,2.0000,6,8,9.4041,6.0621,-2,16
20260905_villarreal_deportivo,2026-27,20260905,2026-09-05,deportivo,villarreal,0,3,2,2.4425,3.6424,8,17,3,1,2,0,16.2000,0.1431,3.0000,V,4,8.0000,8,5,5.3195,7.6024,3,5
20260906_alaves_osasuna,2026-27,20260906,2026-09-06,alaves,osasuna,1,5,2,1.6019,1.6441,12,7,7,4,1,0,11.8500,0.4195,3.0000,V,4,10.0000,10,3,7.0239,3.9213,7,2
20260906_alaves_osasuna,2026-27,20260906,2026-09-06,osasuna,alaves,0,2,5,1.6441,1.6019,7,12,5,1,2,0,12.2500,0.2727,0.0000,D,4,7.0000,5,6,6.1382,4.0694,-1,8
20260906_espanyol_sevilla,2026-27,20260906,2026-09-06,espanyol,sevilla,1,1,1,1.8175,0.3726,12,6,3,0,2,0,5.3750,0.4176,1.0000,E,4,4.0000,6,5,5.7764,6.0466,1,11
20260906_espanyol_sevilla,2026-27,20260906,2026-09-06,sevilla,espanyol,0,1,1,0.3726,1.8175,6,12,3,4,3,1,7.9167,0.2826,1.0000,E,4,7.0000,7,6,4.4383,6.6714,1,7
20260906_malaga_levante,2026-27,20260906,2026-09-06,malaga,levante,1,0,0,1.7266,1.1917,10,11,3,6,4,0,8.5417,0.3911,1.0000,E,4,2.0000,1,7,4.0728,7.0732,-6,18
20260906_malaga_levante,2026-27,20260906,2026-09-06,levante,malaga,0,0,0,1.1917,1.7266,11,10,3,4,2,0,13.4815,0.3212,1.0000,E,4,5.0000,5,5,5.6959,6.5519,0,10
20260906_valencia_barcelona,2026-27,20260906,2026-09-06,valencia,barcelona,1,0,5,0.5188,4.7692,3,25,2,1,1,0,27.2000,0.1025,0.0000,D,4,1.0000,1,9,3.2459,7.6785,-8,20
20260906_valencia_barcelona,2026-27,20260906,2026-09-06,barcelona,valencia,0,5,0,4.7692,0.5188,25,3,10,4,3,0,7.9500,0.7365,3.0000,V,4,12.0000,17,2,15.8952,2.9834,15,1
20260907_elche_sociedad,2026-27,20260907,2026-09-07,elche,sociedad,1,2,3,2.8704,0.8762,20,13,10,6,4,0,11.7000,0.3275,0.0000,D,4,1.0000,5,12,6.7093,8.0301,-7,19
20260907_elche_sociedad,2026-27,20260907,2026-09-07,sociedad,elche,0,3,2,0.8762,2.8704,13,20,6,7,1,1,15.0000,0.3986,3.0000,V,5,7.0000,6,8,6.4163,9.4345,-2,11
20260907_getafe_celta,2026-27,20260907,2026-09-07,getafe,celta,1,1,1,1.4584,1.4212,10,16,2,3,4,1,21.6154,0.3890,1.0000,E,4,4.0000,2,5,3.7912,6.5800,-3,15
20260907_getafe_celta,2026-27,20260907,2026-09-07,celta,getafe,0,1,1,1.4212,1.4584,16,10,3,5,2,0,6.1000,0.2846,1.0000,E,5,3.0000,2,5,3.8991,7.9290,-3,16
20260911_sevilla_valencia,2026-27,20260911,2026-09-11,sevilla,valencia,1,1,0,1.3551,0.0799,13,3,4,6,1,0,11.8696,0.4808,3.0000,V,5,10.0000,8,6,5.7934,6.7513,2,6
20260911_sevilla_valencia,2026-27,20260911,2026-09-11,valencia,sevilla,0,0,1,0.0799,1.3551,3,13,0,4,2,0,10.3333,0.2344,0.0000,D,5,1.0000,1,10,3.3258,9.0335,-9,20
20260912_athletic_elche,2026-27,20260912,2026-09-12,athletic,elche,1,1,1,3.1304,0.8161,19,3,3,7,3,0,5.8286,0.6712,1.0000,E,5,7.0000,7,6,9.8224,7.6523,1,9
20260912_athletic_elche,2026-27,20260912,2026-09-12,elche,athletic,0,1,1,0.8161,3.1304,3,19,1,1,3,0,30.1538,0.1288,1.0000,E,5,2.0000,6,13,7.5255,11.1605,-7,19
20260912_madrid_rayo-vallecano,2026-27,20260912,2026-09-12,madrid,rayo vallecano,1,4,1,3.1216,1.1926,24,18,11,11,0,0,11.5000,0.8454,3.0000,V,5,12.0000,14,4,15.7786,4.3201,10,2
20260912_madrid_rayo-vallecano,2026-27,20260912,2026-09-12,rayo vallecano,madrid,0,1,4,1.1926,3.1216,18,24,7,5,1,0,9.6471,0.0511,0.0000,D,5,4.0000,8,14,5.9269,10.9512,-6,15
20260912_osasuna_espanyol,2026-27,20260912,2026-09-12,osasuna,espanyol,1,0,2,1.1037,1.4095,11,6,4,3,2,0,9.1818,0.4467,0.0000,D,5,7.0000,5,8,7.2418,5.4789,-3,12
20260912_osasuna_espanyol,2026-27,20260912,2026-09-12,espanyol,osasuna,0,2,0,1.4095,1.1037,6,11,3,4,3,0,13.2000,0.2633,3.0000,V,5,7.0000,8,5,7.1859,7.1503,3,8
20260912_racing_alaves,2026-27,20260912,2026-09-12,racing,alaves,1,2,1,1.3839,2.2715,11,16,4,4,2,1,5.7333,0.3894,3.0000,V,5,7.0000,9,9,7.7117,6.2880,0,10
20260912_racing_alaves,2026-27,20260912,2026-09-12,alaves,racing,0,1,2,2.2715,1.3839,16,11,8,6,3,0,9.4643,0.3414,0.0000,D,5,10.0000,11,5,9.2954,5.3052,6,4
20260913_celta_malaga,2026-27,20260913,2026-09-13,celta,malaga,1,1,1,1.4814,0.5481,17,12,5,1,1,0,18.6500,0.5503,1.0000,E,6,4.0000,3,6,5.3805,8.4770,-3,17
20260913_celta_malaga,2026-27,20260913,2026-09-13,malaga,celta,0,1,1,0.5481,1.4814,12,17,2,5,1,0,12.3158,0.1913,1.0000,E,5,3.0000,2,8,4.6209,8.5546,-6,17
20260913_getafe_deportivo,2026-27,20260913,2026-09-13,getafe,deportivo,1,1,1,0.9948,0.9449,15,10,4,3,3,0,13.4167,0.3891,1.0000,E,5,5.0000,3,6,4.7859,7.5248,-3,14
20260913_getafe_deportivo,2026-27,20260913,2026-09-13,deportivo,getafe,0,1,1,0.9449,0.9948,10,15,3,7,1,0,8.7500,0.2763,1.0000,E,5,9.0000,9,6,6.2644,8.5972,3,7
20260913_levante_barcelona,2026-27,20260913,2026-09-13,levante,barcelona,1,2,4,2.6744,2.4686,13,12,7,3,1,0,21.2381,0.0649,0.0000,D,5,5.0000,7,9,8.3703,9.0205,-2,13
20260913_levante_barcelona,2026-27,20260913,2026-09-13,barcelona,levante,0,4,2,2.4686,2.6744,12,13,6,5,1,0,4.5185,0.8161,3.0000,V,5,15.0000,21,4,18.3638,5.6578,17,1
20260913_sociedad_atletico-madrid,2026-27,20260913,2026-09-13,sociedad,atletico madrid,1,0,3,0.6075,1.8341,8,13,3,9,3,0,10.9167,0.3330,0.0000,D,6,7.0000,6,11,7.0238,11.2687,-5,12
20260913_sociedad_atletico-madrid,2026-27,20260913,2026-09-13,atletico madrid,sociedad,0,3,0,1.8341,0.6075,13,8,5,3,1,0,16.8125,0.3982,3.0000,V,5,10.0000,10,6,6.1464,7.3316,4,5
20260914_villarreal_betis,2026-27,20260914,2026-09-14,villarreal,betis,1,1,2,1.6729,4.0731,14,26,8,7,1,0,10.0455,0.4962,0.0000,D,5,2.0000,7,10,11.0770,10.1352,-3,18
20260914_villarreal_betis,2026-27,20260914,2026-09-14,betis,villarreal,0,2,1,4.0731,1.6729,26,14,12,4,0,0,19.2941,0.2577,3.0000,V,5,12.0000,7,6,9.5414,10.5233,1,3
20260915_alaves_valencia,2026-27,20260915,2026-09-15,alaves,valencia,1,0,1,1.3096,0.8395,15,10,3,2,1,0,13.0400,0.5462,0.0000,D,6,10.0000,11,6,10.6050,6.1446,5,6
20260915_alaves_valencia,2026-27,20260915,2026-09-15,valencia,alaves,0,1,0,0.8395,1.3096,10,15,3,5,4,0,10.6471,0.1831,3.0000,V,6,4.0000,2,10,4.1653,10.3431,-8,18
20260915_elche_madrid,2026-27,20260915,2026-09-15,elche,madrid,1,2,3,1.0522,3.4612,11,20,3,2,4,0,9.7600,0.0815,0.0000,D,6,2.0000,8,16,8.5777,14.6217,-8,20
20260915_elche_madrid,2026-27,20260915,2026-09-15,madrid,elche,0,3,2,3.4612,1.0522,20,11,4,5,2,0,21.0000,0.7902,3.0000,V,6,15.0000,17,6,19.2399,5.3723,11,2
20260915_rayo-vallecano_espanyol,2026-27,20260915,2026-09-15,rayo vallecano,espanyol,1,2,1,1.8328,1.1573,16,19,2,3,5,0,12.6875,0.4096,3.0000,V,6,7.0000,10,15,7.7597,12.1085,-5,11
20260915_rayo-vallecano_espanyol,2026-27,20260915,2026-09-15,espanyol,rayo vallecano,0,1,2,1.1573,1.8328,19,16,5,5,1,1,12.4545,0.3109,0.0000,D,6,7.0000,9,7,8.3432,8.9831,2,9
20260916_atletico-madrid_osasuna,2026-27,20260916,2026-09-16,atletico madrid,osasuna,1,4,0,5.1427,0.7179,27,3,11,8,1,0,8.4762,0.6820,3.0000,V,6,13.0000,14,6,11.2891,8.0495,8,4
20260916_atletico-madrid_osasuna,2026-27,20260916,2026-09-16,osasuna,atletico madrid,0,0,4,0.7179,5.1427,3,27,1,0,2,0,12.0357,0.1190,0.0000,D,6,7.0000,5,12,7.9597,10.6216,-7,13
20260916_barcelona_racing,2026-27,20260916,2026-09-16,barcelona,racing,1,7,2,7.4753,1.3840,30,5,9,18,3,0,8.0417,0.8925,3.0000,V,6,18.0000,28,6,25.8391,7.0418,22,1
20260916_barcelona_racing,2026-27,20260916,2026-09-16,racing,barcelona,0,2,7,1.3840,7.4753,5,30,3,0,2,0,28.0000,0.0390,0.0000,D,6,7.0000,11,16,9.0957,13.7633,-5,10
20260916_deportivo_sevilla,2026-27,20260916,2026-09-16,deportivo,sevilla,1,0,1,0.1922,0.8532,4,11,3,4,1,1,8.1071,0.3840,0.0000,D,6,9.0000,9,7,6.4566,9.4505,2,7
20260916_deportivo_sevilla,2026-27,20260916,2026-09-16,sevilla,deportivo,0,1,0,0.8532,0.1922,11,4,6,4,4,0,8.1053,0.3125,3.0000,V,6,13.0000,9,6,6.6466,6.9434,3,5
20260917_betis_getafe,2026-27,20260917,2026-09-17,betis,getafe,1,1,0,2.6091,0.3270,22,8,8,4,0,0,4.3810,0.5696,3.0000,V,6,15.0000,8,6,12.1505,10.8503,2,3
20260917_betis_getafe,2026-27,20260917,2026-09-17,getafe,betis,0,0,1,0.3270,2.6091,8,22,2,3,0,0,9.5405,0.1724,0.0000,D,6,5.0000,3,7,5.1130,10.1340,-4,16
20260917_malaga_villarreal,2026-27,20260917,2026-09-17,malaga,villarreal,1,1,3,0.3614,4.2474,5,16,1,4,0,0,23.9286,0.2648,0.0000,D,6,3.0000,3,11,4.9823,12.8020,-8,19
20260917_malaga_villarreal,2026-27,20260917,2026-09-17,villarreal,malaga,0,3,1,4.2474,0.3614,16,5,7,8,0,0,9.4167,0.4819,3.0000,V,6,5.0000,10,11,15.3244,10.4966,-1,14
20260918_espanyol_elche,2026-27,20260918,2026-09-18,espanyol,elche,1,1,3,1.0774,1.2511,23,9,4,3,2,0,4.2069,0.5237,0.0000,D,7,7.0000,10,10,9.4206,10.2342,0,14
20260918_espanyol_elche,2026-27,20260918,2026-09-18,elche,espanyol,0,3,1,1.2511,1.0774,9,23,6,3,2,1,21.8182,0.2137,3.0000,V,7,5.0000,11,17,9.8288,15.6992,-6,16
20260919_athletic_alaves,2026-27,20260919,2026-09-19,athletic,alaves,1,0,0,1.4615,0.0462,24,2,6,5,2,0,5.5625,0.5777,1.0000,E,6,8.0000,7,6,11.2840,7.6985,1,8
20260919_athletic_alaves,2026-27,20260919,2026-09-19,alaves,athletic,0,0,0,0.0462,1.4615,2,24,0,1,0,0,18.3333,0.1790,1.0000,E,7,11.0000,11,6,10.6511,7.6062,5,6
20260919_celta_racing,2026-27,20260919,2026-09-19,celta,racing,1,5,0,2.2295,0.7199,13,11,9,3,2,0,10.5312,0.5207,3.0000,V,7,7.0000,8,6,7.6100,9.1969,2,13
20260919_celta_racing,2026-27,20260919,2026-09-19,racing,celta,0,0,5,0.7199,2.2295,11,13,5,3,5,0,14.7222,0.2345,0.0000,D,7,7.0000,11,21,9.8156,15.9928,-10,15
20260919_osasuna_rayo-vallecano,2026-27,20260919,2026-09-19,osasuna,rayo vallecano,1,1,1,0.9264,1.3565,10,19,3,4,3,0,11.6000,0.3945,1.0000,E,7,8.0000,6,13,8.8861,11.9780,-7,12
20260919_osasuna_rayo-vallecano,2026-27,20260919,2026-09-19,rayo vallecano,osasuna,0,1,1,1.3565,0.9264,19,10,2,4,2,0,6.3333,0.3154,1.0000,E,7,8.0000,11,16,9.1162,13.0349,-5,11
20260919_sevilla_barcelona,2026-27,20260919,2026-09-19,sevilla,barcelona,1,1,3,0.7584,3.5626,7,24,3,1,1,0,24.5333,0.0792,0.0000,D,7,13.0000,10,9,7.4050,10.5060,1,5
20260919_sevilla_barcelona,2026-27,20260919,2026-09-19,barcelona,sevilla,0,3,1,3.5626,0.7584,24,7,7,3,0,0,7.1500,0.7935,3.0000,V,7,21.0000,31,7,29.4017,7.8002,24,1
20260920_atletico-madrid_madrid,2026-27,20260920,2026-09-20,atletico madrid,madrid,1,2,1,2.4062,0.4208,18,8,9,3,2,0,8.2069,0.2731,3.0000,V,7,16.0000,16,7,13.6953,8.4703,9,2
20260920_atletico-madrid_madrid,2026-27,20260920,2026-09-20,madrid,atletico madrid,0,1,2,0.4208,2.4062,8,18,3,1,2,1,18.1667,0.4804,0.0000,D,7,15.0000,18,8,19.6606,7.7785,10,4
20260920_deportivo_betis,2026-27,20260920,2026-09-20,deportivo,betis,1,1,1,1.9387,1.0025,24,11,7,11,1,0,18.1500,0.2817,1.0000,E,7,10.0000,10,8,8.3953,10.4530,2,7
20260920_deportivo_betis,2026-27,20260920,2026-09-20,betis,deportivo,0,1,1,1.0025,1.9387,11,24,4,5,1,0,12.4545,0.4518,1.0000,E,7,16.0000,9,7,13.1531,12.7890,2,3
20260920_getafe_malaga,2026-27,20260920,2026-09-20,getafe,malaga,1,1,0,1.1880,0.6605,20,11,7,5,4,0,8.5556,0.4621,3.0000,V,7,8.0000,4,7,6.3009,10.7945,-3,10
20260920_getafe_malaga,2026-27,20260920,2026-09-20,malaga,getafe,0,0,1,0.6605,1.1880,11,20,4,9,2,0,9.8333,0.2299,0.0000,D,7,3.0000,3,12,5.6428,13.9900,-9,18
20260920_valencia_sociedad,2026-27,20260920,2026-09-20,valencia,sociedad,1,2,3,1.5276,2.3341,22,21,5,7,2,0,9.4737,0.3492,0.0000,D,7,4.0000,4,13,5.6930,12.6772,-9,17
20260920_valencia_sociedad,2026-27,20260920,2026-09-20,sociedad,valencia,0,3,2,2.3341,1.5276,21,22,6,5,1,1,7.4848,0.3714,3.0000,V,7,10.0000,9,13,9.3579,12.7963,-4,8
20260920_villarreal_levante,2026-27,20260920,2026-09-20,villarreal,levante,1,3,1,4.2857,0.9418,21,6,7,7,1,0,12.0526,0.6276,3.0000,V,7,8.0000,13,12,19.6101,11.4384,1,9
20260920_villarreal_levante,2026-27,20260920,2026-09-20,levante,villarreal,0,1,3,0.9418,4.2857,6,21,1,1,1,0,12.8387,0.1691,0.0000,D,6,5.0000,8,12,9.3121,13.3062,-4,15
