partido_id,fecha_id,fecha,temporada,equipo_local_id,equipo_visitante_id,goles_local,goles_visitante,resultado,tiros_local,tiros_visitante,tiros_puerta_local,tiros_puerta_visitante,corners_local,corners_visitante,faltas_local,faltas_visitante,amarillas_local,amarillas_visitante,rojas_local,rojas_visitante,cuota_local,cuota_empate,cuota_visitante,cuota_mas25,cuota_menos25,handicap_asiatico_local,cuota_ah_local,cuota_ah_visitante,us_game_id,xg_local,xg_visitante,npxg_local,npxg_visitante,ppda_local,ppda_visitante,deep_local,deep_visitante,prob_local,prob_empate,prob_visitante,margen_casa,prob_mas25,mas25_real,gana_favorito
20250815_girona_rayo-vallecano,20250815,2025-08-15,2025-26,girona,rayo vallecano,1,3,A,7,16,2,5,2,4,8,17,0,1,1,0,2.2400,3.2600,3.2600,2.1400,1.6800,-0.2500,1.8400,1.8500,29158,0.7953,3.2536,0.7953,2.5103,24.0000,7.2667,1,4,0.4212,0.2894,0.2894,0.0599,0.4398,1.0000,0.0000
20250815_villarreal_oviedo,20250815,2025-08-15,2025-26,villarreal,oviedo,2,0,H,25,5,10,4,10,1,10,8,1,2,0,1,1.3800,4.7400,8.1100,1.8400,1.9200,-1.2500,1.8100,1.8800,29159,2.6074,0.8558,2.6074,0.1125,8.1429,40.4286,20,0,0.6843,0.1992,0.1164,0.0589,0.5106,0.0000,1.0000
20250816_mallorca_barcelona,20250816,2025-08-16,2025-26,mallorca,barcelona,0,3,A,4,24,1,8,3,6,8,17,4,1,2,0,6.7500,4.7400,1.4300,1.6000,2.2500,1.2500,1.8300,1.8500,29160,0.5292,2.0243,0.5292,2.0243,19.2500,4.0333,2,19,0.1400,0.1993,0.6607,0.0584,0.5844,1.0000,1.0000
20250816_alaves_levante,20250816,2025-08-16,2025-26,alaves,levante,2,1,H,15,7,4,3,10,1,15,13,0,1,0,0,2.1900,3.0400,3.6400,2.5800,1.4700,-0.2500,1.7800,1.9100,29161,1.7231,0.7420,1.7231,0.7420,6.3810,20.0833,2,2,0.4307,0.3102,0.2591,0.0603,0.3630,1.0000,1.0000
20250816_valencia_sociedad,20250816,2025-08-16,2025-26,valencia,sociedad,1,1,D,18,13,2,3,8,7,5,11,1,2,0,0,2.5500,2.8900,3.0700,2.7600,1.4100,0.0000,1.7400,2.0100,29162,1.5860,1.0490,1.5860,1.0490,18.1667,12.1000,9,4,0.3686,0.3252,0.3062,0.0639,0.3381,0.0000,0.0000
20250817_celta_getafe,20250817,2025-08-17,2025-26,celta,getafe,0,2,A,11,10,3,3,9,3,15,17,3,2,0,0,1.7100,3.4800,5.2500,2.3600,1.5400,-0.7500,1.8900,1.8000,29163,0.7442,1.5013,0.7442,1.5013,3.7931,16.2105,11,6,0.5503,0.2704,0.1793,0.0626,0.3949,0.0000,0.0000
20250817_athletic_sevilla,20250817,2025-08-17,2025-26,athletic,sevilla,3,2,H,14,12,3,6,10,1,8,12,0,2,0,0,1.5500,3.9100,6.1700,2.0700,1.7100,-1.0000,1.9100,1.8000,29164,2.6759,0.9016,1.9326,0.9016,20.2667,10.0476,12,4,0.6069,0.2406,0.1525,0.0630,0.4524,1.0000,1.0000
20250817_espanyol_atletico-madrid,20250817,2025-08-17,2025-26,espanyol,atletico madrid,2,1,H,10,15,5,4,1,3,14,11,3,3,0,0,6.2500,3.8600,1.5500,2.1400,1.6600,1.0000,1.7700,1.9400,29165,1.4151,1.2932,1.4151,1.2932,19.6842,13.2222,2,17,0.1503,0.2434,0.6062,0.0642,0.4368,1.0000,0.0000
20250818_elche_betis,20250818,2025-08-18,2025-26,elche,betis,1,1,D,6,12,2,4,1,3,14,13,0,1,0,0,3.3300,3.2700,2.1700,2.0800,1.7000,0.2500,1.8800,1.7600,29166,0.9815,1.5956,0.9815,1.5956,8.2500,21.3158,5,8,0.2815,0.2866,0.4319,0.0669,0.4497,0.0000,0.0000
20250819_madrid_osasuna,20250819,2025-08-19,2025-26,madrid,osasuna,1,0,H,18,2,5,0,7,0,10,12,1,0,0,1,1.2000,6.6600,13.1600,1.4900,2.5600,-2.0000,1.9700,1.7500,29167,1.4294,0.2010,0.6861,0.2010,7.2500,20.8462,9,2,0.7866,0.1417,0.0717,0.0595,0.6321,0.0000,1.0000
20250822_betis_alaves,20250822,2025-08-22,2025-26,betis,alaves,1,0,H,16,11,5,5,5,2,10,17,2,3,0,0,1.8800,3.3800,4.3700,2.2300,1.6200,-0.5000,1.8400,1.9100,29168,2.1399,1.4384,2.1399,1.4384,13.6842,9.7586,8,0,0.5034,0.2800,0.2166,0.0566,0.4208,0.0000,1.0000
20250823_mallorca_celta,20250823,2025-08-23,2025-26,mallorca,celta,1,1,D,12,8,4,2,3,4,12,12,3,3,0,0,2.9400,3.0900,2.5200,2.3400,1.5500,0.0000,2.0200,1.7300,29169,0.6650,0.9174,0.6650,0.9174,17.6471,16.3333,6,2,0.3207,0.3051,0.3742,0.0606,0.3985,0.0000,0.0000
20250823_atletico-madrid_elche,20250823,2025-08-23,2025-26,atletico madrid,elche,1,1,D,13,6,6,2,10,2,14,7,0,3,0,0,1.2400,5.7400,12.9100,1.7600,2.0000,-1.7500,1.9600,1.7400,29170,1.6816,0.3133,1.6816,0.3133,7.9688,15.0556,13,1,0.7622,0.1646,0.0732,0.0581,0.5319,0.0000,0.0000
20250823_levante_barcelona,20250823,2025-08-23,2025-26,levante,barcelona,2,3,A,8,26,5,10,0,11,10,8,3,1,0,0,10.4400,6.5100,1.2400,1.3500,3.0200,1.7500,1.9000,1.7900,29171,2.6881,2.4813,1.9448,2.4813,18.5625,4.3889,4,21,0.0907,0.1455,0.7638,0.0558,0.6911,1.0000,1.0000
20250824_oviedo_madrid,20250824,2025-08-24,2025-26,oviedo,madrid,0,3,A,6,26,3,10,1,9,8,7,2,1,0,0,9.6700,5.2400,1.3000,1.7000,2.0900,1.5000,1.8700,1.8800,29175,0.3375,1.8207,0.3375,1.8207,24.7500,7.8276,6,8,0.0972,0.1794,0.7233,0.0635,0.5515,1.0000,1.0000
20250824_villarreal_girona,20250824,2025-08-24,2025-26,villarreal,girona,5,0,H,19,5,7,2,8,1,8,9,1,2,0,0,1.5200,4.2800,5.6900,1.6400,2.1700,-1.0000,1.8100,1.8900,29173,2.9771,0.1403,2.9771,0.1403,18.4375,13.3478,12,4,0.6164,0.2189,0.1647,0.0673,0.5696,1.0000,1.0000
20250824_osasuna_valencia,20250824,2025-08-24,2025-26,osasuna,valencia,1,0,H,16,4,4,1,3,4,14,13,2,1,0,1,2.3600,3.1100,3.1300,2.3400,1.5500,-0.2500,1.9300,1.7600,29172,0.9468,0.5896,0.9468,0.5896,11.6842,16.4286,7,4,0.3980,0.3020,0.3001,0.0648,0.3985,0.0000,1.0000
20250824_sociedad_espanyol,20250824,2025-08-24,2025-26,sociedad,espanyol,2,2,D,15,14,7,3,5,2,16,18,2,2,0,0,1.8100,3.3900,4.6000,2.2600,1.5900,-0.5000,1.7800,1.9600,29174,1.4337,1.8723,1.4337,1.1291,6.1923,11.6154,5,7,0.5188,0.2770,0.2041,0.0649,0.4130,1.0000,0.0000
20250825_athletic_rayo-vallecano,20250825,2025-08-25,2025-26,athletic,rayo vallecano,1,0,H,11,6,4,1,3,6,13,13,0,4,0,0,1.6900,3.5500,5.1800,2.1800,1.6400,-0.7500,1.8400,1.8300,29176,1.6876,0.4936,0.9443,0.4936,12.8800,10.2778,7,0,0.5548,0.2641,0.1810,0.0665,0.4293,0.0000,1.0000
20250825_sevilla_getafe,20250825,2025-08-25,2025-26,sevilla,getafe,1,2,A,12,9,3,6,5,3,10,24,2,2,0,0,2.2500,2.9900,3.4600,2.5500,1.4800,-0.2500,1.8200,1.8400,29177,0.8331,1.3294,0.8331,1.3294,3.6250,13.1739,4,4,0.4162,0.3132,0.2706,0.0679,0.3672,1.0000,0.0000
20250827_celta_betis,20250827,2025-08-27,2025-26,celta,betis,1,1,D,14,7,5,2,10,4,13,11,1,2,0,0,2.1900,3.4800,3.1700,1.8500,1.9000,-0.2500,1.8400,1.9000,29178,0.9052,0.7145,0.9052,0.7145,19.8667,13.6087,12,3,0.4310,0.2712,0.2978,0.0594,0.5067,0.0000,0.0000
20250829_elche_levante,20250829,2025-08-29,2025-26,elche,levante,2,0,H,16,11,5,1,4,2,14,17,1,2,0,0,2.1700,3.1900,3.5200,2.2400,1.6100,-0.2500,1.7900,1.9500,29179,1.4431,0.9697,1.4431,0.9697,7.3684,18.1667,7,4,0.4354,0.2962,0.2684,0.0584,0.4182,0.0000,1.0000
20250829_valencia_getafe,20250829,2025-08-29,2025-26,valencia,getafe,3,0,H,7,11,4,1,8,6,18,7,2,0,0,0,2.2500,2.9400,3.6300,2.8300,1.4000,-0.2500,1.8500,1.8900,29180,1.5434,0.7574,1.5434,0.7574,9.7333,12.0500,1,2,0.4193,0.3209,0.2599,0.0601,0.3310,1.0000,1.0000
20250830_alaves_atletico-madrid,20250830,2025-08-30,2025-26,alaves,atletico madrid,1,1,D,5,15,2,6,1,6,10,17,2,3,0,0,4.6400,3.5500,1.7800,2.1200,1.6700,0.7500,1.7500,1.9900,29181,0.8551,0.9605,0.1118,0.9605,20.9286,5.5000,3,9,0.2035,0.2660,0.5305,0.0590,0.4406,0.0000,0.0000
20250830_oviedo_sociedad,20250830,2025-08-30,2025-26,oviedo,sociedad,1,0,H,8,18,1,6,1,10,7,18,2,1,0,0,3.4700,3.1000,2.2300,2.4400,1.5200,0.2500,1.9000,1.8000,29182,0.4571,0.9222,0.4571,0.9222,19.3750,9.6400,4,7,0.2721,0.3046,0.4234,0.0592,0.3838,0.0000,0.0000
20250830_girona_sevilla,20250830,2025-08-30,2025-26,girona,sevilla,0,2,A,20,13,5,4,11,3,5,14,0,2,0,0,2.4200,3.2900,2.9400,2.0200,1.7400,0.0000,1.6800,2.0800,29183,2.0091,1.6203,2.0091,1.6203,9.4500,14.2632,9,6,0.3908,0.2875,0.3217,0.0573,0.4628,0.0000,0.0000
20250830_madrid_mallorca,20250830,2025-08-30,2025-26,madrid,mallorca,2,1,H,17,9,7,5,4,5,12,7,2,0,0,0,1.1800,6.9600,14.9700,1.5300,2.3900,-2.0000,1.9400,1.8200,29184,1.8412,0.5499,1.8412,0.5499,9.5652,19.3636,13,3,0.8010,0.1358,0.0631,0.0579,0.6097,1.0000,1.0000
20250831_rayo-vallecano_barcelona,20250831,2025-08-31,2025-26,rayo vallecano,barcelona,1,1,D,12,12,6,3,9,4,16,8,4,1,0,0,6.7400,5.1100,1.3900,1.4100,2.7400,1.2500,1.9700,1.7700,29188,1.8712,2.3577,1.8712,1.6145,8.0312,8.4000,3,4,0.1395,0.1840,0.6765,0.0635,0.6602,0.0000,0.0000
20250831_espanyol_osasuna,20250831,2025-08-31,2025-26,espanyol,osasuna,1,0,H,10,10,4,3,2,3,13,14,2,3,0,0,2.3400,3.1500,3.0900,2.2200,1.6100,-0.2500,1.9300,1.8000,29187,1.3689,1.3817,1.3689,1.3817,14.4500,11.8947,6,7,0.4000,0.2971,0.3029,0.0684,0.4204,0.0000,1.0000
20250831_celta_villarreal,20250831,2025-08-31,2025-26,celta,villarreal,1,1,D,10,8,2,3,1,5,11,8,1,1,0,0,2.7100,3.5300,2.4300,1.6700,2.1200,0.0000,1.9400,1.8000,29185,0.8760,0.9698,0.8760,0.9698,9.7727,21.6316,9,7,0.3469,0.2663,0.3868,0.0638,0.5594,0.0000,0.0000
20250831_betis_athletic,20250831,2025-08-31,2025-26,betis,athletic,1,2,A,9,15,2,6,4,10,9,16,1,4,0,1,2.9500,3.1500,2.4600,2.1700,1.6400,0.2500,1.7300,1.9600,29186,0.7162,1.1114,0.7162,1.1114,10.1154,8.5484,4,6,0.3189,0.2987,0.3824,0.0629,0.4304,1.0000,1.0000
20250912_sevilla_elche,20250912,2025-09-12,2025-26,sevilla,elche,2,2,D,7,5,3,2,2,2,23,19,4,3,0,0,1.8500,3.4000,4.4700,2.1800,1.6600,-0.5000,1.8300,1.9400,29189,0.3464,0.7812,0.3464,0.7812,5.4500,6.3571,5,1,0.5107,0.2779,0.2114,0.0584,0.4323,1.0000,0.0000
20250913_getafe_oviedo,20250913,2025-09-13,2025-26,getafe,oviedo,2,0,H,10,5,3,1,4,3,12,18,2,5,0,1,1.9600,3.0600,4.4500,2.7100,1.4200,-0.5000,1.9300,1.8300,29190,0.9541,0.3698,0.9541,0.3698,8.6296,7.9000,2,1,0.4805,0.3078,0.2117,0.0617,0.3438,0.0000,1.0000
20250913_sociedad_madrid,20250913,2025-09-13,2025-26,sociedad,madrid,1,2,A,23,16,4,6,12,4,17,7,2,1,0,1,5.2500,4.1700,1.5900,1.7300,2.0400,1.0000,1.8000,1.9900,29195,3.1477,2.5417,2.4044,2.5417,8.1053,14.5625,10,6,0.1798,0.2264,0.5938,0.0592,0.5411,1.0000,1.0000
20250913_athletic_alaves,20250913,2025-09-13,2025-26,athletic,alaves,0,1,A,12,4,3,2,6,6,17,21,4,3,0,0,1.5700,3.8300,6.2500,2.2100,1.6200,-1.0000,2.0100,1.7800,29196,0.8667,0.0908,0.8667,0.0908,5.0789,9.7308,5,0,0.6020,0.2468,0.1512,0.0580,0.4230,0.0000,0.0000
20250913_atletico-madrid_villarreal,20250913,2025-09-13,2025-26,atletico madrid,villarreal,2,0,H,8,8,3,1,8,3,12,15,2,4,0,0,1.8100,3.7000,4.2800,1.7000,2.0900,-0.7500,2.0100,1.7700,29193,1.5106,0.6682,1.5106,0.6682,14.2857,21.7647,5,3,0.5230,0.2558,0.2212,0.0564,0.5515,0.0000,1.0000
20250914_celta_girona,20250914,2025-09-14,2025-26,celta,girona,1,1,D,21,13,7,8,10,3,7,9,0,3,0,0,1.6900,3.9700,4.6100,1.7100,2.0700,-0.7500,1.8500,1.9300,29192,1.8028,1.4121,1.0595,1.4121,12.0455,22.4667,11,11,0.5579,0.2375,0.2045,0.0605,0.5476,0.0000,0.0000
20250914_levante_betis,20250914,2025-09-14,2025-26,levante,betis,2,2,D,5,28,2,9,4,12,16,11,3,2,0,0,3.1800,3.2600,2.2500,1.9900,1.7700,0.2500,1.8600,1.8600,29191,1.0243,2.1955,1.0243,2.1955,14.8095,6.8500,6,16,0.2951,0.2878,0.4171,0.0657,0.4707,1.0000,0.0000
20250914_osasuna_rayo-vallecano,20250914,2025-09-14,2025-26,osasuna,rayo vallecano,2,0,H,9,19,7,6,3,6,13,7,3,2,0,0,2.4800,3.1500,2.9100,2.2200,1.6200,0.0000,1.7800,2.0000,29197,1.4012,0.9791,1.4012,0.9791,22.5385,10.9286,0,8,0.3789,0.2983,0.3229,0.0643,0.4219,0.0000,1.0000
20250914_barcelona_valencia,20250914,2025-09-14,2025-26,barcelona,valencia,6,0,H,24,2,10,1,5,4,9,8,0,1,0,0,1.2000,7.0100,11.3800,1.3100,3.2600,-2.0000,1.8800,1.9100,29194,3.4602,0.1250,3.4602,0.1250,6.7000,23.0625,13,1,0.7833,0.1341,0.0826,0.0639,0.7133,1.0000,1.0000
20250915_espanyol_mallorca,20250915,2025-09-15,2025-26,espanyol,mallorca,3,2,H,9,24,3,10,3,9,9,16,2,1,1,0,2.1400,3.2200,3.4600,2.2400,1.6000,-0.2500,1.8300,1.9400,29198,2.6740,2.0318,1.9308,1.2886,20.6154,8.7273,3,3,0.4380,0.2911,0.2709,0.0669,0.4167,1.0000,1.0000
20250919_betis_sociedad,20250919,2025-09-19,2025-26,betis,sociedad,3,1,H,21,11,6,5,3,5,7,20,3,7,0,0,1.9300,3.6000,3.8000,1.7800,1.9900,-0.5000,1.8900,1.8700,29200,2.5358,0.6067,2.5358,0.6067,9.2903,9.8621,10,7,0.4892,0.2623,0.2485,0.0591,0.5279,1.0000,1.0000
20250920_valencia_athletic,20250920,2025-09-20,2025-26,valencia,athletic,2,0,H,13,11,5,5,5,6,13,6,1,1,0,1,3.0200,3.0700,2.4800,2.3500,1.5500,0.0000,2.0500,1.7200,29203,2.0101,0.4992,2.0101,0.4992,13.0000,11.6842,5,3,0.3124,0.3073,0.3804,0.0601,0.3974,0.0000,0.0000
20250920_villarreal_osasuna,20250920,2025-09-20,2025-26,villarreal,osasuna,2,1,H,26,6,8,3,7,0,10,11,2,3,0,1,1.5500,4.2000,5.7600,1.7500,2.0100,-1.0000,1.9200,1.8500,29207,3.5640,1.9560,3.5640,1.2127,6.5833,23.4545,13,5,0.6104,0.2253,0.1643,0.0569,0.5346,1.0000,1.0000
20250920_girona_levante,20250920,2025-09-20,2025-26,girona,levante,0,4,A,7,14,1,7,5,4,11,17,4,3,2,0,1.9300,3.5100,3.9500,1.8700,1.8700,-0.5000,1.8800,1.8700,29202,0.4239,4.5018,0.4239,4.5018,35.0000,8.8636,4,10,0.4906,0.2697,0.2397,0.0562,0.5000,1.0000,0.0000
20250920_madrid_espanyol,20250920,2025-09-20,2025-26,madrid,espanyol,2,0,H,16,8,5,1,5,3,10,20,2,0,0,0,1.2000,6.6700,13.3600,1.3800,2.9100,-2.0000,1.8800,1.9000,29206,2.0614,0.9694,2.0614,0.9694,7.5217,15.2414,8,2,0.7876,0.1417,0.0707,0.0581,0.6783,0.0000,1.0000
20250920_alaves_sevilla,20250920,2025-09-20,2025-26,alaves,sevilla,1,2,A,8,9,5,3,4,4,20,19,1,7,0,0,2.3000,3.1100,3.2900,2.3800,1.5400,-0.2500,1.9200,1.8500,29208,0.9103,0.8920,0.1670,0.8920,7.9688,7.8400,4,4,0.4101,0.3033,0.2867,0.0603,0.3929,1.0000,0.0000
20250921_barcelona_getafe,20250921,2025-09-21,2025-26,barcelona,getafe,3,0,H,16,3,7,2,3,2,9,15,2,4,0,0,1.2200,6.2700,11.8900,1.5300,2.4100,-1.7500,1.8200,1.9500,29199,2.9643,0.2159,2.9643,0.2159,8.8235,14.5185,8,0,0.7709,0.1500,0.0791,0.0633,0.6117,1.0000,1.0000
20250921_rayo-vallecano_celta,20250921,2025-09-21,2025-26,rayo vallecano,celta,1,1,D,15,9,5,5,5,7,8,10,1,1,0,0,2.3100,3.2300,3.0900,2.0200,1.7400,-0.2500,1.9500,1.8200,29205,1.3145,1.2817,1.3145,1.2817,12.4118,20.4286,7,10,0.4061,0.2904,0.3036,0.0661,0.4628,0.0000,0.0000
20250921_mallorca_atletico-madrid,20250921,2025-09-21,2025-26,mallorca,atletico madrid,1,1,D,8,12,3,7,3,6,14,6,0,0,0,1,5.0500,3.5100,1.7200,2.1500,1.6600,0.7500,1.8500,1.9200,29204,0.5309,2.0877,0.5309,1.3444,14.3889,22.4444,4,9,0.1861,0.2677,0.5463,0.0643,0.4357,0.0000,0.0000
20250921_elche_oviedo,20250921,2025-09-21,2025-26,elche,oviedo,1,0,H,15,12,5,4,3,3,9,18,2,2,0,0,1.9300,3.1400,4.3000,2.5500,1.4800,-0.5000,1.9000,1.8600,29201,1.5750,1.1057,1.5750,1.1057,10.7368,16.6667,7,3,0.4846,0.2979,0.2175,0.0692,0.3672,0.0000,1.0000
20250923_levante_madrid,20250923,2025-09-23,2025-26,levante,madrid,1,4,A,11,24,2,10,1,7,17,9,1,1,0,0,8.2900,5.6900,1.3100,1.4300,2.7300,1.5000,1.9200,1.8400,29210,1.7012,4.0632,1.7012,3.3199,14.2143,15.3158,5,15,0.1138,0.1658,0.7203,0.0597,0.6562,1.0000,1.0000
20250923_sevilla_villarreal,20250923,2025-09-23,2025-26,sevilla,villarreal,1,2,A,16,12,2,5,3,3,17,14,2,3,0,0,3.0700,3.2900,2.3200,1.9400,1.8200,0.2500,1.8100,1.9200,29211,0.8362,2.4052,0.8362,2.4052,5.6129,10.6471,9,6,0.3071,0.2866,0.4064,0.0607,0.4840,1.0000,1.0000
20250923_athletic_girona,20250923,2025-09-23,2025-26,athletic,girona,1,1,D,17,6,5,3,8,1,19,15,0,2,0,0,1.4400,4.3900,7.2300,1.8100,1.9500,-1.2500,1.9800,1.8000,29217,2.0263,0.8566,2.0263,0.8566,4.8108,26.2500,8,3,0.6548,0.2148,0.1304,0.0605,0.5186,0.0000,0.0000
20250923_espanyol_valencia,20250923,2025-09-23,2025-26,espanyol,valencia,2,2,D,21,5,10,2,8,3,9,9,1,4,0,0,2.2600,3.1800,3.3000,2.2100,1.6400,-0.2500,1.9100,1.8700,29209,3.3131,1.0078,3.3131,1.0078,11.0000,10.8261,14,0,0.4174,0.2967,0.2859,0.0600,0.4260,1.0000,0.0000
20250924_sociedad_mallorca,20250924,2025-09-24,2025-26,sociedad,mallorca,1,0,H,17,7,4,3,11,2,13,15,2,2,0,0,1.7900,3.4900,4.6900,2.1100,1.6800,-0.7500,1.9800,1.7800,29215,2.8286,0.6411,2.8286,0.6411,6.5200,14.2500,11,1,0.5278,0.2707,0.2015,0.0584,0.4433,0.0000,1.0000
20250924_atletico-madrid_rayo-vallecano,20250924,2025-09-24,2025-26,atletico madrid,rayo vallecano,3,2,H,20,9,8,3,8,6,6,12,3,4,0,0,1.5000,4.2500,6.3100,1.8300,1.9200,-1.0000,1.8200,1.9500,29216,4.9502,1.6199,4.9502,1.6199,9.5833,14.4762,12,2,0.6287,0.2219,0.1494,0.0604,0.5120,1.0000,1.0000
20250924_getafe_alaves,20250924,2025-09-24,2025-26,getafe,alaves,1,1,D,7,10,1,4,2,7,14,20,2,3,0,0,2.3000,2.8700,3.6000,3.2100,1.3200,-0.2500,1.9300,1.8500,29212,0.5762,1.2118,0.5762,1.2118,7.6000,4.6000,2,2,0.4098,0.3284,0.2618,0.0610,0.2914,0.0000,0.0000
20250925_osasuna_elche,20250925,2025-09-25,2025-26,osasuna,elche,1,1,D,9,12,2,4,2,3,19,13,2,2,0,0,1.9700,3.1200,4.2100,2.2800,1.5800,-0.5000,1.9500,1.8100,29214,1.1752,1.0509,1.1752,1.0509,10.3333,10.2632,2,2,0.4763,0.3008,0.2229,0.0657,0.4093,0.0000,0.0000
20250925_oviedo_barcelona,20250925,2025-09-25,2025-26,oviedo,barcelona,1,3,A,7,22,3,10,6,9,10,6,1,0,0,0,9.6800,6.1900,1.2500,1.4000,2.7800,1.7500,1.8900,1.8900,29213,1.4501,2.0700,1.4501,2.0700,34.8000,4.5000,4,22,0.0970,0.1517,0.7513,0.0649,0.6651,1.0000,1.0000
20250926_girona_espanyol,20250926,2025-09-26,2025-26,girona,espanyol,0,0,D,12,20,3,5,8,4,9,11,0,1,0,0,2.4400,3.3100,2.8700,1.9600,1.8100,-0.2500,2.0700,1.7200,29227,1.0766,0.9491,1.0766,0.9491,12.0625,9.8438,9,1,0.3865,0.2849,0.3286,0.0604,0.4801,0.0000,0.0000
20250927_getafe_levante,20250927,2025-09-27,2025-26,getafe,levante,1,1,D,11,11,4,3,6,2,15,16,4,3,0,0,2.0500,3.1300,3.9500,2.4400,1.5200,-0.5000,2.0200,1.7600,29222,0.8310,1.2783,0.8310,1.2783,5.2609,5.7308,3,2,0.4600,0.3013,0.2387,0.0605,0.3838,0.0000,0.0000
20250927_atletico-madrid_madrid,20250927,2025-09-27,2025-26,atletico madrid,madrid,5,2,H,13,6,7,2,7,2,17,14,5,4,0,0,2.9400,3.5300,2.2900,1.6600,2.1400,0.2500,1.8200,1.9000,29219,2.7908,1.0280,2.0475,1.0280,14.3500,9.4706,8,5,0.3209,0.2672,0.4119,0.0601,0.5632,1.0000,0.0000
20250927_mallorca_alaves,20250927,2025-09-27,2025-26,mallorca,alaves,1,0,H,12,12,3,3,4,8,14,18,2,3,0,0,2.3300,2.9700,3.4000,2.7400,1.4200,-0.2500,1.9300,1.8300,29224,1.0427,0.5664,1.0427,0.5664,11.4545,5.8966,4,6,0.4049,0.3176,0.2775,0.0600,0.3413,0.0000,1.0000
20250927_villarreal_athletic,20250927,2025-09-27,2025-26,villarreal,athletic,1,0,H,14,16,5,4,6,5,13,11,2,0,0,0,2.0800,3.3000,3.6400,1.9200,1.8300,-0.2500,1.7500,2.0200,29225,1.8640,1.5629,1.8640,1.5629,16.6875,9.2727,7,5,0.4542,0.2863,0.2595,0.0585,0.4880,0.0000,1.0000
20250928_rayo-vallecano_sevilla,20250928,2025-09-28,2025-26,rayo vallecano,sevilla,0,1,A,18,4,6,1,12,4,12,15,3,2,1,0,2.0000,3.2800,3.8000,2.1000,1.6900,-0.5000,1.9700,1.7900,29223,1.8909,0.5796,1.8909,0.5796,10.2000,14.3810,8,6,0.4681,0.2855,0.2464,0.0680,0.4459,0.0000,0.0000
20250928_elche_celta,20250928,2025-09-28,2025-26,elche,celta,2,1,H,17,8,8,2,7,2,12,20,3,3,0,0,2.7800,3.1400,2.5700,2.1700,1.6400,0.0000,1.9400,1.8100,29226,4.0360,0.8218,3.2928,0.8218,10.6500,11.5600,6,5,0.3370,0.2984,0.3646,0.0673,0.4304,1.0000,0.0000
20250928_barcelona_sociedad,20250928,2025-09-28,2025-26,barcelona,sociedad,2,1,H,22,7,12,2,12,1,6,12,1,2,0,0,1.2700,5.8800,9.6100,1.3100,3.2600,-1.7500,1.8400,1.9200,29220,3.0095,0.9571,3.0095,0.9571,8.5882,26.3846,19,5,0.7418,0.1602,0.0980,0.0615,0.7133,1.0000,1.0000
20250928_betis_osasuna,20250928,2025-09-28,2025-26,betis,osasuna,2,0,H,12,12,6,1,5,5,6,7,0,1,0,0,1.7500,3.6800,4.5000,1.8800,1.8600,-0.7500,1.9400,1.8300,29221,1.1896,0.5785,1.1896,0.5785,16.5000,26.4167,7,5,0.5364,0.2551,0.2086,0.0654,0.4973,0.0000,1.0000
20250930_valencia_oviedo,20250930,2025-09-30,2025-26,valencia,oviedo,1,2,A,16,10,5,4,5,4,14,12,1,4,0,1,1.6800,3.6400,5.1100,2.0900,1.6900,-0.7500,1.8900,1.8800,29218,1.7226,0.9971,0.9793,0.9971,10.3636,11.0333,6,10,0.5586,0.2578,0.1836,0.0657,0.4471,1.0000,0.0000
20251003_osasuna_getafe,20251003,2025-10-03,2025-26,osasuna,getafe,2,1,H,7,6,3,2,1,6,11,14,1,4,0,0,2.1500,2.8600,4.1000,3.1500,1.3400,-0.2500,1.7800,2.0100,29235,0.6920,0.8565,0.6920,0.8565,12.9000,11.3333,0,3,0.4393,0.3303,0.2304,0.0587,0.2984,1.0000,1.0000
20251004_oviedo_levante,20251004,2025-10-04,2025-26,oviedo,levante,0,2,A,13,14,2,5,9,3,10,10,2,2,0,0,2.4800,3.2600,2.8600,2.1900,1.6400,0.0000,1.7700,2.0100,29236,1.0855,1.6212,1.0855,1.6212,17.4167,14.9091,6,11,0.3805,0.2895,0.3300,0.0596,0.4282,0.0000,0.0000
20251004_girona_valencia,20251004,2025-10-04,2025-26,girona,valencia,2,1,H,4,19,4,6,0,7,13,12,5,1,2,0,2.4300,3.3700,2.8400,1.9200,1.8300,0.0000,1.7500,2.0100,29230,1.1642,2.2281,1.1642,2.2281,12.8421,13.0556,1,5,0.3881,0.2798,0.3321,0.0604,0.4880,1.0000,1.0000
20251004_athletic_mallorca,20251004,2025-10-04,2025-26,athletic,mallorca,2,1,H,18,7,5,2,7,2,16,13,5,6,0,1,1.5200,3.9200,6.8000,2.1700,1.6400,-1.0000,1.9100,1.8600,29229,1.7335,0.2138,0.9902,0.2138,9.7857,16.0000,3,2,0.6206,0.2406,0.1387,0.0601,0.4304,1.0000,1.0000
20251004_madrid_villarreal,20251004,2025-10-04,2025-26,madrid,villarreal,3,1,H,26,9,7,2,4,0,9,14,2,4,0,1,1.4400,4.9800,6.1000,1.3900,2.8700,-1.2500,1.8800,1.8800,29231,4.3234,0.9566,3.5801,0.9566,5.8276,23.3333,13,1,0.6556,0.1896,0.1548,0.0592,0.6737,1.0000,1.0000
20251005_alaves_elche,20251005,2025-10-05,2025-26,alaves,elche,3,1,H,25,6,5,3,14,4,13,9,3,1,0,1,2.3400,3.0100,3.2600,2.6100,1.4600,-0.2500,1.9600,1.8200,29228,2.8506,0.6615,2.1073,0.6615,8.4333,12.7500,6,4,0.4008,0.3116,0.2877,0.0663,0.3587,1.0000,1.0000
20251005_sevilla_barcelona,20251005,2025-10-05,2025-26,sevilla,barcelona,4,1,H,13,17,5,8,7,6,18,9,7,5,0,0,5.8400,4.9700,1.4500,1.3900,2.8400,1.2500,1.8500,1.9100,29233,2.8941,2.4823,2.1509,1.7390,9.4800,7.4762,5,10,0.1612,0.1894,0.6493,0.0621,0.6714,1.0000,0.0000
20251005_espanyol_betis,20251005,2025-10-05,2025-26,espanyol,betis,1,2,A,14,12,5,3,10,5,16,4,2,6,0,0,2.5700,3.3800,2.6300,1.7900,1.9600,0.0000,1.8600,1.9000,29234,2.0699,1.4372,1.3266,1.4372,14.2222,23.9091,6,5,0.3653,0.2778,0.3570,0.0652,0.5227,1.0000,0.0000
20251005_sociedad_rayo-vallecano,20251005,2025-10-05,2025-26,sociedad,rayo vallecano,0,1,A,10,7,3,2,7,5,13,21,1,2,0,0,2.0400,3.3400,3.5900,2.0900,1.6900,-0.5000,1.9900,1.7700,29237,0.7690,0.6845,0.7690,0.6845,13.1000,9.1111,6,2,0.4589,0.2803,0.2608,0.0681,0.4471,0.0000,0.0000
20251005_celta_atletico-madrid,20251005,2025-10-05,2025-26,celta,atletico madrid,1,1,D,18,6,4,1,6,3,7,10,1,3,0,1,4.3400,3.7400,1.7700,1.7900,1.9600,0.7500,1.8000,1.9700,29232,2.2729,0.7108,2.2729,0.7108,12.0417,19.6250,12,3,0.2168,0.2516,0.5316,0.0628,0.5227,0.0000,0.0000
20251017_oviedo_espanyol,20251017,2025-10-17,2025-26,oviedo,espanyol,0,2,A,13,19,4,10,3,5,9,8,2,1,0,0,2.9800,3.0200,2.5300,2.5100,1.5000,0.0000,2.0400,1.7400,29246,1.2115,4.4626,1.2115,4.4626,7.5714,16.7143,9,9,0.3160,0.3118,0.3722,0.0620,0.3741,0.0000,1.0000
20251018_villarreal_betis,20251018,2025-10-18,2025-26,villarreal,betis,2,2,D,7,16,3,3,5,6,13,10,1,1,0,0,1.8800,3.7300,3.8700,1.6500,2.1600,-0.5000,1.8400,1.9300,29245,0.9806,0.8955,0.9806,0.8955,19.8235,11.3158,5,12,0.5026,0.2533,0.2441,0.0584,0.5669,1.0000,0.0000
20251018_atletico-madrid_osasuna,20251018,2025-10-18,2025-26,atletico madrid,osasuna,1,0,H,18,9,9,2,4,2,10,11,1,3,0,0,1.3700,4.6800,8.7200,1.8400,1.9000,-1.2500,1.8300,1.9500,29239,2.2441,0.9815,2.2441,0.9815,9.8095,13.9048,14,7,0.6897,0.2019,0.1084,0.0583,0.5080,0.0000,1.0000
20251018_sevilla_mallorca,20251018,2025-10-18,2025-26,sevilla,mallorca,1,3,A,13,7,4,6,9,2,16,13,2,1,0,0,1.8500,3.3900,4.4600,2.1700,1.6400,-0.5000,1.8200,1.9400,29247,1.2588,1.9555,1.2588,1.9555,6.6087,11.0000,4,2,0.5101,0.2784,0.2116,0.0597,0.4304,1.0000,0.0000
20251018_barcelona_girona,20251018,2025-10-18,2025-26,barcelona,girona,2,1,H,27,11,9,4,11,5,10,7,1,2,0,0,1.1900,7.3900,12.1600,1.2400,3.7700,-2.0000,1.7800,1.9900,29240,2.4196,1.6938,2.4196,1.6938,8.0000,40.5000,15,7,0.7944,0.1279,0.0777,0.0579,0.7525,1.0000,1.0000
20251019_elche_athletic,20251019,2025-10-19,2025-26,elche,athletic,0,0,D,15,4,5,1,6,2,14,20,2,3,0,0,3.5800,3.2000,2.1200,2.2900,1.5800,0.2500,1.9600,1.7500,29244,0.8239,0.2402,0.8239,0.2402,7.2632,12.6429,7,6,0.2626,0.2938,0.4435,0.0635,0.4083,0.0000,0.0000
20251019_celta_sociedad,20251019,2025-10-19,2025-26,celta,sociedad,1,1,D,4,17,1,7,1,10,10,20,4,3,1,0,2.1000,3.3300,3.4600,1.9200,1.8300,-0.2500,1.8000,1.9700,29241,0.7174,2.1356,0.7174,2.1356,30.6250,7.1212,2,10,0.4469,0.2818,0.2712,0.0655,0.4880,0.0000,0.0000
20251019_levante_rayo-vallecano,20251019,2025-10-19,2025-26,levante,rayo vallecano,0,3,A,17,10,4,5,11,4,6,18,0,1,0,0,2.7500,3.3300,2.5000,1.9100,1.8300,0.0000,1.9700,1.7900,29243,0.9405,2.5312,0.9405,2.5312,11.9500,9.0000,8,5,0.3418,0.2823,0.3760,0.0639,0.4893,1.0000,1.0000
20251019_getafe_madrid,20251019,2025-10-19,2025-26,getafe,madrid,0,1,A,7,23,1,10,1,4,27,11,4,1,2,0,7.6300,4.3800,1.4200,1.9000,1.8400,1.2500,1.8000,1.9600,29242,0.5301,2.1460,0.5301,2.1460,9.9394,4.2105,1,13,0.1232,0.2147,0.6621,0.0636,0.4920,0.0000,1.0000
20251020_alaves_valencia,20251020,2025-10-20,2025-26,alaves,valencia,0,0,D,13,5,3,2,7,0,13,20,1,2,0,0,2.2500,3.0600,3.4000,2.3900,1.5400,-0.2500,1.9000,1.8700,29238,1.0562,0.3181,1.0562,0.3181,6.6818,15.8824,8,3,0.4172,0.3067,0.2761,0.0654,0.3919,0.0000,0.0000
20251024_sociedad_sevilla,20251024,2025-10-24,2025-26,sociedad,sevilla,2,1,H,5,6,3,1,1,9,19,14,1,3,0,0,1.9900,3.4200,3.8100,1.9300,1.8300,-0.5000,1.9500,1.8100,29250,1.6438,0.2471,0.9005,0.2471,6.2895,8.0000,3,5,0.4752,0.2765,0.2482,0.0574,0.4867,1.0000,1.0000
20251025_girona_oviedo,20251025,2025-10-25,2025-26,girona,oviedo,3,3,D,8,10,6,5,11,4,13,16,4,3,0,0,1.8000,3.5200,4.6000,1.9900,1.7700,-0.7500,1.9800,1.7900,29249,2.2413,2.2241,0.7548,1.4808,7.2800,13.9167,5,1,0.5256,0.2688,0.2057,0.0570,0.4707,1.0000,0.0000
20251025_espanyol_elche,20251025,2025-10-25,2025-26,espanyol,elche,1,0,H,16,13,7,4,4,2,14,15,4,2,0,0,1.9700,3.3400,3.9100,2.0700,1.7100,-0.5000,1.9400,1.8100,29256,1.7034,1.1141,1.7034,1.1141,13.3704,7.1500,8,5,0.4776,0.2817,0.2406,0.0628,0.4524,0.0000,1.0000
20251025_athletic_getafe,20251025,2025-10-25,2025-26,athletic,getafe,0,1,A,7,8,4,3,1,5,15,14,1,3,0,0,1.6500,3.4900,6.0800,2.6200,1.4500,-0.7500,1.8300,1.9400,29248,0.3585,1.0038,0.3585,1.0038,5.9000,8.8667,3,3,0.5733,0.2711,0.1556,0.0571,0.3563,0.0000,0.0000
20251025_valencia_villarreal,20251025,2025-10-25,2025-26,valencia,villarreal,0,2,A,15,12,3,5,7,5,13,14,2,4,0,0,3.1900,3.4700,2.1800,1.8000,1.9400,0.2500,1.9000,1.8200,29251,0.6414,2.6239,0.6414,1.8806,10.3846,14.5417,4,12,0.2956,0.2718,0.4326,0.0604,0.5187,0.0000,1.0000
20251026_rayo-vallecano_alaves,20251026,2025-10-26,2025-26,rayo vallecano,alaves,1,0,H,15,12,5,2,7,5,13,11,1,3,0,0,2.0800,3.0600,3.8800,2.5300,1.4800,-0.2500,1.7600,2.0100,29252,1.5497,1.4147,1.5497,1.4147,5.7419,10.1818,7,3,0.4513,0.3068,0.2419,0.0653,0.3691,0.0000,1.0000
20251026_osasuna_celta,20251026,2025-10-26,2025-26,osasuna,celta,2,3,A,17,11,7,5,6,2,10,13,3,4,0,0,2.3600,3.1700,3.0800,2.1600,1.6500,-0.2500,1.9800,1.7900,29255,2.3180,1.5405,0.8314,1.5405,9.3913,18.0667,10,1,0.3983,0.2965,0.3052,0.0639,0.4331,1.0000,0.0000
20251026_mallorca_levante,20251026,2025-10-26,2025-26,mallorca,levante,1,1,D,20,13,4,5,5,4,8,13,3,2,0,0,2.1000,3.2600,3.5800,2.1200,1.6700,-0.5000,2.0500,1.7200,29257,1.8698,2.3579,1.8698,2.3579,7.0435,11.3704,8,8,0.4483,0.2888,0.2630,0.0623,0.4406,0.0000,0.0000
20251026_madrid_barcelona,20251026,2025-10-26,2025-26,madrid,barcelona,2,1,H,23,15,10,6,12,4,12,9,5,5,1,1,1.9900,4.0700,3.1600,1.2800,3.4300,-0.5000,1.9600,1.8100,29254,3.4132,1.1243,2.6699,1.1243,15.7727,8.3889,6,8,0.4720,0.2308,0.2972,0.0647,0.7282,1.0000,1.0000
20251027_betis_atletico-madrid,20251027,2025-10-27,2025-26,betis,atletico madrid,0,2,A,17,9,5,4,2,5,9,18,2,1,0,0,3.1000,3.5200,2.1700,1.7900,1.9500,0.2500,1.9000,1.8200,29253,1.3379,0.8766,1.3379,0.8766,11.5000,12.5789,7,6,0.3022,0.2661,0.4317,0.0675,0.5214,0.0000,1.0000
20251031_getafe_girona,20251031,2025-10-31,2025-26,getafe,girona,2,1,H,12,8,4,4,8,3,17,15,1,1,0,0,2.1500,2.9500,3.9100,2.6400,1.4600,-0.2500,1.7900,1.9900,29262,1.4021,1.5437,1.4021,0.8004,6.4167,4.0435,0,2,0.4388,0.3198,0.2413,0.0599,0.3561,1.0000,1.0000
20251101_villarreal_rayo-vallecano,20251101,2025-11-01,2025-26,villarreal,rayo vallecano,4,0,H,16,13,7,3,3,5,7,11,1,1,0,0,1.6900,3.8500,4.8000,1.7100,2.0600,-0.7500,1.8800,1.8900,29267,2.7136,1.0863,2.7136,1.0863,18.4000,11.5833,12,6,0.5583,0.2451,0.1966,0.0598,0.5464,1.0000,1.0000
20251101_atletico-madrid_sevilla,20251101,2025-11-01,2025-26,atletico madrid,sevilla,3,0,H,15,10,6,2,9,4,9,12,0,3,0,0,1.3200,5.3000,8.7800,1.5800,2.2800,-1.5000,1.9100,1.8600,29259,2.9863,0.3769,2.2431,0.3769,14.3333,12.4545,13,2,0.7146,0.1780,0.1074,0.0602,0.5907,1.0000,1.0000
20251101_sociedad_athletic,20251101,2025-11-01,2025-26,sociedad,athletic,3,2,H,9,11,5,4,6,2,20,8,2,3,0,0,2.7400,2.9800,2.7700,2.3900,1.5300,0.0000,1.8500,1.9100,29264,1.8412,1.1311,1.8412,1.1311,8.1739,11.2778,4,7,0.3438,0.3161,0.3401,0.0615,0.3903,1.0000,1.0000
20251101_madrid_valencia,20251101,2025-11-01,2025-26,madrid,valencia,4,0,H,21,4,11,1,7,1,14,7,1,1,0,0,1.1700,7.5800,14.2800,1.3400,3.0700,-2.2500,1.9800,1.7900,29263,2.8996,0.2922,1.3004,0.2922,6.1282,25.5000,14,2,0.8089,0.1249,0.0663,0.0567,0.6961,1.0000,1.0000
20251102_levante_celta,20251102,2025-11-02,2025-26,levante,celta,1,2,A,9,20,3,6,4,4,10,12,2,3,1,0,2.8100,3.3500,2.4300,1.7800,1.9600,0.0000,2.0300,1.7400,29265,1.2365,1.9247,0.3843,1.9247,19.8125,6.8000,3,20,0.3339,0.2801,0.3861,0.0659,0.5241,1.0000,1.0000
20251102_alaves_espanyol,20251102,2025-11-02,2025-26,alaves,espanyol,2,1,H,13,18,4,2,1,6,14,12,4,2,1,0,2.3800,3.0100,3.2400,2.4800,1.5000,-0.2500,1.9900,1.7900,29258,2.1804,1.0428,2.1804,1.0428,8.0870,9.8889,3,9,0.3960,0.3131,0.2909,0.0610,0.3769,1.0000,1.0000
20251102_barcelona_elche,20251102,2025-11-02,2025-26,barcelona,elche,3,1,H,17,9,5,3,6,3,12,16,0,1,0,0,1.2100,6.4600,12.2200,1.3300,3.1400,-2.0000,1.8800,1.9000,29260,2.8073,0.5491,2.8073,0.5491,9.4000,8.6071,8,4,0.7774,0.1456,0.0770,0.0631,0.7025,1.0000,1.0000
20251102_betis_mallorca,20251102,2025-11-02,2025-26,betis,mallorca,3,0,H,15,14,8,1,4,5,9,8,0,3,0,0,1.5800,4.0200,5.4200,1.8500,1.9000,-1.0000,1.9700,1.8000,29261,2.8213,0.7499,2.8213,0.7499,12.2174,15.8571,8,3,0.5936,0.2333,0.1731,0.0662,0.5067,1.0000,1.0000
20251103_oviedo_osasuna,20251103,2025-11-03,2025-26,oviedo,osasuna,0,0,D,8,11,2,5,4,2,17,17,3,1,0,0,2.9500,3.0100,2.5200,2.4000,1.5300,0.0000,2.0300,1.7400,29266,0.7175,0.6263,0.7175,0.6263,10.5238,8.8667,7,4,0.3174,0.3111,0.3715,0.0680,0.3893,0.0000,0.0000
20251107_elche_sociedad,20251107,2025-11-07,2025-26,elche,sociedad,1,1,D,12,13,3,5,1,3,14,15,1,3,0,0,2.7100,3.1300,2.7000,2.1800,1.6500,0.0000,1.8900,1.8800,29270,0.8083,1.4722,0.8083,0.7289,10.6250,11.0000,8,4,0.3485,0.3017,0.3498,0.0589,0.4308,0.0000,0.0000
20251108_espanyol_villarreal,20251108,2025-11-08,2025-26,espanyol,villarreal,0,2,A,14,9,3,3,4,2,9,9,0,2,0,0,2.8200,3.5400,2.3700,1.7300,2.0300,0.2500,1.7500,1.9700,29271,0.4762,1.4712,0.4762,1.4712,13.7692,30.0833,5,6,0.3348,0.2667,0.3984,0.0590,0.5399,0.0000,1.0000
20251108_atletico-madrid_levante,20251108,2025-11-08,2025-26,atletico madrid,levante,3,1,H,25,6,10,3,21,4,5,6,3,1,0,0,1.2100,6.5300,12.2800,1.4500,2.6200,-2.0000,2.0200,1.7600,29269,3.0360,1.2911,3.0360,1.2911,5.4737,31.9000,18,3,0.7789,0.1443,0.0768,0.0610,0.6437,1.0000,1.0000
20251108_girona_alaves,20251108,2025-11-08,2025-26,girona,alaves,1,0,H,10,14,2,5,6,1,9,15,0,3,0,0,2.4100,3.1600,3.0500,2.2700,1.6000,-0.2500,2.0400,1.7500,29273,1.2636,2.0077,1.2636,2.0077,12.9545,13.7727,1,7,0.3917,0.2988,0.3095,0.0593,0.4134,0.0000,1.0000
20251108_sevilla_osasuna,20251108,2025-11-08,2025-26,sevilla,osasuna,1,0,H,10,9,4,3,5,6,21,13,5,3,0,0,2.1600,3.2100,3.5200,2.2200,1.6200,-0.2500,1.8400,1.9400,29277,1.2227,0.9674,0.4794,0.9674,7.4400,7.3200,5,6,0.4373,0.2943,0.2684,0.0586,0.4219,0.0000,1.0000
20251109_athletic_oviedo,20251109,2025-11-09,2025-26,athletic,oviedo,1,0,H,21,5,7,2,7,4,12,8,1,1,0,0,1.4800,3.9000,7.5300,2.1600,1.6500,-1.0000,1.8400,1.9300,29268,2.6522,0.1827,2.6522,0.1827,10.1935,13.5556,10,4,0.6345,0.2408,0.1247,0.0649,0.4331,0.0000,1.0000
20251109_rayo-vallecano_madrid,20251109,2025-11-09,2025-26,rayo vallecano,madrid,0,0,D,13,21,2,5,5,8,17,7,3,2,0,0,5.9300,4.6400,1.4700,1.5700,2.3000,1.2500,1.7700,2.0000,29272,1.6064,0.8415,1.6064,0.8415,10.0000,13.5625,9,8,0.1584,0.2025,0.6391,0.0644,0.5943,0.0000,0.0000
20251109_mallorca_getafe,20251109,2025-11-09,2025-26,mallorca,getafe,1,0,H,6,14,4,3,1,14,15,8,0,2,0,0,2.4700,2.8400,3.2500,2.9600,1.3600,-0.2500,2.0500,1.7300,29276,1.3035,0.5397,1.3035,0.5397,9.1579,6.4000,2,3,0.3803,0.3307,0.2890,0.0647,0.3148,0.0000,1.0000
20251109_valencia_betis,20251109,2025-11-09,2025-26,valencia,betis,1,1,D,17,9,4,2,7,2,13,10,3,3,0,0,3.1700,3.3600,2.2200,1.8700,1.8800,0.2500,1.8700,1.8500,29275,1.9515,1.5893,1.9515,1.5893,16.1053,9.5385,4,7,0.2966,0.2798,0.4235,0.0635,0.5013,0.0000,0.0000
20251109_celta_barcelona,20251109,2025-11-09,2025-26,celta,barcelona,2,4,A,5,21,3,9,2,5,13,10,1,5,0,1,4.5900,4.2900,1.6300,1.4000,2.7900,1.0000,1.7700,2.0000,29274,0.5123,3.4294,0.5123,2.6861,14.9545,11.1600,4,8,0.2047,0.2190,0.5763,0.0645,0.6659,1.0000,1.0000
20251121_valencia_levante,20251121,2025-11-21,2025-26,valencia,levante,1,0,H,14,8,3,1,7,0,16,15,4,3,0,0,2.0000,3.5300,3.6600,1.8400,1.9200,-0.5000,1.9600,1.8100,29286,1.6504,0.6743,1.6504,0.6743,9.3043,10.9643,7,5,0.4733,0.2681,0.2586,0.0565,0.5106,0.0000,1.0000
20251122_alaves_celta,20251122,2025-11-22,2025-26,alaves,celta,0,1,A,5,7,2,4,4,2,21,15,2,2,0,0,2.5600,3.0400,2.9400,2.2900,1.5800,0.0000,1.7500,2.0100,29278,0.3056,1.3235,0.3056,0.5802,9.4333,9.4062,0,5,0.3686,0.3104,0.3210,0.0597,0.4083,0.0000,0.0000
20251122_barcelona_athletic,20251122,2025-11-22,2025-26,barcelona,athletic,4,0,H,19,13,7,2,5,7,9,9,0,2,0,1,1.4100,5.0100,6.7000,1.5000,2.4900,-1.2500,1.8500,1.9200,29284,2.3292,1.0461,2.3292,1.0461,9.7222,18.7500,15,5,0.6703,0.1886,0.1411,0.0581,0.6241,1.0000,1.0000
20251122_osasuna_sociedad,20251122,2025-11-22,2025-26,osasuna,sociedad,1,3,A,14,19,4,9,3,3,13,7,3,2,1,0,2.7500,3.0900,2.6800,2.2800,1.5900,0.0000,1.9000,1.8500,29282,1.2796,1.7655,1.2796,1.7655,17.3750,11.3684,7,11,0.3429,0.3052,0.3519,0.0604,0.4109,1.0000,1.0000
20251122_villarreal_mallorca,20251122,2025-11-22,2025-26,villarreal,mallorca,2,1,H,14,9,7,3,3,1,17,8,2,2,0,0,1.4300,4.6500,7.0700,1.6500,2.1700,-1.2500,1.9300,1.8500,29287,2.6371,1.3846,2.6371,1.3846,5.8065,22.5833,13,2,0.6623,0.2037,0.1340,0.0558,0.5681,1.0000,1.0000
20251123_elche_madrid,20251123,2025-11-23,2025-26,elche,madrid,2,2,D,15,20,6,7,2,8,10,8,4,0,1,0,7.4800,5.2700,1.3500,1.4700,2.5700,1.5000,1.8200,1.9400,29280,1.5952,3.8826,1.5952,3.8826,11.3684,9.9565,11,9,0.1256,0.1783,0.6961,0.0642,0.6361,1.0000,0.0000
20251123_getafe_atletico-madrid,20251123,2025-11-23,2025-26,getafe,atletico madrid,0,1,A,9,13,1,6,6,7,9,17,2,3,0,0,5.1000,3.4100,1.7400,2.5200,1.4900,0.7500,1.8000,1.9700,29285,0.5788,1.4768,0.5788,1.4768,13.0500,5.0476,7,7,0.1843,0.2756,0.5401,0.0640,0.3716,0.0000,1.0000
20251123_betis_girona,20251123,2025-11-23,2025-26,betis,girona,1,1,D,23,11,7,4,8,0,10,16,3,4,1,0,1.5300,4.3500,5.4600,1.6000,2.2400,-1.0000,1.8800,1.8900,29279,1.5784,1.4890,1.5784,1.4890,12.5000,13.6190,9,6,0.6128,0.2155,0.1717,0.0666,0.5833,0.0000,0.0000
20251123_oviedo_rayo-vallecano,20251123,2025-11-23,2025-26,oviedo,rayo vallecano,0,0,D,8,11,3,3,5,6,11,13,1,2,1,1,3.3500,3.2300,2.1900,2.2000,1.6300,0.2500,1.9000,1.8200,29283,0.4994,0.9230,0.4994,0.9230,15.3684,7.8333,2,5,0.2804,0.2908,0.4289,0.0647,0.4256,0.0000,0.0000
20251124_espanyol_sevilla,20251124,2025-11-24,2025-26,espanyol,sevilla,2,1,H,8,22,5,6,4,13,18,7,4,1,0,0,2.0700,3.2900,3.5900,2.0600,1.7100,-0.5000,2.0400,1.7400,29281,1.1663,1.8000,1.1663,1.8000,8.8438,6.6667,3,10,0.4534,0.2852,0.2614,0.0656,0.4536,1.0000,1.0000
20251128_getafe_elche,20251128,2025-11-28,2025-26,getafe,elche,1,0,H,15,9,6,4,3,5,18,11,2,2,0,0,2.1900,2.9100,3.8400,2.7900,1.4100,-0.2500,1.8300,4.4500,29297,1.3405,0.4489,1.3405,0.4489,9.3438,7.4286,3,4,0.4305,0.3240,0.2455,0.0607,0.3357,0.0000,1.0000
20251129_mallorca_osasuna,20251129,2025-11-29,2025-26,mallorca,osasuna,2,2,D,7,14,4,2,2,8,10,15,3,4,0,0,2.3400,3.0300,3.3000,2.4300,1.5200,-0.2500,1.9500,4.3500,29291,1.1058,1.1111,0.3625,1.1111,11.4118,10.1304,3,4,0.4030,0.3112,0.2858,0.0604,0.3848,1.0000,0.0000
20251129_barcelona_alaves,20251129,2025-11-29,2025-26,barcelona,alaves,3,1,H,18,9,6,2,5,4,10,17,2,3,0,0,1.1900,7.1400,12.9700,1.3500,3.0300,-2.0000,1.8800,1.9000,29294,2.5110,2.0926,2.5110,2.0926,4.8857,15.6154,11,3,0.7946,0.1324,0.0729,0.0575,0.6918,1.0000,1.0000
20251129_levante_athletic,20251129,2025-11-29,2025-26,levante,athletic,0,2,A,11,14,4,4,4,2,11,19,3,2,0,0,3.4100,3.3600,2.1400,2.0700,1.7100,0.2500,1.9500,4.0200,29295,1.2025,2.8086,1.2025,2.8086,7.5000,7.1714,1,9,0.2771,0.2813,0.4416,0.0582,0.4524,0.0000,1.0000
20251129_atletico-madrid_oviedo,20251129,2025-11-29,2025-26,atletico madrid,oviedo,2,0,H,14,12,8,1,7,2,5,8,0,1,0,0,1.2100,6.1600,14.7800,1.6600,2.1600,-1.7500,1.8200,4.4700,29288,2.4069,0.9220,2.4069,0.9220,14.5238,11.9615,13,4,0.7823,0.1537,0.0640,0.0564,0.5654,0.0000,1.0000
20251130_sociedad_villarreal,20251130,2025-11-30,2025-26,sociedad,villarreal,2,3,A,18,10,7,5,8,2,15,18,3,7,0,0,2.8100,3.3500,2.4300,1.8400,1.9000,0.0000,2.0200,5.1200,29293,1.3715,1.6304,1.3715,1.6304,5.3684,15.3182,2,7,0.3339,0.2801,0.3861,0.0659,0.5080,1.0000,1.0000
20251130_sevilla_betis,20251130,2025-11-30,2025-26,sevilla,betis,0,2,A,9,9,3,4,6,4,14,22,2,3,1,0,2.9000,3.3400,2.3500,1.9000,1.8300,0.2500,1.7800,4.1600,29296,0.7352,1.1786,0.7352,1.1786,4.2273,8.2692,3,4,0.3223,0.2799,0.3978,0.0698,0.4906,0.0000,1.0000
20251130_celta_espanyol,20251130,2025-11-30,2025-26,celta,espanyol,0,1,A,11,9,4,2,4,3,12,15,1,2,0,0,1.9800,3.4200,3.7300,1.8500,1.8900,-0.5000,1.9600,1.8000,29289,0.6356,0.5992,0.6356,0.5992,8.2143,13.8889,2,0,0.4740,0.2744,0.2516,0.0655,0.5053,0.0000,0.0000
20251130_girona_madrid,20251130,2025-11-30,2025-26,girona,madrid,1,1,D,10,25,4,4,2,5,9,13,3,0,0,0,6.6000,5.0500,1.4000,1.3900,2.8700,1.2500,1.9300,4.3500,29290,1.0517,2.2136,1.0517,1.4703,21.4167,8.2581,6,19,0.1424,0.1861,0.6714,0.0638,0.6737,0.0000,0.0000
20251201_rayo-vallecano_valencia,20251201,2025-12-01,2025-26,rayo vallecano,valencia,1,1,D,19,10,7,2,10,5,11,9,1,1,0,0,1.9200,3.3000,4.1100,2.0800,1.7000,-0.5000,1.9000,1.8700,29292,2.1330,0.8977,2.1330,0.8977,9.2222,19.0000,4,5,0.4880,0.2840,0.2280,0.0672,0.4497,0.0000,0.0000
20251202_barcelona_atletico-madrid,20251202,2025-12-02,2025-26,barcelona,atletico madrid,3,1,H,19,7,6,2,5,4,12,9,1,1,0,0,1.7300,4.2100,4.0700,1.4000,2.8600,-0.7500,1.8900,1.8900,29342,3.4612,1.3502,2.7179,1.3502,8.8400,12.8000,8,6,0.5447,0.2238,0.2315,0.0613,0.6714,1.0000,1.0000
20251203_athletic_madrid,20251203,2025-12-03,2025-26,athletic,madrid,0,3,A,9,13,4,8,5,7,15,4,2,0,0,0,4.1700,3.8700,1.7900,1.7000,2.0800,0.7500,1.7900,1.9700,29338,0.9173,2.3674,0.9173,2.3674,17.4583,11.9375,7,6,0.2269,0.2445,0.5286,0.0569,0.5503,1.0000,1.0000
20251205_oviedo_mallorca,20251205,2025-12-05,2025-26,oviedo,mallorca,0,0,D,15,13,3,6,8,5,14,12,2,1,2,0,2.6200,2.9700,2.9300,2.4600,1.5200,0.0000,1.7500,2.0300,29306,1.6001,0.6172,1.6001,0.6172,7.6316,21.0714,7,7,0.3602,0.3177,0.3221,0.0597,0.3819,0.0000,0.0000
20251206_villarreal_getafe,20251206,2025-12-06,2025-26,villarreal,getafe,2,0,H,10,6,5,0,5,3,19,15,2,4,0,1,1.6000,3.7900,5.9500,2.0900,1.6900,-1.0000,2.0500,1.7400,29304,0.8169,0.2823,0.8169,0.2823,6.7619,10.4231,9,0,0.5913,0.2496,0.1590,0.0569,0.4471,0.0000,1.0000
20251206_alaves_sociedad,20251206,2025-12-06,2025-26,alaves,sociedad,1,0,H,14,10,3,1,5,8,20,16,2,2,0,0,2.7500,2.9800,2.7700,2.5000,1.4900,0.0000,1.8800,1.8900,29298,1.8877,1.0994,1.1444,1.0994,10.8966,6.8889,5,3,0.3430,0.3165,0.3405,0.0602,0.3734,0.0000,1.0000
20251206_betis_barcelona,20251206,2025-12-06,2025-26,betis,barcelona,3,5,A,17,16,5,8,7,7,14,9,5,2,0,0,4.0100,4.3700,1.7300,1.3400,3.0600,0.7500,1.9000,1.8800,29302,2.7421,3.3029,1.9989,2.5596,12.7500,12.2857,10,8,0.2361,0.2166,0.5473,0.0562,0.6955,1.0000,1.0000
20251206_athletic_atletico-madrid,20251206,2025-12-06,2025-26,athletic,atletico madrid,1,0,H,14,7,3,3,5,6,9,12,3,2,0,0,3.3100,3.2800,2.2200,2.1400,1.6600,0.2500,1.9000,1.8200,29299,1.1864,0.7719,1.1864,0.7719,11.8462,12.9375,6,3,0.2857,0.2883,0.4260,0.0574,0.4368,0.0000,0.0000
20251207_elche_girona,20251207,2025-12-07,2025-26,elche,girona,3,0,H,11,8,6,4,2,2,18,13,0,3,0,0,2.1200,3.4100,3.3400,1.8600,1.8900,-0.2500,1.8000,1.9700,29300,1.5951,0.7810,1.5951,0.7810,6.3871,17.0000,4,0,0.4432,0.2755,0.2813,0.0644,0.5040,1.0000,1.0000
20251207_valencia_sevilla,20251207,2025-12-07,2025-26,valencia,sevilla,1,1,D,11,4,3,1,2,2,12,18,3,6,0,0,2.1200,3.3300,3.4100,2.0800,1.7000,-0.2500,1.8100,1.9600,29307,1.2390,0.6355,1.2390,0.6355,11.0417,8.1000,2,1,0.4428,0.2819,0.2753,0.0653,0.4497,0.0000,0.0000
20251207_espanyol_rayo-vallecano,20251207,2025-12-07,2025-26,espanyol,rayo vallecano,1,0,H,9,6,2,2,6,2,19,22,4,8,1,1,2.2500,3.1900,3.1800,2.2200,1.6200,-0.2500,1.9100,1.8500,29301,1.5798,0.2855,0.8366,0.2855,7.5714,4.9583,5,3,0.4144,0.2923,0.2932,0.0724,0.4219,0.0000,1.0000
20251207_madrid_celta,20251207,2025-12-07,2025-26,madrid,celta,0,2,A,23,7,7,5,8,1,6,12,6,1,3,0,1.2900,5.6500,8.8100,1.3600,3.0100,-1.7500,1.9600,1.8000,29303,2.4168,1.6091,2.4168,1.6091,13.7143,24.0833,11,7,0.7274,0.1661,0.1065,0.0657,0.6888,0.0000,0.0000
20251208_osasuna_levante,20251208,2025-12-08,2025-26,osasuna,levante,2,0,H,14,11,6,5,3,3,15,7,2,2,0,0,1.7400,3.6400,4.5900,1.9400,1.8100,-0.7500,1.9400,1.8300,29305,1.7499,0.5450,1.7499,0.5450,9.8710,9.1579,5,5,0.5385,0.2574,0.2041,0.0673,0.4827,0.0000,1.0000
20251212_sociedad_girona,20251212,2025-12-12,2025-26,sociedad,girona,1,2,A,9,14,4,3,4,3,20,5,1,2,0,0,1.7200,3.7300,4.7300,1.8800,1.8700,-0.7500,1.9000,1.8700,29316,1.0235,1.1689,1.0235,1.1689,9.2973,22.7500,13,9,0.5480,0.2527,0.1993,0.0609,0.4987,1.0000,0.0000
20251213_getafe_espanyol,20251213,2025-12-13,2025-26,getafe,espanyol,0,1,A,11,6,1,4,6,4,18,17,5,1,0,0,2.5200,2.8500,3.1800,3.0100,1.3600,-0.2500,2.0700,1.7200,29315,0.3059,0.7547,0.3059,0.7547,8.7895,7.2083,3,2,0.3736,0.3303,0.2961,0.0622,0.3112,0.0000,0.0000
20251213_barcelona_osasuna,20251213,2025-12-13,2025-26,barcelona,osasuna,2,0,H,24,3,7,2,14,1,5,8,0,3,0,0,1.2000,7.3400,11.6300,1.2300,3.8700,-2.2500,1.9900,1.7700,29310,2.1447,0.2282,2.1447,0.2282,3.8182,20.0588,17,1,0.7895,0.1291,0.0815,0.0556,0.7588,0.0000,1.0000
20251213_mallorca_elche,20251213,2025-12-13,2025-26,mallorca,elche,3,1,H,15,9,8,0,1,1,13,13,3,0,0,0,2.4200,3.0700,3.1000,2.3000,1.5700,-0.2500,2.0100,1.7600,29314,2.5810,0.3117,2.5810,0.3117,13.3478,9.5200,4,7,0.3893,0.3069,0.3039,0.0615,0.4057,1.0000,1.0000
20251213_atletico-madrid_valencia,20251213,2025-12-13,2025-26,atletico madrid,valencia,2,1,H,10,13,6,2,5,7,13,11,3,1,0,0,1.2900,5.2100,10.5800,1.7000,2.0800,-1.5000,1.8800,1.8500,29309,2.0708,1.2607,2.0708,1.2607,7.9211,12.7500,4,6,0.7302,0.1808,0.0890,0.0617,0.5503,1.0000,1.0000
20251214_sevilla_oviedo,20251214,2025-12-14,2025-26,sevilla,oviedo,4,0,H,13,5,7,1,5,3,11,12,1,2,0,1,1.8800,3.3200,4.3000,2.1800,1.6400,-0.5000,1.8600,1.8700,29317,2.3190,0.4170,2.3190,0.4170,11.3529,10.7600,4,0,0.4991,0.2826,0.2182,0.0657,0.4293,1.0000,1.0000
20251214_celta_athletic,20251214,2025-12-14,2025-26,celta,athletic,2,0,H,5,14,2,2,1,4,11,13,3,2,0,0,2.6000,3.1400,2.7500,2.1300,1.6700,0.0000,1.8300,1.9100,29312,1.9707,1.6656,1.9707,0.9223,11.7917,10.1875,4,3,0.3606,0.2986,0.3409,0.0667,0.4395,0.0000,1.0000
20251214_alaves_madrid,20251214,2025-12-14,2025-26,alaves,madrid,1,2,A,6,13,2,6,5,7,12,13,3,1,0,0,5.4000,3.9400,1.6000,1.7100,2.0500,1.0000,1.7800,1.9900,29308,1.3130,1.9066,1.3130,1.9066,12.4091,12.6923,3,4,0.1740,0.2385,0.5874,0.0640,0.5452,1.0000,1.0000
20251215_rayo-vallecano_betis,20251215,2025-12-15,2025-26,rayo vallecano,betis,0,0,D,23,13,7,6,8,3,10,7,4,1,0,0,2.5200,3.3500,2.6900,1.9200,1.8300,0.0000,1.8200,1.9300,29313,2.1848,0.7888,2.1848,0.7888,8.2500,18.4615,2,8,0.3719,0.2797,0.3484,0.0671,0.4880,0.0000,0.0000
20251219_valencia_mallorca,20251219,2025-12-19,2025-26,valencia,mallorca,1,1,D,17,4,2,2,12,3,10,12,2,3,0,0,1.9800,3.1900,4.0800,2.4000,1.5400,-0.5000,1.9300,1.8000,29327,2.1601,0.1994,2.1601,0.1994,7.9412,18.8667,10,2,0.4748,0.2947,0.2304,0.0636,0.3909,0.0000,0.0000
20251220_oviedo_celta,20251220,2025-12-20,2025-26,oviedo,celta,0,0,D,10,6,3,2,4,3,14,7,2,1,0,0,3.7000,3.2700,2.0700,2.2100,1.6200,0.5000,1.7400,2.0100,29326,0.5175,0.6000,0.5175,0.6000,9.0370,20.4615,6,1,0.2552,0.2887,0.4561,0.0592,0.4230,0.0000,0.0000
20251220_levante_sociedad,20251220,2025-12-20,2025-26,levante,sociedad,1,1,D,13,18,3,6,7,10,16,13,6,2,0,0,3.2900,3.4100,2.1500,1.8700,1.8600,0.2500,1.9300,1.8000,29321,1.2201,1.6299,0.4768,1.6299,10.2692,8.1905,3,6,0.2861,0.2761,0.4378,0.0623,0.4987,0.0000,0.0000
20251220_osasuna_alaves,20251220,2025-12-20,2025-26,osasuna,alaves,3,0,H,16,7,7,3,9,0,16,11,2,2,0,0,2.2200,3.0200,3.5700,2.5200,1.4900,-0.2500,1.8700,1.9100,29323,2.3914,0.7187,1.6482,0.7187,7.5312,12.6667,4,2,0.4243,0.3119,0.2638,0.0617,0.3716,1.0000,1.0000
20251220_madrid_sevilla,20251220,2025-12-20,2025-26,madrid,sevilla,2,0,H,18,14,8,5,6,5,13,19,2,5,0,1,1.2100,6.8200,12.3100,1.3400,3.1100,-2.0000,1.8700,1.9000,29322,4.0014,1.5142,3.2581,1.5142,12.6957,12.3333,10,9,0.7839,0.1391,0.0771,0.0543,0.6989,0.0000,1.0000
20251221_betis_getafe,20251221,2025-12-21,2025-26,betis,getafe,4,0,H,19,15,8,3,7,5,13,12,0,1,0,0,1.7000,3.4400,5.3600,2.3400,1.5600,-0.7500,1.9000,1.8700,29319,3.4602,1.2473,3.4602,0.5040,9.4000,8.2692,6,3,0.5521,0.2728,0.1751,0.0655,0.4000,1.0000,1.0000
20251221_elche_rayo-vallecano,20251221,2025-12-21,2025-26,elche,rayo vallecano,4,0,H,18,18,6,8,4,5,15,11,2,3,0,0,2.4400,3.0500,3.0500,2.3000,1.5700,-0.2500,2.0500,1.7300,29320,3.6700,1.1492,3.6700,1.1492,9.6522,6.9167,8,4,0.3846,0.3077,0.3077,0.0656,0.4057,1.0000,1.0000
20251221_villarreal_barcelona,20251221,2025-12-21,2025-26,villarreal,barcelona,0,2,A,14,19,5,5,5,10,10,8,1,1,1,0,3.3900,4.5300,1.8200,1.2600,3.6600,0.7500,1.7600,2.0100,29325,2.1647,3.2738,2.1647,2.5305,26.2667,5.0526,4,17,0.2769,0.2072,0.5158,0.0652,0.7439,0.0000,1.0000
20251221_girona_atletico-madrid,20251221,2025-12-21,2025-26,girona,atletico madrid,0,3,A,9,14,2,6,3,4,7,14,2,0,0,0,4.7900,4.0100,1.6500,1.7300,2.0300,0.7500,1.9700,1.7900,29324,1.1157,1.2620,1.1157,1.2620,13.6190,12.6400,5,12,0.1962,0.2343,0.5695,0.0642,0.5399,1.0000,1.0000
20251222_athletic_espanyol,20251222,2025-12-22,2025-26,athletic,espanyol,1,2,A,17,10,7,5,8,4,10,9,5,2,0,0,1.7400,3.4600,4.9200,2.2200,1.6100,-0.7500,1.9600,1.8200,29318,1.7228,0.9090,1.7228,0.9090,7.1364,15.4118,9,1,0.5386,0.2709,0.1905,0.0670,0.4204,1.0000,0.0000
20260102_rayo-vallecano_getafe,20260102,2026-01-02,2025-26,rayo vallecano,getafe,1,1,D,13,12,4,4,3,2,13,10,3,4,0,0,2.0400,2.8600,4.4600,3.1900,1.3300,-0.5000,1.9900,1.7600,29335,0.6623,0.6639,0.6623,0.6639,5.0000,15.8889,5,1,0.4607,0.3286,0.2107,0.0641,0.2942,0.0000,0.0000
20260103_celta_valencia,20260103,2026-01-03,2025-26,celta,valencia,4,1,H,12,16,6,5,2,4,10,9,1,3,0,0,1.9600,3.3100,4.0000,2.0900,1.6900,-0.5000,1.9300,1.8100,29329,2.5903,1.7930,1.8470,1.0497,15.5217,14.4118,6,7,0.4803,0.2844,0.2353,0.0623,0.4471,1.0000,1.0000
20260103_osasuna_athletic,20260103,2026-01-03,2025-26,osasuna,athletic,1,1,D,11,16,4,6,1,9,12,19,3,3,0,0,3.0300,2.9400,2.5400,2.3800,1.5400,0.0000,2.0200,1.7400,29331,0.8681,1.5540,0.8681,1.5540,13.5000,6.8750,3,12,0.3102,0.3197,0.3701,0.0639,0.3929,0.0000,0.0000
20260103_elche_villarreal,20260103,2026-01-03,2025-26,elche,villarreal,1,3,A,15,12,2,4,6,2,8,11,3,3,0,0,3.1900,3.4900,2.1800,1.7500,2.0000,0.2500,1.9000,1.8200,29330,1.5212,2.6350,1.5212,2.6350,3.7692,19.8947,8,8,0.2961,0.2706,0.4333,0.0587,0.5333,1.0000,1.0000
20260103_espanyol_barcelona,20260103,2026-01-03,2025-26,espanyol,barcelona,0,2,A,14,15,7,6,5,7,10,14,1,0,0,0,5.3500,4.7200,1.5100,1.3900,2.8600,1.2500,1.7600,2.0000,29333,1.7966,2.9425,1.7966,2.9425,18.5000,4.9600,4,7,0.1762,0.1997,0.6242,0.0610,0.6729,0.0000,1.0000
20260104_sevilla_levante,20260104,2026-01-04,2025-26,sevilla,levante,0,3,A,15,6,7,4,5,1,16,10,3,4,0,0,1.7700,3.6000,4.4800,1.8700,1.8600,-0.7500,1.9800,1.8000,29337,1.6656,1.6510,0.8268,1.6510,7.9048,14.7895,7,0,0.5300,0.2606,0.2094,0.0660,0.4987,1.0000,0.0000
20260104_madrid_betis,20260104,2026-01-04,2025-26,madrid,betis,5,1,H,19,13,9,5,5,8,10,12,1,1,0,0,1.4600,4.6700,5.9900,1.4400,2.6600,-1.2500,1.9400,1.8200,29334,3.0073,0.9746,3.0073,0.9746,15.9333,18.4762,10,5,0.6425,0.2009,0.1566,0.0660,0.6488,1.0000,1.0000
20260104_alaves_oviedo,20260104,2026-01-04,2025-26,alaves,oviedo,1,1,D,18,18,7,6,6,7,11,20,3,3,1,1,1.8400,3.0800,5.0200,2.7700,1.4000,-0.5000,1.8200,1.9100,29328,1.5676,3.2191,1.5676,3.2191,6.8750,7.6667,5,11,0.5092,0.3042,0.1866,0.0674,0.3357,0.0000,0.0000
20260104_mallorca_girona,20260104,2026-01-04,2025-26,mallorca,girona,1,2,A,9,9,2,4,3,6,10,14,2,1,0,0,2.2400,3.1200,3.3400,2.1700,1.6400,-0.2500,1.8800,1.8800,29336,1.4834,1.4571,0.7401,0.7139,10.0000,13.5000,6,7,0.4187,0.3006,0.2808,0.0663,0.4304,1.0000,0.0000
20260104_sociedad_atletico-madrid,20260104,2026-01-04,2025-26,sociedad,atletico madrid,1,1,D,18,10,8,2,6,6,11,13,3,2,0,0,3.8200,3.5100,1.9200,2.0000,1.7500,0.5000,1.8400,1.8800,29332,1.7065,1.3733,1.7065,1.3733,10.5806,11.4444,9,5,0.2452,0.2669,0.4879,0.0675,0.4667,0.0000,0.0000
20260109_getafe_sociedad,20260109,2026-01-09,2025-26,getafe,sociedad,1,2,A,6,12,3,5,2,4,17,17,2,1,0,0,3.3800,2.8300,2.4300,3.0400,1.3600,0.2500,1.7800,1.9400,29339,0.2402,1.2580,0.2402,1.2580,13.4211,3.4651,1,4,0.2789,0.3331,0.3880,0.0607,0.3091,1.0000,1.0000
20260110_valencia_elche,20260110,2026-01-10,2025-26,valencia,elche,1,1,D,16,5,4,1,8,6,14,14,2,3,0,0,2.1800,3.1800,3.4800,2.1200,1.6700,-0.2500,1.8300,1.9400,29345,2.0415,0.2444,1.2982,0.2444,11.3704,7.5000,5,5,0.4325,0.2965,0.2710,0.0605,0.4406,0.0000,0.0000
20260110_girona_osasuna,20260110,2026-01-10,2025-26,girona,osasuna,1,0,H,8,13,4,1,2,1,14,13,2,6,1,0,2.3600,3.2000,3.0700,2.0800,1.6900,-0.2500,1.9900,1.7800,29340,0.9840,1.2267,0.9840,1.2267,10.2593,11.9500,8,8,0.3990,0.2943,0.3067,0.0620,0.4483,0.0000,1.0000
20260110_oviedo_betis,20260110,2026-01-10,2025-26,oviedo,betis,1,1,D,13,15,3,6,5,2,15,8,3,1,0,0,4.1300,3.4200,1.9000,2.0500,1.7200,0.5000,1.8800,1.8500,29343,1.0103,2.7081,1.0103,2.7081,12.4828,12.3333,4,15,0.2282,0.2756,0.4961,0.0608,0.4562,0.0000,0.0000
20260110_villarreal_alaves,20260110,2026-01-10,2025-26,villarreal,alaves,3,1,H,11,16,4,5,1,6,10,14,0,2,0,0,1.4600,4.3200,6.9600,1.8500,1.8800,-1.0000,1.7500,2.0300,29341,1.3832,0.8446,1.3832,0.8446,16.3182,7.6970,10,3,0.6461,0.2184,0.1355,0.0601,0.5040,1.0000,1.0000
20260111_rayo-vallecano_mallorca,20260111,2026-01-11,2025-26,rayo vallecano,mallorca,2,1,H,14,9,5,2,6,5,14,14,1,5,1,0,1.8800,3.2300,4.4600,2.4000,1.5300,-0.5000,1.8500,1.8800,29347,2.0511,1.0574,1.3078,1.0574,7.0769,11.1053,4,0,0.4991,0.2905,0.2104,0.0657,0.3893,1.0000,1.0000
20260111_levante_espanyol,20260111,2026-01-11,2025-26,levante,espanyol,1,1,D,8,19,2,3,4,3,10,9,0,1,0,0,3.0500,3.2800,2.3100,2.0400,1.7300,0.2500,1.7900,1.9200,29346,1.1823,1.5892,1.1823,1.5892,10.9130,9.1935,6,6,0.3077,0.2861,0.4062,0.0656,0.4589,0.0000,0.0000
20260112_sevilla_celta,20260112,2026-01-12,2025-26,sevilla,celta,0,1,A,7,9,2,7,6,1,16,16,3,3,0,0,2.5400,3.2700,2.7100,1.9700,1.7700,0.0000,1.8300,1.9200,29344,0.2625,2.0763,0.2625,1.3330,7.2963,17.8000,5,3,0.3685,0.2862,0.3453,0.0685,0.4733,0.0000,0.0000
20260116_espanyol_girona,20260116,2026-01-16,2025-26,espanyol,girona,0,2,A,14,7,2,4,5,4,17,17,5,5,0,0,1.8700,3.4300,4.2600,2.0700,1.7100,-0.5000,1.8300,1.9000,29355,1.2674,1.8238,1.2674,0.3372,9.0714,7.5484,2,5,0.5040,0.2748,0.2212,0.0610,0.4524,0.0000,0.0000
20260117_madrid_levante,20260117,2026-01-17,2025-26,madrid,levante,2,0,H,26,10,11,0,8,0,12,14,2,1,0,0,1.1600,8.1300,14.1700,1.2700,3.5200,-2.2500,1.8900,1.8800,29351,2.5486,0.7875,1.8054,0.7875,8.3000,25.7333,13,8,0.8166,0.1165,0.0669,0.0556,0.7349,0.0000,1.0000
20260117_mallorca_athletic,20260117,2026-01-17,2025-26,mallorca,athletic,3,2,H,18,21,9,11,3,7,10,10,1,5,0,2,3.6200,3.0400,2.2000,2.4500,1.5100,0.2500,1.9400,1.8400,29349,3.1143,2.2824,1.3870,2.2824,9.7619,14.0909,6,9,0.2607,0.3104,0.4289,0.0597,0.3813,1.0000,0.0000
20260117_osasuna_oviedo,20260117,2026-01-17,2025-26,osasuna,oviedo,3,2,H,16,13,5,5,3,6,14,15,1,4,1,0,1.7700,3.3900,4.9900,2.3500,1.5500,-0.7500,2.0000,1.7900,29357,2.0355,1.3617,2.0355,1.3617,7.7500,10.3333,5,5,0.5328,0.2782,0.1890,0.0604,0.3974,1.0000,1.0000
20260117_betis_villarreal,20260117,2026-01-17,2025-26,betis,villarreal,2,0,H,15,9,6,3,2,3,14,13,3,2,0,1,2.5300,3.5100,2.6300,1.6500,2.1600,0.0000,1.8500,1.9100,29352,1.3495,1.1791,1.3495,1.1791,6.1765,14.5238,7,4,0.3727,0.2687,0.3586,0.0604,0.5669,0.0000,1.0000
20260118_sociedad_barcelona,20260118,2026-01-18,2025-26,sociedad,barcelona,2,1,H,8,25,6,9,6,8,13,8,3,3,1,0,4.9300,4.5000,1.5600,1.3900,2.8500,1.0000,1.9000,1.8800,29350,1.5588,3.9203,1.5588,3.9203,11.0000,5.3000,6,16,0.1903,0.2084,0.6013,0.0661,0.6722,1.0000,0.0000
20260118_celta_rayo-vallecano,20260118,2026-01-18,2025-26,celta,rayo vallecano,3,0,H,11,14,7,3,5,7,7,14,4,3,0,1,2.0300,3.1800,3.8600,2.2000,1.6300,-0.5000,1.9700,1.7700,29353,1.9027,1.3193,1.1595,1.3193,12.8500,13.8571,9,4,0.4620,0.2950,0.2430,0.0661,0.4256,1.0000,1.0000
20260118_atletico-madrid_alaves,20260118,2026-01-18,2025-26,atletico madrid,alaves,1,0,H,23,8,6,0,6,6,13,5,1,1,0,0,1.3000,5.1200,10.0300,1.8200,1.9100,-1.5000,1.9200,1.8200,29348,1.7743,1.2100,1.7743,1.2100,7.7059,25.2500,13,0,0.7228,0.1835,0.0937,0.0642,0.5121,0.0000,1.0000
20260118_getafe_valencia,20260118,2026-01-18,2025-26,getafe,valencia,0,1,A,14,7,3,1,9,3,8,18,2,3,0,1,2.5100,2.7700,3.2600,3.1700,1.3200,-0.2500,2.0600,1.7300,29356,0.5846,0.7469,0.5846,0.7469,8.1250,8.4737,6,5,0.3737,0.3386,0.2877,0.0662,0.2940,0.0000,0.0000
20260119_elche_sevilla,20260119,2026-01-19,2025-26,elche,sevilla,2,2,D,10,25,5,8,9,7,11,12,3,1,0,0,2.2300,3.3000,3.1600,2.1100,1.6800,-0.2500,1.9100,1.8700,29354,1.4808,2.4961,1.4808,1.7528,7.0000,4.7273,8,10,0.4199,0.2838,0.2963,0.0679,0.4433,1.0000,0.0000
20260123_levante_elche,20260123,2026-01-23,2025-26,levante,elche,3,2,H,26,6,6,3,9,1,13,13,2,3,0,0,2.2300,3.2400,3.2100,1.9800,1.7800,-0.2500,1.9100,1.8600,29363,3.2445,0.6330,3.2445,0.6330,12.4000,7.1304,8,4,0.4196,0.2888,0.2915,0.0686,0.4734,1.0000,1.0000
20260124_rayo-vallecano_osasuna,20260124,2026-01-24,2025-26,rayo vallecano,osasuna,1,3,A,11,14,4,5,4,3,12,15,2,2,0,0,2.1300,3.1500,3.6800,2.3200,1.5600,-0.2500,1.7900,2.0000,29366,0.6696,1.3686,0.6696,1.3686,4.3182,11.9130,7,5,0.4435,0.2999,0.2567,0.0587,0.4021,1.0000,0.0000
20260124_valencia_espanyol,20260124,2026-01-24,2025-26,valencia,espanyol,3,2,H,10,16,5,6,2,7,13,10,1,5,0,0,2.3900,3.1700,3.0700,2.2300,1.6100,-0.2500,2.0000,1.7700,29364,2.7696,1.7594,2.0263,1.7594,9.1154,6.7241,3,8,0.3949,0.2977,0.3074,0.0596,0.4193,1.0000,1.0000
20260124_sevilla_athletic,20260124,2026-01-24,2025-26,sevilla,athletic,2,1,H,10,15,7,3,5,5,16,12,2,1,0,0,2.8800,3.0700,2.5800,2.2500,1.6000,0.0000,1.9600,1.7900,29358,1.4305,1.9126,0.6873,1.9126,5.2414,9.8000,4,11,0.3274,0.3071,0.3655,0.0606,0.4156,1.0000,0.0000
20260124_villarreal_madrid,20260124,2026-01-24,2025-26,villarreal,madrid,0,2,A,8,14,1,4,6,6,19,10,3,1,0,0,3.3200,3.8400,2.0000,1.4600,2.6200,0.5000,1.7800,1.9500,29367,0.9528,1.6221,0.9528,0.8788,10.2414,10.4348,8,11,0.2837,0.2453,0.4710,0.0616,0.6422,0.0000,1.0000
20260125_atletico-madrid_mallorca,20260125,2026-01-25,2025-26,atletico madrid,mallorca,3,0,H,17,6,8,1,10,3,10,7,2,1,0,0,1.2800,5.3600,10.0000,1.6600,2.1500,-1.5000,1.8500,1.8800,29360,1.4250,0.3679,1.4250,0.3679,8.0000,21.0000,8,1,0.7316,0.1747,0.0936,0.0678,0.5643,1.0000,1.0000
20260125_barcelona_oviedo,20260125,2026-01-25,2025-26,barcelona,oviedo,3,0,H,15,12,7,3,10,1,8,21,1,2,0,0,1.0900,9.9300,20.2700,1.2200,4.0200,-2.7500,1.9700,1.8100,29361,2.5992,0.4864,2.5992,0.4864,5.9630,11.8056,12,0,0.8594,0.0943,0.0462,0.0675,0.7672,1.0000,1.0000
20260125_sociedad_celta,20260125,2026-01-25,2025-26,sociedad,celta,3,1,H,10,17,4,4,2,9,7,13,1,1,1,0,1.9900,3.3700,3.7700,2.0100,1.7500,-0.5000,1.9400,1.7900,29362,2.1550,1.6312,1.4117,1.6312,20.1667,8.6250,6,10,0.4721,0.2788,0.2492,0.0645,0.4654,1.0000,1.0000
20260125_alaves_betis,20260125,2026-01-25,2025-26,alaves,betis,2,1,H,17,18,9,4,6,4,17,11,1,1,0,0,2.8000,3.0500,2.6100,2.2400,1.6000,0.0000,1.9300,1.8200,29359,1.6710,1.7866,1.6710,1.7866,10.1154,5.4412,2,4,0.3344,0.3069,0.3587,0.0682,0.4167,1.0000,0.0000
20260126_girona_getafe,20260126,2026-01-26,2025-26,girona,getafe,1,1,D,12,8,4,2,3,4,13,15,5,3,0,0,2.0800,3.0100,3.9300,2.7600,1.4100,-0.5000,2.0200,1.7100,29365,1.0157,1.1089,1.0157,1.1089,6.2273,15.5238,5,4,0.4504,0.3112,0.2384,0.0674,0.3381,0.0000,0.0000
20260130_espanyol_alaves,20260130,2026-01-30,2025-26,espanyol,alaves,1,2,A,10,11,3,7,4,2,15,15,0,1,0,0,1.9500,3.0700,4.4700,2.5100,1.5000,-0.5000,1.9000,1.8300,29371,1.2010,1.3225,1.2010,1.3225,8.6429,10.3333,2,6,0.4828,0.3066,0.2106,0.0623,0.3741,1.0000,0.0000
20260131_oviedo_girona,20260131,2026-01-31,2025-26,oviedo,girona,1,0,H,8,9,4,1,4,4,12,16,1,1,0,0,2.6700,3.0800,2.7700,2.2300,1.6100,0.0000,1.8700,1.8900,29375,1.2660,0.6642,1.2660,0.6642,19.9000,5.2308,4,7,0.3533,0.3062,0.3405,0.0602,0.4193,0.0000,1.0000
20260131_osasuna_villarreal,20260131,2026-01-31,2025-26,osasuna,villarreal,2,2,D,15,5,5,4,6,2,15,7,2,2,0,0,2.7500,3.3100,2.5300,1.8700,1.8700,0.0000,1.9600,1.8000,29370,2.1347,0.9111,2.1347,0.1678,10.7826,9.4783,3,1,0.3427,0.2847,0.3725,0.0610,0.5000,1.0000,0.0000
20260131_levante_atletico-madrid,20260131,2026-01-31,2025-26,levante,atletico madrid,0,0,D,10,10,2,4,4,7,11,12,2,1,0,0,5.2500,4.0800,1.6000,1.7400,2.0200,1.0000,1.7600,2.0100,29372,0.4111,0.6153,0.4111,0.6153,10.8333,10.3333,2,9,0.1796,0.2311,0.5893,0.0606,0.5372,0.0000,0.0000
20260131_elche_barcelona,20260131,2026-01-31,2025-26,elche,barcelona,1,3,A,9,30,3,8,2,8,15,9,2,1,0,0,7.5500,5.6600,1.3300,1.3300,3.1500,1.5000,1.9000,1.8300,29373,0.8390,7.1105,0.8390,7.1105,15.5455,8.0370,6,24,0.1248,0.1665,0.7086,0.0610,0.7031,1.0000,1.0000
20260201_madrid_rayo-vallecano,20260201,2026-02-01,2025-26,madrid,rayo vallecano,2,1,H,16,11,6,4,9,4,6,18,2,8,0,2,1.2400,5.9600,10.6900,1.4600,2.6000,-1.7500,1.9100,1.8700,29377,2.3021,1.0694,1.5588,1.0694,12.0000,17.2778,22,7,0.7553,0.1571,0.0876,0.0678,0.6404,1.0000,1.0000
20260201_betis_valencia,20260201,2026-02-01,2025-26,betis,valencia,2,1,H,14,15,2,4,3,5,15,13,0,4,0,0,1.8300,3.4700,4.3100,1.8600,1.8800,-0.5000,1.7900,1.9400,29368,2.1688,1.8867,1.4256,1.1435,8.6552,13.2222,4,8,0.5123,0.2702,0.2175,0.0667,0.5027,1.0000,1.0000
20260201_getafe_celta,20260201,2026-02-01,2025-26,getafe,celta,0,0,D,9,5,2,1,5,3,16,14,1,2,0,0,2.8200,2.8500,2.7600,2.8600,1.3900,0.0000,1.8800,1.8800,29374,0.4999,0.2569,0.4999,0.2569,13.9583,12.0714,2,4,0.3321,0.3286,0.3393,0.0678,0.3271,0.0000,0.0000
20260201_athletic_sociedad,20260201,2026-02-01,2025-26,athletic,sociedad,1,1,D,19,9,4,6,6,3,14,14,4,2,0,1,2.2400,3.1000,3.3300,2.1900,1.6400,-0.2500,1.8900,1.8800,29376,0.8938,1.5858,0.8938,1.5858,6.7000,11.4706,6,2,0.4175,0.3017,0.2808,0.0693,0.4282,0.0000,0.0000
20260202_mallorca_sevilla,20260202,2026-02-02,2025-26,mallorca,sevilla,4,1,H,11,15,7,5,4,8,16,8,1,1,0,0,2.3900,3.1200,3.0500,2.2000,1.6300,-0.2500,2.0100,1.7600,29369,3.0435,1.2432,2.3002,1.2432,9.2727,5.5909,5,7,0.3922,0.3004,0.3073,0.0668,0.4256,1.0000,1.0000
20260206_celta_osasuna,20260206,2026-02-06,2025-26,celta,osasuna,1,2,A,18,8,4,2,7,3,9,14,2,2,0,0,1.9700,3.2700,4.0600,2.1900,1.6500,-0.5000,1.9200,1.8100,29382,2.0351,1.0025,1.2918,1.0025,21.0000,16.4500,7,6,0.4790,0.2886,0.2324,0.0597,0.4297,1.0000,0.0000
20260207_barcelona_mallorca,20260207,2026-02-07,2025-26,barcelona,mallorca,3,0,H,24,9,7,4,12,3,7,9,0,0,0,0,1.1500,8.3000,14.6900,1.2500,3.7200,-2.2500,1.8400,1.9200,29381,2.4817,1.0109,2.4817,1.0109,7.5882,17.3333,8,2,0.8218,0.1139,0.0643,0.0581,0.7485,1.0000,1.0000
20260207_sociedad_elche,20260207,2026-02-07,2025-26,sociedad,elche,3,1,H,11,11,3,5,2,4,14,8,0,4,0,0,1.6400,3.9700,5.0400,1.8000,1.9400,-0.7500,1.7900,1.9800,29383,1.7719,1.0866,1.7719,1.0866,12.4074,7.9524,4,7,0.5752,0.2376,0.1872,0.0601,0.5187,1.0000,1.0000
20260208_valencia_madrid,20260208,2026-02-08,2025-26,valencia,madrid,0,2,A,7,11,0,6,5,8,10,13,1,1,0,0,5.5900,4.4700,1.5100,1.5500,2.3500,1.0000,1.9400,1.8200,29387,0.5718,1.0458,0.5718,1.0458,16.1250,9.6500,5,10,0.1680,0.2101,0.6219,0.0649,0.6026,0.0000,1.0000
20260208_atletico-madrid_betis,20260208,2026-02-08,2025-26,atletico madrid,betis,0,1,A,10,8,5,4,7,3,12,3,3,1,0,0,1.4700,4.4700,6.1500,1.6500,2.1700,-1.2500,2.0200,1.7600,29380,0.6255,0.8398,0.6255,0.8398,12.1111,85.0000,8,2,0.6378,0.2097,0.1525,0.0666,0.5681,0.0000,0.0000
20260208_sevilla_girona,20260208,2026-02-08,2025-26,sevilla,girona,1,1,D,11,15,3,6,5,7,16,13,3,3,0,0,2.0900,3.3300,3.5100,1.9700,1.7700,-0.2500,1.7900,1.9700,29386,0.9582,2.6020,0.9582,1.8587,12.0000,7.8929,7,9,0.4498,0.2823,0.2678,0.0637,0.4733,0.0000,0.0000
20260208_athletic_levante,20260208,2026-02-08,2025-26,athletic,levante,4,2,H,22,6,7,3,4,3,17,10,2,1,0,1,1.6100,3.8000,5.5200,1.9400,1.8000,-0.7500,1.7600,2.0000,29379,2.7738,0.6153,2.7738,0.6153,8.5484,15.9444,10,3,0.5830,0.2470,0.1700,0.0654,0.4813,1.0000,1.0000
20260208_alaves_getafe,20260208,2026-02-08,2025-26,alaves,getafe,0,2,A,13,17,5,5,6,3,20,20,2,5,0,0,2.3000,2.7800,3.6900,3.3400,1.3000,-0.2500,1.8900,1.8800,29378,3.0116,1.7859,3.0116,1.0426,4.0690,5.5349,2,6,0.4081,0.3376,0.2543,0.0655,0.2802,0.0000,0.0000
20260209_villarreal_espanyol,20260209,2026-02-09,2025-26,villarreal,espanyol,4,1,H,10,9,3,2,5,8,18,11,3,3,0,0,1.6700,3.9900,4.5300,1.7200,2.0400,-0.7500,1.8500,1.9200,29384,1.5393,0.7447,1.5393,0.7447,11.4348,12.4167,6,5,0.5595,0.2342,0.2063,0.0702,0.5426,1.0000,1.0000
20260213_elche_osasuna,20260213,2026-02-13,2025-26,elche,osasuna,0,0,D,17,6,5,2,10,3,13,18,2,4,0,0,2.7700,3.1100,2.6400,2.0100,1.7500,0.0000,1.9300,1.8400,29388,2.3333,0.8126,2.3333,0.8126,5.9545,8.6071,13,6,0.3401,0.3030,0.3569,0.0613,0.4654,0.0000,0.0000
20260214_espanyol_celta,20260214,2026-02-14,2025-26,espanyol,celta,2,2,D,9,14,3,5,2,2,9,11,1,0,0,0,2.4100,3.1600,2.9700,2.1600,1.6600,-0.2500,2.0100,1.7600,29397,1.1611,2.8149,1.1611,2.8149,13.8636,17.0714,4,12,0.3885,0.2963,0.3152,0.0681,0.4346,1.0000,0.0000
20260214_getafe_villarreal,20260214,2026-02-14,2025-26,getafe,villarreal,2,1,H,5,8,2,2,3,4,21,17,2,3,0,0,3.2300,3.0700,2.3100,2.3900,1.5300,0.2500,1.8000,1.9700,29389,1.6176,0.9694,0.8743,0.9694,4.9756,6.0000,1,5,0.2898,0.3049,0.4052,0.0682,0.3903,1.0000,0.0000
20260214_sevilla_alaves,20260214,2026-02-14,2025-26,sevilla,alaves,1,1,D,4,12,2,1,0,3,16,13,5,0,2,0,2.0900,3.1200,3.7100,2.3400,1.5500,-0.2500,1.7700,2.0100,29392,0.3543,1.3898,0.3543,1.3898,11.9130,4.8889,3,6,0.4478,0.3000,0.2523,0.0685,0.3985,0.0000,0.0000
20260214_madrid_sociedad,20260214,2026-02-14,2025-26,madrid,sociedad,4,1,H,11,13,5,3,4,6,10,9,1,1,0,0,1.3400,5.2700,7.5900,1.4200,2.7200,-1.5000,1.9100,1.8200,29391,3.0592,1.6602,1.5726,0.9170,15.5455,17.2632,7,6,0.6989,0.1777,0.1234,0.0678,0.6570,1.0000,1.0000
20260215_oviedo_athletic,20260215,2026-02-15,2025-26,oviedo,athletic,1,2,A,7,13,1,4,2,3,8,20,2,3,0,0,3.5500,3.1000,2.1600,2.3200,1.5700,0.2500,1.9500,1.8200,29393,0.8610,1.2057,0.8610,0.4625,8.3333,7.7714,1,2,0.2639,0.3023,0.4338,0.0672,0.4036,1.0000,1.0000
20260215_rayo-vallecano_atletico-madrid,20260215,2026-02-15,2025-26,rayo vallecano,atletico madrid,3,0,H,13,9,9,3,4,8,10,13,1,3,0,0,4.1000,3.4500,1.8600,2.0400,1.7200,0.5000,1.8900,1.8400,29394,2.7533,0.7529,2.7533,0.7529,12.9583,11.4737,4,4,0.2277,0.2705,0.5018,0.0714,0.4574,1.0000,0.0000
20260215_levante_valencia,20260215,2026-02-15,2025-26,levante,valencia,0,2,A,9,5,1,2,3,2,11,10,3,2,1,0,2.6900,3.2500,2.5600,1.9500,1.7900,0.0000,1.9200,1.8500,29390,1.4574,0.7438,1.4574,0.7438,11.2857,14.4118,5,2,0.3474,0.2875,0.3650,0.0701,0.4786,0.0000,1.0000
20260215_mallorca_betis,20260215,2026-02-15,2025-26,mallorca,betis,1,2,A,14,17,3,8,7,3,16,10,4,3,0,0,2.9300,3.2100,2.4100,1.9900,1.7600,0.2500,1.7400,2.0200,29396,0.7313,2.0484,0.7313,2.0484,9.1429,50.8571,5,7,0.3196,0.2918,0.3886,0.0678,0.4693,1.0000,1.0000
20260216_girona_barcelona,20260216,2026-02-16,2025-26,girona,barcelona,2,1,H,13,27,9,4,3,7,10,6,1,2,1,0,6.5700,5.3700,1.3700,1.3000,3.3000,2.5000,1.3200,3.1400,29395,2.8897,2.6965,2.8897,1.9533,22.8824,7.8333,8,13,0.1425,0.1743,0.6832,0.0684,0.7174,1.0000,0.0000
20260218_levante_villarreal,20260218,2026-02-18,2025-26,levante,villarreal,0,1,A,16,15,4,6,3,2,13,20,3,4,0,0,3.9700,3.8400,1.8100,1.6500,2.1600,0.5000,1.9500,1.7800,29311,0.7743,2.4002,0.7743,2.4002,8.8095,9.8750,8,12,0.2366,0.2446,0.5189,0.0648,0.5669,0.0000,1.0000
20260220_athletic_elche,20260220,2026-02-20,2025-26,athletic,elche,2,1,H,18,2,8,2,4,1,18,9,3,3,0,0,1.6600,3.8300,5.0300,1.8300,1.9100,-0.7500,1.8400,1.9300,29399,3.3835,0.7836,2.6402,0.0403,7.1351,10.2778,5,2,0.5671,0.2458,0.1871,0.0623,0.5107,1.0000,1.0000
20260221_sociedad_oviedo,20260221,2026-02-21,2025-26,sociedad,oviedo,3,3,D,15,14,8,6,7,6,13,16,2,1,0,0,1.4600,4.0600,7.5200,1.9100,1.8400,-1.0000,1.7700,2.0200,29407,2.7749,1.7509,2.7749,1.7509,6.1250,10.1562,3,1,0.6436,0.2314,0.1250,0.0642,0.4907,1.0000,0.0000
20260221_betis_rayo-vallecano,20260221,2026-02-21,2025-26,betis,rayo vallecano,1,1,D,14,12,3,3,3,5,14,13,4,3,0,0,1.8800,3.4500,4.1900,1.8800,1.8600,-0.5000,1.8400,1.8800,29402,2.1355,1.3034,2.1355,1.3034,14.5500,9.4348,9,7,0.5016,0.2733,0.2251,0.0604,0.4973,0.0000,0.0000
20260221_osasuna_madrid,20260221,2026-02-21,2025-26,osasuna,madrid,2,1,H,13,15,2,5,3,7,19,10,2,4,0,0,4.6700,3.9800,1.6800,1.6500,2.1500,0.7500,1.9200,1.8500,29405,2.3125,2.0231,1.5692,2.0231,18.1765,8.9500,6,4,0.2019,0.2369,0.5612,0.0606,0.5658,1.0000,0.0000
20260221_atletico-madrid_espanyol,20260221,2026-02-21,2025-26,atletico madrid,espanyol,4,2,H,18,8,9,2,5,3,8,10,0,1,0,0,1.4700,4.2500,6.8700,1.8300,1.9100,-1.0000,1.7700,2.0100,29400,3.2859,1.0411,3.2859,1.0411,9.6400,22.0000,13,3,0.6411,0.2217,0.1372,0.0611,0.5107,1.0000,1.0000
20260222_getafe_sevilla,20260222,2026-02-22,2025-26,getafe,sevilla,0,1,A,6,6,3,1,2,2,5,18,1,1,1,0,2.3900,2.8700,3.3100,2.8700,1.3800,-0.2500,1.9900,1.7800,29404,0.2505,0.2832,0.2505,0.2832,38.2222,2.9688,1,3,0.3914,0.3260,0.2826,0.0690,0.3247,0.0000,0.0000
20260222_barcelona_levante,20260222,2026-02-22,2025-26,barcelona,levante,3,0,H,22,5,9,2,13,6,12,10,2,1,0,0,1.1000,9.9800,17.5400,1.2100,4.2300,-2.5000,1.7800,1.9500,29401,4.2440,0.6026,4.2440,0.6026,6.9565,23.5556,15,3,0.8526,0.0940,0.0535,0.0663,0.7776,1.0000,1.0000
20260222_celta_mallorca,20260222,2026-02-22,2025-26,celta,mallorca,2,0,H,20,1,7,0,7,2,11,10,1,5,0,0,1.8100,3.4000,4.5300,2.1400,1.6600,-0.5000,1.7700,1.9600,29403,2.9390,0.0207,2.1958,0.0207,9.5200,24.0000,10,0,0.5176,0.2756,0.2068,0.0674,0.4368,0.0000,1.0000
20260222_villarreal_valencia,20260222,2026-02-22,2025-26,villarreal,valencia,2,1,H,12,8,5,3,5,4,7,16,2,4,0,0,1.6900,3.8600,4.6200,1.7600,1.9900,-0.7500,1.8700,1.9000,29406,2.3814,1.9126,1.6382,1.1693,19.4286,7.7826,3,5,0.5544,0.2427,0.2028,0.0672,0.5307,1.0000,1.0000
20260223_alaves_girona,20260223,2026-02-23,2025-26,alaves,girona,2,2,D,17,10,6,5,7,6,18,6,2,2,0,0,2.2900,2.9600,3.4000,2.4100,1.5300,-0.2500,1.9300,1.8400,29398,2.1366,2.0572,2.1366,2.0572,8.4839,10.2308,8,7,0.4086,0.3161,0.2752,0.0686,0.3883,1.0000,0.0000
20260227_levante_alaves,20260227,2026-02-27,2025-26,levante,alaves,2,0,H,22,17,5,7,10,6,14,16,1,6,0,1,2.6300,3.0800,2.8100,2.2300,1.6200,0.0000,1.8100,1.9500,29412,2.7725,1.2986,2.7725,1.2986,7.9000,8.8333,8,7,0.3584,0.3061,0.3355,0.0608,0.4208,0.0000,1.0000
20260228_oviedo_atletico-madrid,20260228,2026-02-28,2025-26,oviedo,atletico madrid,0,1,A,16,12,6,1,8,3,12,6,2,2,0,0,5.3300,3.6000,1.6700,1.9800,1.7600,0.7500,1.9200,1.8600,29414,1.5009,0.8531,1.5009,0.8531,15.9524,12.0588,4,7,0.1763,0.2610,0.5627,0.0642,0.4706,0.0000,1.0000
20260228_mallorca_sociedad,20260228,2026-02-28,2025-26,mallorca,sociedad,0,1,A,6,12,1,2,3,7,6,22,0,2,0,0,2.9700,3.2400,2.3900,2.0300,1.7300,0.2500,1.7600,2.0200,29411,0.7542,0.9297,0.7542,0.9297,27.0000,9.5000,5,3,0.3165,0.2901,0.3933,0.0638,0.4601,0.0000,1.0000
20260228_rayo-vallecano_athletic,20260228,2026-02-28,2025-26,rayo vallecano,athletic,1,1,D,15,8,7,2,5,4,8,17,2,3,0,0,2.4100,3.0900,3.1000,2.2600,1.5900,-0.2500,2.0300,1.7600,29413,1.3595,0.4285,1.3595,0.4285,7.9412,6.2917,4,4,0.3910,0.3050,0.3040,0.0611,0.4130,0.0000,0.0000
20260228_barcelona_villarreal,20260228,2026-02-28,2025-26,barcelona,villarreal,4,1,H,19,6,8,1,3,2,11,9,2,1,0,0,1.2900,6.1500,8.0200,1.2600,3.6200,-1.7500,1.9000,1.8700,29408,3.5474,1.3618,3.5474,1.3618,4.3590,26.1250,15,8,0.7296,0.1530,0.1174,0.0625,0.7418,1.0000,1.0000
20260301_elche_espanyol,20260301,2026-03-01,2025-26,elche,espanyol,2,2,D,17,9,9,4,3,1,14,23,1,6,0,1,2.3800,3.1700,3.0000,1.9900,1.7600,-0.2500,2.0200,1.7500,29410,1.8238,0.8349,1.0805,0.8349,6.3529,16.7727,2,3,0.3931,0.2951,0.3118,0.0690,0.4693,1.0000,0.0000
20260301_valencia_osasuna,20260301,2026-03-01,2025-26,valencia,osasuna,1,0,H,14,8,1,0,5,4,14,13,3,3,0,0,2.3300,3.1200,3.1300,2.1900,1.6300,-0.2500,1.9700,1.8100,29417,1.3108,0.2591,0.5675,0.2591,9.2083,10.1429,4,4,0.4014,0.2998,0.2988,0.0692,0.4267,0.0000,1.0000
20260301_betis_sevilla,20260301,2026-03-01,2025-26,betis,sevilla,2,2,D,9,14,2,6,4,3,12,15,3,3,0,0,1.7700,3.6300,4.4200,1.9300,1.8100,-0.7500,1.9800,1.8000,29409,1.4844,0.6562,1.4844,0.6562,13.1154,16.3333,3,9,0.5296,0.2583,0.2121,0.0667,0.4840,1.0000,0.0000
20260301_girona_celta,20260301,2026-03-01,2025-26,girona,celta,1,2,A,15,7,7,5,10,6,9,8,2,2,0,0,2.4000,3.2800,2.8600,1.9500,1.7800,-0.2500,2.0300,1.7500,29415,1.5704,0.6971,1.5704,0.6971,17.0000,17.5882,8,4,0.3890,0.2846,0.3264,0.0712,0.4772,1.0000,0.0000
20260302_madrid_getafe,20260302,2026-03-02,2025-26,madrid,getafe,0,1,A,18,9,7,3,10,2,11,17,4,6,1,1,1.2800,5.1200,10.5200,1.7700,1.9800,-1.5000,1.8800,1.8500,29416,2.0227,0.4763,2.0227,0.4763,4.3684,16.1667,11,3,0.7290,0.1823,0.0887,0.0716,0.5280,0.0000,0.0000
20260304_rayo-vallecano_oviedo,20260304,2026-03-04,2025-26,rayo vallecano,oviedo,3,0,H,19,8,7,2,12,2,10,10,0,2,0,0,1.6800,3.6300,5.2200,2.0900,1.6900,-0.7500,1.8700,1.9100,29385,2.5509,1.0105,1.8076,1.0105,9.0417,9.0435,8,6,0.5603,0.2593,0.1803,0.0623,0.4471,1.0000,1.0000
20260306_celta_madrid,20260306,2026-03-06,2025-26,celta,madrid,1,2,A,8,14,4,3,1,6,4,12,1,2,0,0,3.1500,3.3300,2.2500,1.9800,1.7800,0.2500,1.8400,1.9300,29420,0.9103,0.6376,0.9103,0.6376,36.7273,11.1786,2,9,0.2989,0.2827,0.4184,0.0622,0.4734,1.0000,1.0000
20260307_atletico-madrid_sociedad,20260307,2026-03-07,2025-26,atletico madrid,sociedad,3,2,H,24,7,9,3,8,1,6,10,1,1,0,0,1.6000,3.9800,5.3200,1.7500,2.0000,-1.0000,2.0000,1.7700,29419,3.5797,0.3139,3.5797,0.3139,11.4348,12.8125,25,4,0.5873,0.2361,0.1766,0.0642,0.5333,1.0000,1.0000
20260307_osasuna_mallorca,20260307,2026-03-07,2025-26,osasuna,mallorca,2,2,D,22,8,5,4,8,0,11,12,2,5,1,1,1.7400,3.5500,4.9300,2.1600,1.6500,-0.7500,1.9400,1.8400,29426,3.0903,1.0316,3.0903,1.0316,12.0500,13.2500,11,4,0.5426,0.2659,0.1915,0.0592,0.4331,1.0000,0.0000
20260307_levante_girona,20260307,2026-03-07,2025-26,levante,girona,1,1,D,14,22,4,5,2,3,15,9,2,2,1,0,2.7800,3.3500,2.4600,1.8900,1.8500,0.0000,1.9900,1.7700,29425,0.8190,1.9170,0.8190,1.9170,11.8696,9.0526,3,9,0.3378,0.2804,0.3818,0.0647,0.4947,0.0000,0.0000
20260307_athletic_barcelona,20260307,2026-03-07,2025-26,athletic,barcelona,0,1,A,10,7,3,2,2,4,11,9,2,1,0,0,4.7500,4.3100,1.6100,1.4700,2.5700,1.0000,1.7800,2.0000,29418,1.0470,0.5600,1.0470,0.5600,16.8214,8.9375,5,2,0.1979,0.2181,0.5839,0.0637,0.6361,0.0000,1.0000
20260308_valencia_alaves,20260308,2026-03-08,2025-26,valencia,alaves,3,2,H,19,10,8,4,10,2,9,17,1,6,0,2,2.0600,3.1000,3.8500,2.3800,1.5400,-0.5000,2.0000,1.7400,29422,2.5166,1.6079,1.7733,0.8647,9.8947,11.1200,15,4,0.4546,0.3021,0.2433,0.0678,0.3929,1.0000,1.0000
20260308_sevilla_rayo-vallecano,20260308,2026-03-08,2025-26,sevilla,rayo vallecano,1,1,D,11,9,2,2,6,2,13,15,1,3,0,0,2.4700,3.1000,2.9300,2.1700,1.6400,-0.2500,2.0900,1.6900,29427,1.1457,0.2117,1.1457,0.2117,10.5000,5.1429,0,1,0.3788,0.3018,0.3193,0.0687,0.4304,0.0000,0.0000
20260308_villarreal_elche,20260308,2026-03-08,2025-26,villarreal,elche,2,1,H,16,13,7,6,4,6,11,16,1,2,0,0,1.4700,4.4900,5.9900,1.5600,2.3100,-1.0000,1.7600,2.0100,29424,2.3063,1.6205,2.3063,1.6205,17.5263,6.0714,16,7,0.6358,0.2082,0.1560,0.0699,0.5969,1.0000,1.0000
20260308_getafe_betis,20260308,2026-03-08,2025-26,getafe,betis,2,0,H,9,14,5,5,3,8,19,8,3,2,0,0,2.8000,2.8400,2.7200,2.6900,1.4300,0.0000,1.8900,1.8800,29423,0.8211,1.2491,0.8211,1.2491,18.0526,4.8824,6,3,0.3316,0.3270,0.3414,0.0769,0.3471,0.0000,0.0000
20260309_espanyol_oviedo,20260309,2026-03-09,2025-26,espanyol,oviedo,1,1,D,28,6,9,3,8,0,19,13,3,2,0,0,1.8800,3.3100,4.2500,2.1500,1.6500,-0.5000,1.8500,1.8800,29421,1.5509,0.8867,1.5509,0.8867,5.5000,13.8095,7,3,0.4974,0.2825,0.2200,0.0693,0.4342,0.0000,0.0000
20260313_alaves_villarreal,20260313,2026-03-13,2025-26,alaves,villarreal,1,1,D,8,10,0,4,5,2,19,11,4,1,0,0,3.2500,3.3500,2.1900,1.9300,1.8200,0.2500,1.8800,1.8900,29428,0.2872,0.8738,0.2872,0.8738,6.7586,8.4000,1,5,0.2895,0.2809,0.4296,0.0628,0.4853,0.0000,0.0000
20260314_madrid_elche,20260314,2026-03-14,2025-26,madrid,elche,4,1,H,14,11,6,1,5,4,11,21,1,3,0,0,1.3000,5.6600,8.4100,1.4200,2.6900,-1.5000,1.8000,1.9100,29434,1.7253,1.3711,1.7253,1.3711,13.8636,8.7000,3,5,0.7224,0.1659,0.1117,0.0648,0.6545,1.0000,1.0000
20260314_girona_athletic,20260314,2026-03-14,2025-26,girona,athletic,3,0,H,14,20,6,9,2,9,8,16,0,2,0,0,2.6600,3.3100,2.5900,1.9900,1.7700,0.0000,1.9200,1.8500,29433,2.1944,1.9727,2.1944,1.9727,19.0667,9.1818,6,12,0.3533,0.2839,0.3628,0.0642,0.4707,1.0000,0.0000
20260314_atletico-madrid_getafe,20260314,2026-03-14,2025-26,atletico madrid,getafe,1,0,H,16,7,5,3,10,3,11,11,3,3,0,1,1.5500,3.6700,6.9100,2.3400,1.5500,-1.0000,1.9700,1.8000,29429,2.1447,1.5825,2.1447,1.5825,4.3571,13.1600,16,4,0.6073,0.2565,0.1362,0.0624,0.3985,0.0000,1.0000
20260314_oviedo_valencia,20260314,2026-03-14,2025-26,oviedo,valencia,1,0,H,11,13,6,2,4,7,12,11,3,2,0,0,2.8600,3.1100,2.5300,2.3100,1.5700,0.0000,1.9900,1.7700,29432,1.8648,0.4869,1.8648,0.4869,12.4091,11.8125,3,3,0.3279,0.3015,0.3706,0.0665,0.4046,0.0000,0.0000
20260315_betis_celta,20260315,2026-03-15,2025-26,betis,celta,1,1,D,19,7,6,3,3,4,11,16,2,3,0,0,2.1800,3.2500,3.2900,1.9100,1.8100,-0.2500,1.8600,1.9300,29431,1.8775,0.6467,1.8775,0.6467,15.0000,12.5500,7,2,0.4286,0.2875,0.2840,0.0704,0.4866,0.0000,0.0000
20260315_sociedad_osasuna,20260315,2026-03-15,2025-26,sociedad,osasuna,3,1,H,14,13,6,5,3,5,16,11,3,0,0,0,1.8700,3.4300,4.0600,1.9600,1.7800,-0.5000,1.8400,1.8800,29437,2.9143,0.6151,2.1710,0.6151,7.0000,13.3182,9,5,0.4986,0.2718,0.2296,0.0726,0.4759,1.0000,1.0000
20260315_mallorca_espanyol,20260315,2026-03-15,2025-26,mallorca,espanyol,2,1,H,26,10,12,2,5,6,11,14,3,3,0,1,2.3000,3.0900,3.1900,2.3100,1.5700,-0.2500,1.9400,1.8200,29435,2.1497,1.3524,2.1497,1.3524,5.7619,18.7059,7,3,0.4056,0.3019,0.2925,0.0719,0.4046,1.0000,1.0000
20260315_barcelona_sevilla,20260315,2026-03-15,2025-26,barcelona,sevilla,5,2,H,13,8,8,4,3,4,5,14,0,1,0,0,1.2600,6.0600,9.1900,1.3100,3.2500,-1.7500,1.8800,1.9000,29430,3.8639,1.0430,2.3773,1.0430,9.9583,17.4800,6,7,0.7435,0.1546,0.1019,0.0675,0.7127,1.0000,1.0000
20260316_rayo-vallecano_levante,20260316,2026-03-16,2025-26,rayo vallecano,levante,1,1,D,18,19,4,5,5,6,10,13,3,5,1,0,1.6700,3.7400,4.9200,1.8600,1.8700,-0.7500,1.8600,1.9200,29436,1.6813,1.4560,1.6813,1.4560,9.8889,12.8235,6,12,0.5599,0.2500,0.1901,0.0694,0.5013,0.0000,0.0000
20260320_villarreal_sociedad,20260320,2026-03-20,2025-26,villarreal,sociedad,3,1,H,21,11,10,4,4,5,10,11,0,2,0,0,1.9300,3.6200,3.7200,1.7500,2.0200,-0.5000,1.8900,1.8300,29438,3.3559,0.8950,3.3559,0.8950,36.0000,9.2400,6,11,0.4873,0.2598,0.2528,0.0632,0.5358,1.0000,1.0000
20260321_elche_mallorca,20260321,2026-03-21,2025-26,elche,mallorca,2,1,H,13,11,4,4,2,2,12,11,2,2,0,0,2.1000,3.3000,3.4900,2.0500,1.7200,-0.2500,1.7700,2.0000,29440,1.5160,1.5194,1.5160,0.7761,6.4643,9.0455,8,2,0.4468,0.2843,0.2689,0.0658,0.4562,1.0000,1.0000
20260321_espanyol_getafe,20260321,2026-03-21,2025-26,espanyol,getafe,1,2,A,15,10,5,5,12,9,14,20,2,7,0,0,2.4000,2.9200,3.2800,2.9000,1.3800,-0.2500,1.9900,1.7800,29442,1.5121,2.0638,1.5121,2.0638,4.2500,8.7000,4,3,0.3916,0.3219,0.2865,0.0640,0.3224,1.0000,0.0000
20260321_levante_oviedo,20260321,2026-03-21,2025-26,levante,oviedo,4,2,H,20,10,8,2,3,1,17,18,2,3,0,0,2.1800,3.2800,3.3300,2.0700,1.7000,-0.2500,1.8400,1.9300,29443,2.9267,1.3357,2.9267,0.5924,8.3030,5.2400,10,4,0.4312,0.2866,0.2823,0.0639,0.4509,1.0000,1.0000
20260321_osasuna_girona,20260321,2026-03-21,2025-26,osasuna,girona,1,0,H,19,5,11,0,6,2,18,7,2,1,0,0,2.1700,3.3500,3.2900,1.9300,1.8100,-0.2500,1.8600,1.9200,29447,2.2623,0.2321,2.2623,0.2321,10.7778,11.6400,8,6,0.4334,0.2807,0.2859,0.0633,0.4840,0.0000,1.0000
20260321_sevilla_valencia,20260321,2026-03-21,2025-26,sevilla,valencia,0,2,A,13,9,2,4,1,3,13,6,2,1,0,0,2.2400,3.1300,3.3400,2.2900,1.5700,-0.2500,1.8900,1.8800,29444,0.5054,1.7133,0.5054,1.7133,8.4000,20.9231,4,6,0.4191,0.2999,0.2810,0.0653,0.4067,0.0000,0.0000
20260322_barcelona_rayo-vallecano,20260322,2026-03-22,2025-26,barcelona,rayo vallecano,1,0,H,15,8,4,4,6,9,12,11,3,4,0,0,1.2200,6.5400,9.9600,1.3300,3.1600,-1.7500,1.7800,1.9900,29441,1.9221,2.1963,1.9221,2.1963,3.9024,12.1923,7,3,0.7639,0.1425,0.0936,0.0730,0.7038,0.0000,1.0000
20260322_celta_alaves,20260322,2026-03-22,2025-26,celta,alaves,3,4,A,12,14,5,6,4,1,13,16,2,2,0,0,1.8100,3.3300,4.6400,2.2700,1.5900,-0.5000,1.7800,1.9500,29445,1.7097,1.6722,1.7097,1.6722,9.1429,12.0435,8,5,0.5172,0.2811,0.2017,0.0683,0.4119,1.0000,0.0000
20260322_athletic_betis,20260322,2026-03-22,2025-26,athletic,betis,2,1,H,11,11,6,3,6,5,10,6,1,1,0,0,2.1800,3.3900,3.1700,1.9000,1.8400,-0.2500,1.8900,1.8900,29439,1.9271,0.5912,1.9271,0.5912,15.5385,10.6667,7,5,0.4290,0.2759,0.2951,0.0692,0.4920,1.0000,1.0000
20260322_madrid_atletico-madrid,20260322,2026-03-22,2025-26,madrid,atletico madrid,3,2,H,17,13,10,7,4,1,2,15,1,4,1,0,1.9100,3.7800,3.5400,1.5700,2.3100,-0.5000,1.8600,1.8600,29446,2.9661,1.4023,2.2228,1.4023,20.7692,18.0000,7,6,0.4890,0.2471,0.2639,0.0706,0.5954,1.0000,1.0000
20260403_rayo-vallecano_elche,20260403,2026-04-03,2025-26,rayo vallecano,elche,1,0,H,21,9,5,4,9,4,17,9,0,4,0,1,1.7200,3.7700,4.7000,1.8000,1.9600,-0.7500,1.9100,1.8500,29456,1.5149,0.6020,1.5149,0.6020,4.2143,12.5882,8,4,0.5488,0.2504,0.2008,0.0594,0.5213,0.0000,1.0000
20260404_atletico-madrid_barcelona,20260404,2026-04-04,2025-26,atletico madrid,barcelona,1,2,A,6,22,2,8,1,9,15,11,6,2,1,0,3.0000,3.7700,2.1500,1.4500,2.6300,0.2500,1.9000,1.8600,29449,0.9193,2.6858,0.9193,2.6858,16.3684,10.5263,3,13,0.3134,0.2494,0.4373,0.0637,0.6446,1.0000,1.0000
20260404_betis_espanyol,20260404,2026-04-04,2025-26,betis,espanyol,0,0,D,19,8,6,1,4,3,12,18,1,3,0,0,1.7100,3.8800,4.5900,1.8100,1.9300,-0.7500,1.8800,1.8800,29450,2.0021,0.1441,2.0021,0.1441,5.3750,27.7143,9,1,0.5515,0.2431,0.2055,0.0604,0.5160,0.0000,0.0000
20260404_sociedad_levante,20260404,2026-04-04,2025-26,sociedad,levante,2,0,H,18,8,5,4,11,5,11,15,2,3,0,0,1.5700,4.1800,5.4200,1.6900,2.1100,-1.0000,1.9400,1.8200,29457,2.9640,0.3202,2.9640,0.3202,9.0000,11.2000,9,3,0.6005,0.2255,0.1739,0.0607,0.5553,0.0000,1.0000
20260404_mallorca_madrid,20260404,2026-04-04,2025-26,mallorca,madrid,2,1,H,6,15,2,6,6,4,16,13,3,2,0,0,5.5100,4.2200,1.5500,1.6300,2.1900,1.0000,1.8700,1.8900,29452,1.0388,1.5145,1.0388,1.5145,13.5652,9.1111,2,12,0.1706,0.2228,0.6066,0.0636,0.5733,1.0000,0.0000
20260405_getafe_athletic,20260405,2026-04-05,2025-26,getafe,athletic,2,0,H,10,5,6,0,4,3,11,11,3,1,0,0,2.9900,2.8200,2.6300,2.9800,1.3600,0.0000,1.9800,1.7800,29455,1.9634,0.5244,1.9634,0.5244,13.2727,4.6500,2,7,0.3128,0.3316,0.3556,0.0693,0.3134,0.0000,0.0000
20260405_valencia_celta,20260405,2026-04-05,2025-26,valencia,celta,2,3,A,13,9,4,5,6,0,14,21,1,3,0,0,2.3000,3.2200,3.0700,2.1000,1.6800,-0.2500,1.9400,1.8100,29454,0.7210,1.4570,0.7210,1.4570,13.4737,7.8750,7,9,0.4059,0.2900,0.3041,0.0711,0.4444,1.0000,0.0000
20260405_oviedo_sevilla,20260405,2026-04-05,2025-26,oviedo,sevilla,1,0,H,7,9,4,0,5,9,11,12,5,3,0,1,2.8200,2.9700,2.6400,2.3300,1.5500,0.0000,1.9400,1.8300,29453,0.7851,0.8407,0.7851,0.8407,8.2000,14.0952,3,4,0.3314,0.3146,0.3540,0.0701,0.3995,0.0000,0.0000
20260405_alaves_osasuna,20260405,2026-04-05,2025-26,alaves,osasuna,2,2,D,18,8,6,5,7,1,7,17,2,5,0,0,2.4300,3.1100,2.9700,2.2500,1.5900,-0.2500,2.0400,1.7100,29448,1.6597,1.6115,0.9164,0.8682,24.5000,9.9474,4,4,0.3847,0.3006,0.3147,0.0698,0.4141,1.0000,0.0000
20260406_girona_villarreal,20260406,2026-04-06,2025-26,girona,villarreal,1,0,H,10,9,2,0,7,4,8,9,2,2,0,0,3.0900,3.4500,2.1900,1.6700,2.1200,0.2500,1.8700,1.8900,29451,0.6535,0.4435,0.6535,0.4435,13.2105,12.6667,9,7,0.3024,0.2709,0.4267,0.0701,0.5594,0.0000,0.0000
20260410_madrid_girona,20260410,2026-04-10,2025-26,madrid,girona,1,1,D,22,10,9,2,10,1,9,13,2,1,0,0,1.3000,5.7600,8.5700,1.4200,2.7700,-1.5000,1.8100,1.9100,29462,1.9809,0.4667,1.9809,0.4667,10.6000,20.5000,18,6,0.7260,0.1639,0.1101,0.0595,0.6611,0.0000,0.0000
20260411_sevilla_atletico-madrid,20260411,2026-04-11,2025-26,sevilla,atletico madrid,2,1,H,11,13,2,2,6,6,7,12,4,4,0,0,2.7800,3.1200,2.6300,2.1000,1.6800,0.0000,1.7700,1.9900,29463,1.6578,0.8555,0.9145,0.8555,20.4118,7.3333,6,6,0.3392,0.3022,0.3586,0.0605,0.4444,1.0000,0.0000
20260411_sociedad_alaves,20260411,2026-04-11,2025-26,sociedad,alaves,3,3,D,12,12,4,2,9,5,11,18,2,4,1,0,1.7200,3.6800,4.7600,1.8600,1.8800,-0.7500,1.9100,1.8500,29464,1.2950,1.2060,1.2950,1.2060,9.8182,11.5000,9,10,0.5468,0.2556,0.1976,0.0632,0.5027,1.0000,0.0000
20260411_elche_valencia,20260411,2026-04-11,2025-26,elche,valencia,1,0,H,8,22,2,8,5,9,15,18,1,1,0,0,2.5000,3.2400,2.8300,2.0100,1.7400,0.0000,1.7900,1.9800,29465,1.0349,2.7689,1.0349,2.7689,7.1600,7.9655,5,1,0.3766,0.2906,0.3327,0.0620,0.4640,0.0000,1.0000
20260411_barcelona_espanyol,20260411,2026-04-11,2025-26,barcelona,espanyol,4,1,H,20,10,10,2,7,5,10,18,3,6,0,0,1.2600,6.2600,9.3900,1.3000,3.3400,-1.7500,1.8700,1.8900,29459,3.3079,1.1313,3.3079,1.1313,4.7917,15.5152,7,5,0.7488,0.1507,0.1005,0.0599,0.7198,1.0000,1.0000
20260412_celta_oviedo,20260412,2026-04-12,2025-26,celta,oviedo,0,3,A,9,8,6,5,4,1,9,13,1,2,0,0,1.6600,3.8000,4.9000,1.9200,1.8200,-0.7500,1.8700,1.8900,29467,1.1588,2.1285,1.1588,2.1285,6.2857,18.0000,16,0,0.5632,0.2460,0.1908,0.0696,0.4866,1.0000,0.0000
20260412_athletic_villarreal,20260412,2026-04-12,2025-26,athletic,villarreal,1,2,A,18,12,6,6,15,3,15,8,2,3,0,0,2.2600,3.4100,2.9900,1.8800,1.8600,-0.2500,1.9500,1.8200,29458,1.3194,1.5514,1.3194,1.5514,6.9667,18.9375,12,6,0.4135,0.2740,0.3125,0.0702,0.4973,1.0000,0.0000
20260412_osasuna_betis,20260412,2026-04-12,2025-26,osasuna,betis,1,1,D,12,8,4,3,6,3,14,12,3,4,0,0,2.2000,3.3900,3.1400,1.8800,1.8600,-0.2500,1.8700,1.8900,29460,1.5293,0.4112,0.7860,0.4112,10.8077,17.5000,7,3,0.4256,0.2762,0.2982,0.0680,0.4973,0.0000,0.0000
20260412_mallorca_rayo-vallecano,20260412,2026-04-12,2025-26,mallorca,rayo vallecano,3,0,H,12,17,4,3,6,7,13,11,1,4,0,0,2.4100,3.1500,2.9600,2.1900,1.6300,-0.2500,2.0000,1.7500,29466,2.5466,1.9705,2.5466,1.9705,10.4400,10.9444,6,8,0.3877,0.2966,0.3157,0.0702,0.4267,1.0000,1.0000
20260413_levante_getafe,20260413,2026-04-13,2025-26,levante,getafe,1,0,H,22,5,4,1,8,2,12,24,2,7,0,1,2.6900,2.9500,2.7800,2.6800,1.4400,0.0000,1.8300,1.9100,29461,3.3280,0.2910,1.8414,0.2910,4.9000,7.2759,5,3,0.3473,0.3167,0.3360,0.0704,0.3495,0.0000,1.0000
20260421_athletic_osasuna,20260421,2026-04-21,2025-26,athletic,osasuna,1,0,H,7,8,2,3,5,4,12,11,3,2,1,0,1.8200,3.4700,4.4000,1.9300,1.8200,-0.5000,1.8100,1.9000,29478,0.4901,1.3955,0.4901,0.6522,12.9655,8.6500,4,8,0.5160,0.2706,0.2134,0.0649,0.4853,0.0000,1.0000
20260421_mallorca_valencia,20260421,2026-04-21,2025-26,mallorca,valencia,1,1,D,20,10,8,3,7,4,9,12,0,2,0,0,2.5100,3.1200,2.8800,2.1000,1.6800,,1.7600,2.0000,29481,2.2447,1.3939,2.2447,1.3939,9.4545,15.7222,10,7,0.3737,0.3006,0.3257,0.0661,0.4444,0.0000,0.0000
20260421_girona_betis,20260421,2026-04-21,2025-26,girona,betis,2,3,A,9,7,2,3,3,1,11,18,1,3,0,0,2.3900,3.3700,2.8800,1.8300,1.9200,,1.7000,2.0700,29485,1.7289,1.2495,0.9856,1.2495,15.2105,10.6333,5,3,0.3938,0.2793,0.3268,0.0624,0.5120,1.0000,0.0000
20260421_madrid_alaves,20260421,2026-04-21,2025-26,madrid,alaves,2,1,H,24,19,8,5,9,6,14,12,1,1,0,0,1.2300,6.4600,11.2300,1.4000,2.8100,-1.7500,1.7900,1.9600,29483,1.5040,1.6297,1.5040,1.6297,10.5789,14.3913,16,12,0.7693,0.1465,0.0843,0.0569,0.6675,1.0000,1.0000
20260422_elche_atletico-madrid,20260422,2026-04-22,2025-26,elche,atletico madrid,3,2,H,14,6,6,3,13,3,11,12,2,2,0,1,2.6500,3.6100,2.4400,1.6600,2.1300,,1.8900,1.8500,29484,3.6285,0.8468,2.8853,0.8468,6.0417,12.5714,12,3,0.3546,0.2603,0.3851,0.0642,0.5620,1.0000,0.0000
20260422_sociedad_getafe,20260422,2026-04-22,2025-26,sociedad,getafe,0,1,A,13,5,4,0,6,3,13,22,4,5,0,0,2.2200,3.0100,3.5800,2.5100,1.4900,-0.2500,1.8800,1.8700,29487,1.9016,0.2152,1.1583,0.2152,3.1923,14.6316,9,2,0.4242,0.3128,0.2630,0.0620,0.3725,0.0000,0.0000
20260422_barcelona_celta,20260422,2026-04-22,2025-26,barcelona,celta,1,0,H,10,6,3,3,5,3,13,10,1,1,0,0,1.2300,6.7200,10.2500,1.2800,3.4800,-2.0000,1.9400,1.8000,29479,1.5445,1.0739,0.8012,1.0739,9.6786,14.6897,11,2,0.7674,0.1405,0.0921,0.0594,0.7311,0.0000,1.0000
20260423_levante_sevilla,20260423,2026-04-23,2025-26,levante,sevilla,2,0,H,8,7,3,0,3,6,17,16,3,4,0,0,2.4900,3.1900,2.8100,2.1000,1.6800,,1.7200,2.0200,29480,1.2081,0.4445,1.2081,0.4445,9.6296,9.6000,4,3,0.3750,0.2927,0.3323,0.0710,0.4444,0.0000,1.0000
20260423_rayo-vallecano_espanyol,20260423,2026-04-23,2025-26,rayo vallecano,espanyol,1,0,H,17,15,6,4,6,5,12,15,2,4,0,0,2.0800,3.2000,3.6500,2.1100,1.6700,-0.5000,2.0300,1.7000,29486,2.0698,1.6853,2.0698,0.9422,12.5000,6.2258,6,7,0.4505,0.2928,0.2567,0.0672,0.4418,0.0000,1.0000
20260423_oviedo_villarreal,20260423,2026-04-23,2025-26,oviedo,villarreal,1,1,D,16,7,4,3,7,0,9,11,1,1,0,0,3.6600,3.3200,2.0300,1.9000,1.8300,0.5000,1.7300,1.9900,29482,2.5285,3.2502,2.5285,1.7637,7.1351,18.1579,8,10,0.2561,0.2823,0.4617,0.0670,0.4906,0.0000,0.0000
20260424_betis_madrid,20260424,2026-04-24,2025-26,betis,madrid,1,1,D,19,12,4,8,7,6,10,8,1,2,0,0,3.6500,4.0300,1.8400,1.4800,2.5400,0.5000,1.9100,1.8000,29474,1.0195,1.0958,1.0195,1.0958,17.5000,17.5789,12,13,0.2571,0.2329,0.5100,0.0656,0.6318,0.0000,0.0000
20260425_atletico-madrid_athletic,20260425,2026-04-25,2025-26,atletico madrid,athletic,3,2,H,6,12,4,4,3,4,8,12,0,0,0,0,2.1600,3.4800,3.1500,1.8300,1.9000,-0.2500,1.8200,1.9100,29468,2.4796,0.9706,2.4796,0.9706,15.1111,16.5652,2,5,0.4336,0.2691,0.2973,0.0678,0.5094,1.0000,1.0000
20260425_valencia_girona,20260425,2026-04-25,2025-26,valencia,girona,2,1,H,12,7,3,4,4,4,22,8,2,2,0,0,2.0600,3.3900,3.4900,1.8800,1.8500,-0.5000,1.9400,1.7700,29472,2.3126,1.3880,2.3126,1.3880,9.9394,8.5000,7,4,0.4550,0.2765,0.2686,0.0670,0.4960,1.0000,1.0000
20260425_alaves_mallorca,20260425,2026-04-25,2025-26,alaves,mallorca,2,1,H,15,4,4,2,9,4,15,14,2,1,0,0,2.1300,3.1300,3.6100,2.0900,1.6800,-0.2500,1.7700,1.9700,29473,1.4077,0.2215,1.4077,0.2215,11.5417,11.7500,5,2,0.4404,0.2997,0.2599,0.0660,0.4456,1.0000,1.0000
20260425_getafe_barcelona,20260425,2026-04-25,2025-26,getafe,barcelona,0,2,A,4,13,0,4,6,3,15,8,2,2,0,0,5.2000,3.9300,1.6100,1.8000,1.9400,0.7500,1.9700,1.7800,29469,0.6077,2.0517,0.6077,2.0517,16.1200,4.5333,4,4,0.1801,0.2383,0.5816,0.0679,0.5187,0.0000,1.0000
20260426_rayo-vallecano_sociedad,20260426,2026-04-26,2025-26,rayo vallecano,sociedad,3,3,D,24,13,9,8,6,4,14,12,6,4,1,0,2.6200,3.2300,2.6300,1.9200,1.8100,0.0000,1.8700,1.8700,29475,3.1850,2.3968,3.1850,1.6536,5.0000,9.6667,1,7,0.3562,0.2889,0.3549,0.0715,0.4853,1.0000,0.0000
20260426_oviedo_elche,20260426,2026-04-26,2025-26,oviedo,elche,1,2,A,12,4,3,4,6,1,21,14,2,0,0,1,2.3400,3.2900,2.9300,2.0400,1.7200,-0.2500,1.9600,1.7800,29471,0.7723,0.6218,0.7723,0.6218,5.2963,13.6000,4,2,0.3984,0.2834,0.3182,0.0726,0.4574,1.0000,0.0000
20260426_osasuna_sevilla,20260426,2026-04-26,2025-26,osasuna,sevilla,2,1,H,15,8,7,2,4,4,11,13,2,2,0,0,2.0300,3.3500,3.5500,2.0200,1.7300,-0.5000,2.0000,1.7300,29476,2.1425,0.5538,2.1425,0.5538,10.2143,14.1000,5,3,0.4592,0.2782,0.2626,0.0728,0.4613,1.0000,1.0000
20260426_villarreal_celta,20260426,2026-04-26,2025-26,villarreal,celta,2,1,H,13,9,4,3,7,5,13,16,3,6,0,0,2.0300,3.3500,3.5700,1.7900,1.9500,-0.5000,1.9500,1.7600,29470,2.4090,2.0530,1.6657,1.3097,16.9412,12.5000,7,14,0.4599,0.2787,0.2615,0.0712,0.5214,1.0000,1.0000
20260427_espanyol_levante,20260427,2026-04-27,2025-26,espanyol,levante,0,0,D,9,8,3,4,4,4,12,15,3,3,1,0,1.9800,3.3600,3.7200,1.8900,1.8400,-0.5000,1.8900,1.8200,29477,0.8532,1.3856,0.8532,1.3856,8.8750,9.5833,5,2,0.4714,0.2778,0.2509,0.0715,0.4933,0.0000,0.0000
20260501_girona_mallorca,20260501,2026-05-01,2025-26,girona,mallorca,0,1,A,14,8,4,4,5,2,8,25,4,2,0,0,2.0400,3.4300,3.5700,1.8100,1.9400,-0.5000,2.0000,1.7400,29497,1.7766,1.3054,1.7766,1.3054,17.4545,8.5161,9,8,0.4616,0.2746,0.2638,0.0619,0.5173,0.0000,0.0000
20260502_villarreal_levante,20260502,2026-05-02,2025-26,villarreal,levante,5,1,H,20,12,8,3,7,3,14,7,3,1,0,0,1.7000,4.0900,4.3100,1.5600,2.3100,-0.7500,1.8500,1.8900,29489,2.4795,0.8012,2.4795,0.8012,10.2812,20.4375,7,6,0.5525,0.2296,0.2179,0.0648,0.5969,1.0000,1.0000
20260502_valencia_atletico-madrid,20260502,2026-05-02,2025-26,valencia,atletico madrid,0,2,A,12,20,0,5,1,7,9,12,1,3,0,0,1.7800,3.7700,4.1900,1.7700,1.9700,-0.5000,1.7200,2.0000,29495,0.7785,1.8057,0.7785,1.8057,9.0769,11.0000,6,8,0.5272,0.2489,0.2239,0.0657,0.5267,0.0000,0.0000
20260502_alaves_athletic,20260502,2026-05-02,2025-26,alaves,athletic,2,4,A,7,9,4,4,4,7,8,13,4,4,0,0,2.6500,3.3500,2.5500,1.9700,1.7600,0.0000,1.9300,1.8200,29491,0.6132,0.8959,0.6132,0.8959,11.5263,6.5000,7,4,0.3533,0.2795,0.3672,0.0680,0.4718,1.0000,1.0000
20260502_osasuna_barcelona,20260502,2026-05-02,2025-26,osasuna,barcelona,1,2,A,9,13,4,4,3,7,9,10,2,2,0,0,4.3500,3.9700,1.7100,1.5200,2.4300,0.7500,1.8800,1.8700,29488,1.2881,1.5676,1.2881,1.5676,23.5714,4.9200,2,16,0.2155,0.2362,0.5483,0.0666,0.6152,1.0000,1.0000
20260503_espanyol_madrid,20260503,2026-05-03,2025-26,espanyol,madrid,0,2,A,17,15,3,5,5,6,19,16,3,4,0,0,4.3000,3.8400,1.7300,1.5300,2.3900,0.7500,1.8500,1.9000,29494,1.0901,1.5023,1.0901,1.5023,22.3684,6.1111,6,10,0.2171,0.2432,0.5397,0.0710,0.6097,0.0000,1.0000
20260503_betis_oviedo,20260503,2026-05-03,2025-26,betis,oviedo,3,0,H,10,17,5,5,5,4,9,4,0,0,0,0,1.5400,4.0200,5.7500,1.8300,1.9000,-1.0000,1.9100,1.8400,29492,1.8688,1.1497,1.8688,1.1497,9.8929,15.9412,9,4,0.6057,0.2320,0.1622,0.0720,0.5094,1.0000,1.0000
20260503_getafe_rayo-vallecano,20260503,2026-05-03,2025-26,getafe,rayo vallecano,0,2,A,13,10,3,6,4,1,7,22,3,5,0,0,1.9300,3.1700,4.1500,2.6200,1.4500,-0.5000,1.9000,1.8300,29496,1.3522,0.9542,0.5975,0.9542,5.1250,3.5882,2,2,0.4822,0.2936,0.2242,0.0746,0.3563,0.0000,0.0000
20260503_celta_elche,20260503,2026-05-03,2025-26,celta,elche,3,1,H,6,15,4,4,4,2,14,15,2,1,0,0,1.7500,3.8100,4.2400,1.7100,2.0600,-0.7500,1.9400,1.8100,29493,1.4443,1.6477,1.4443,0.9044,11.2069,6.0000,6,7,0.5342,0.2454,0.2205,0.0697,0.5464,1.0000,1.0000
20260504_sevilla_sociedad,20260504,2026-05-04,2025-26,sevilla,sociedad,1,0,H,19,6,5,0,3,3,19,11,3,1,0,0,2.3400,3.3500,2.8700,1.9200,1.8200,-0.2500,1.9800,1.7600,29490,1.3202,0.1668,1.3202,0.1668,9.5806,11.6471,5,4,0.3978,0.2779,0.3243,0.0743,0.4866,0.0000,1.0000
20260508_levante_osasuna,20260508,2026-05-08,2025-26,levante,osasuna,3,2,H,35,5,12,3,15,1,11,13,2,0,0,1,2.5100,3.2300,2.8100,1.9600,1.7800,0.0000,1.7700,1.9900,29501,3.5305,0.5001,3.5305,0.5001,7.9048,25.3333,13,0,0.3745,0.2910,0.3345,0.0639,0.4759,1.0000,1.0000
20260509_elche_alaves,20260509,2026-05-09,2025-26,elche,alaves,1,1,D,16,12,5,4,7,3,15,13,3,6,0,0,2.2200,3.3200,3.2000,1.8000,1.9400,-0.2500,1.8900,1.8700,29503,2.0885,2.4563,2.0885,1.7130,4.6400,15.6000,5,7,0.4233,0.2830,0.2937,0.0642,0.5187,0.0000,0.0000
20260509_sevilla_espanyol,20260509,2026-05-09,2025-26,sevilla,espanyol,2,1,H,21,10,6,5,4,6,14,17,5,5,0,0,2.0200,3.3400,3.6600,2.0800,1.7000,-0.5000,1.9800,1.7500,29505,1.4175,0.4024,1.4175,0.4024,3.3103,9.6250,7,4,0.4637,0.2804,0.2559,0.0677,0.4497,1.0000,1.0000
20260509_atletico-madrid_celta,20260509,2026-05-09,2025-26,atletico madrid,celta,0,1,A,20,3,4,1,10,0,11,13,1,2,0,0,2.0800,3.4700,3.3400,1.6800,2.0900,-0.2500,1.7700,1.9600,29499,2.7851,0.2924,2.7851,0.2924,12.4000,20.0667,14,2,0.4500,0.2697,0.2802,0.0684,0.5544,0.0000,0.0000
20260509_sociedad_betis,20260509,2026-05-09,2025-26,sociedad,betis,2,2,D,14,14,6,6,4,3,12,9,2,3,0,1,2.4800,3.5500,2.5900,1.6200,2.2000,0.0000,1.8400,1.9100,29504,2.6656,1.7890,1.9223,1.7890,8.7391,25.4375,7,2,0.3765,0.2630,0.3605,0.0710,0.5759,1.0000,0.0000
20260510_mallorca_villarreal,20260510,2026-05-10,2025-26,mallorca,villarreal,1,1,D,18,7,8,2,5,4,17,13,2,0,0,0,2.3200,3.4800,2.8300,1.7200,2.0400,-0.2500,2.0000,1.7500,29502,1.5406,0.9943,1.5406,0.2510,8.1667,21.0833,5,3,0.4022,0.2681,0.3297,0.0717,0.5426,0.0000,0.0000
20260510_athletic_valencia,20260510,2026-05-10,2025-26,athletic,valencia,0,1,A,14,7,4,3,13,5,9,7,2,3,0,0,1.7100,3.6700,4.7300,1.8900,1.8400,-0.7500,1.8900,1.8600,29498,0.9352,1.4976,0.9352,0.7543,10.3810,12.2353,5,2,0.5472,0.2550,0.1978,0.0687,0.4933,0.0000,0.0000
20260510_oviedo_getafe,20260510,2026-05-10,2025-26,oviedo,getafe,0,0,D,8,22,4,4,1,9,9,16,2,3,2,0,3.0300,3.0300,2.4200,2.4800,1.5000,0.2500,1.7200,2.0300,29506,0.5702,1.4061,0.5702,1.4061,8.8261,6.3571,1,7,0.3075,0.3075,0.3850,0.0733,0.3769,0.0000,0.0000
20260510_barcelona_madrid,20260510,2026-05-10,2025-26,barcelona,madrid,2,0,H,10,8,7,1,4,8,18,9,2,4,0,0,1.6100,4.6500,4.2800,1.2400,3.7900,-1.0000,1.9000,1.8500,29500,1.7200,0.5621,1.7200,0.5621,11.5652,29.0769,11,4,0.5806,0.2010,0.2184,0.0698,0.7535,0.0000,1.0000
20260511_rayo-vallecano_girona,20260511,2026-05-11,2025-26,rayo vallecano,girona,1,1,D,18,9,5,5,9,5,10,9,1,1,0,0,2.3000,3.3900,2.9200,1.7700,1.9700,-0.2500,1.9700,1.7700,29507,1.7949,1.1289,1.7949,1.1289,7.6800,18.6875,9,3,0.4055,0.2751,0.3194,0.0722,0.5267,0.0000,0.0000
20260512_osasuna_atletico-madrid,20260512,2026-05-12,2025-26,osasuna,atletico madrid,1,2,A,23,5,5,4,8,4,15,12,6,5,0,1,2.5100,3.5100,2.6100,1.7700,1.9900,0.0000,1.8400,1.9100,29514,2.4105,1.8226,2.4105,1.0793,8.5200,16.0000,8,4,0.3736,0.2671,0.3593,0.0664,0.5293,1.0000,0.0000
20260512_betis_elche,20260512,2026-05-12,2025-26,betis,elche,2,1,H,16,8,7,2,8,1,16,13,3,3,0,1,1.5700,4.1600,5.2500,1.6200,2.2200,-1.0000,1.9300,1.8200,29509,1.9756,0.3427,1.9756,0.3427,11.3929,10.9583,13,3,0.5965,0.2251,0.1784,0.0678,0.5781,1.0000,1.0000
20260512_celta_levante,20260512,2026-05-12,2025-26,celta,levante,2,3,A,11,14,6,6,4,4,7,10,0,2,0,0,1.7800,3.7800,4.1700,1.7600,2.0000,-0.5000,1.7500,1.9800,29510,1.9205,1.5294,1.9205,1.5294,15.6154,22.2000,7,6,0.5269,0.2481,0.2249,0.0662,0.5319,1.0000,0.0000
20260513_espanyol_athletic,20260513,2026-05-13,2025-26,espanyol,athletic,2,0,H,12,11,5,4,8,9,9,14,0,0,0,0,2.6100,3.2100,2.6900,2.1100,1.6700,0.0000,1.8500,1.8900,29513,0.8471,0.8865,0.8471,0.8865,6.3500,12.1200,2,6,0.3593,0.2921,0.3486,0.0664,0.4418,0.0000,1.0000
20260513_villarreal_sevilla,20260513,2026-05-13,2025-26,villarreal,sevilla,2,3,A,6,13,4,5,6,4,11,9,2,1,0,0,2.0900,3.2900,3.5000,1.8100,1.9200,-0.5000,2.0300,1.7100,29516,0.9523,0.9175,0.9523,0.9175,10.8889,18.0000,8,10,0.4479,0.2846,0.2675,0.0681,0.5147,1.0000,0.0000
20260513_alaves_barcelona,20260513,2026-05-13,2025-26,alaves,barcelona,1,0,H,9,8,3,0,6,4,14,8,1,2,0,0,3.0900,3.7500,2.1000,1.4600,2.5700,0.2500,1.9300,1.8200,29508,0.9535,0.3564,0.9535,0.3564,17.3478,3.6250,2,5,0.3035,0.2500,0.4465,0.0665,0.6377,0.0000,0.0000
20260513_getafe_mallorca,20260513,2026-05-13,2025-26,getafe,mallorca,3,1,H,6,9,4,2,3,3,17,18,3,4,0,0,2.1900,3.0700,3.5100,2.5300,1.4800,-0.2500,1.8500,1.9000,29511,1.8211,0.4121,1.8211,0.4121,11.9615,8.9412,2,3,0.4278,0.3052,0.2669,0.0673,0.3691,1.0000,1.0000
20260514_valencia_rayo-vallecano,20260514,2026-05-14,2025-26,valencia,rayo vallecano,1,1,D,12,6,3,3,5,1,9,20,1,1,0,0,2.1700,3.3300,3.2300,1.8700,1.8600,-0.2500,1.8500,1.9000,29515,0.9383,1.5304,0.9383,0.7871,10.0455,6.3784,5,3,0.4304,0.2805,0.2891,0.0707,0.4987,0.0000,0.0000
20260514_girona_sociedad,20260514,2026-05-14,2025-26,girona,sociedad,1,1,D,29,6,4,2,6,3,13,19,2,7,0,0,2.0600,3.6400,3.2100,1.6600,2.1300,-0.5000,2.0000,1.7200,29512,2.6859,0.5532,2.6859,0.5532,9.8846,9.9000,9,2,0.4530,0.2563,0.2907,0.0717,0.5620,0.0000,0.0000
20260514_madrid_oviedo,20260514,2026-05-14,2025-26,madrid,oviedo,2,0,H,19,9,7,1,4,5,7,14,0,0,0,0,1.2300,6.2800,10.4200,1.3800,2.9100,-1.7500,1.8100,1.9300,29517,1.7409,1.1868,1.7409,1.1868,12.2222,19.2778,8,3,0.7611,0.1491,0.0898,0.0682,0.6783,0.0000,1.0000
20260517_barcelona_betis,20260517,2026-05-17,2025-26,barcelona,betis,3,1,H,15,7,9,2,6,4,7,8,1,0,0,0,1.3300,5.5000,7.0800,1.3100,3.2800,-1.5000,1.8300,1.8900,29519,1.5995,0.9855,1.5995,0.2422,13.5556,19.4783,10,6,0.6995,0.1691,0.1314,0.0749,0.7146,1.0000,1.0000
20260517_rayo-vallecano_villarreal,20260517,2026-05-17,2025-26,rayo vallecano,villarreal,2,0,H,15,11,7,2,1,9,12,10,2,1,0,0,2.3800,3.4800,2.6900,1.7100,2.0500,0.0000,1.7500,1.9800,29526,1.9250,0.6550,1.9250,0.6550,9.4400,12.5455,5,7,0.3893,0.2663,0.3444,0.0793,0.5452,0.0000,1.0000
20260517_sociedad_valencia,20260517,2026-05-17,2025-26,sociedad,valencia,3,4,A,8,13,3,6,3,2,13,11,4,0,0,1,2.1300,3.3700,3.2100,1.8400,1.8900,-0.2500,1.8400,1.9000,29521,1.3027,1.9933,1.3027,1.9933,7.2903,13.8500,4,6,0.4356,0.2753,0.2891,0.0777,0.5067,1.0000,0.0000
20260517_sevilla_madrid,20260517,2026-05-17,2025-26,sevilla,madrid,0,1,A,14,12,6,1,4,4,18,12,4,0,0,0,3.0300,3.5000,2.1600,1.7100,2.0500,0.2500,1.8700,1.8800,29524,0.6835,1.4738,0.6835,1.4738,9.2500,7.7273,6,7,0.3060,0.2649,0.4292,0.0787,0.5452,0.0000,1.0000
20260517_oviedo_alaves,20260517,2026-05-17,2025-26,oviedo,alaves,0,1,A,8,7,0,1,5,2,13,18,3,1,0,0,3.6900,3.5600,1.9000,1.8000,1.9300,0.5000,1.8600,1.8600,29522,0.6313,1.2829,0.6313,1.2829,6.8889,15.5000,4,2,0.2513,0.2605,0.4881,0.0782,0.5174,0.0000,1.0000
20260517_osasuna_espanyol,20260517,2026-05-17,2025-26,osasuna,espanyol,1,2,A,24,7,8,3,9,2,10,13,1,2,0,0,2.0500,3.1100,3.7000,2.1700,1.6400,-0.5000,2.0000,1.7300,29523,1.8115,0.9471,1.8115,0.9471,7.9375,20.6000,11,3,0.4518,0.2978,0.2503,0.0796,0.4304,1.0000,0.0000
20260517_levante_mallorca,20260517,2026-05-17,2025-26,levante,mallorca,2,0,H,15,8,3,3,4,6,11,15,2,0,1,1,2.1200,3.3300,3.2700,1.8300,1.9000,-0.2500,1.8000,1.9400,29525,2.4368,0.4390,1.6678,0.4390,15.5455,5.6842,3,3,0.4376,0.2786,0.2837,0.0778,0.5094,0.0000,1.0000
20260517_elche_getafe,20260517,2026-05-17,2025-26,elche,getafe,1,0,H,10,4,3,0,4,0,18,13,3,1,0,1,2.2000,2.9100,3.5700,2.6200,1.4500,-0.2500,1.8300,1.9200,29527,0.6918,0.0944,0.6918,0.0944,4.7037,15.3750,1,3,0.4215,0.3187,0.2598,0.0783,0.3563,0.0000,1.0000
20260517_atletico-madrid_girona,20260517,2026-05-17,2025-26,atletico madrid,girona,1,0,H,17,25,4,11,9,8,7,9,2,0,0,0,1.7400,3.7400,4.2500,1.6700,2.1200,-0.7500,1.9200,1.8200,29520,2.7077,2.0015,2.7077,2.0015,9.5000,13.6842,14,15,0.5334,0.2482,0.2184,0.0774,0.5594,0.0000,1.0000
20260517_athletic_celta,20260517,2026-05-17,2025-26,athletic,celta,1,1,D,27,3,9,2,5,0,14,11,2,2,0,0,2.1500,3.1100,3.4200,2.0700,1.6900,-0.2500,1.8200,1.9200,29518,2.9037,0.3079,2.9037,0.3079,7.1944,10.0000,18,3,0.4310,0.2980,0.2710,0.0791,0.4495,0.0000,0.0000
20260523_madrid_athletic,20260523,2026-05-23,2025-26,madrid,athletic,4,2,H,13,8,8,2,2,1,6,20,2,0,0,0,1.4600,4.6300,5.8400,1.4700,2.5700,-1.2500,1.9500,1.7900,29532,1.9540,1.4543,1.9540,1.4543,12.2000,18.4000,9,0,0.6388,0.2014,0.1597,0.0721,0.6361,1.0000,1.0000
20260523_mallorca_oviedo,20260523,2026-05-23,2025-26,mallorca,oviedo,3,0,H,23,7,7,0,5,5,10,8,2,1,0,0,1.4500,4.3300,6.9000,1.8300,1.9000,-1.2500,1.9800,1.7600,29537,3.5077,0.2432,3.5077,0.2432,8.0000,20.6667,14,0,0.6472,0.2167,0.1360,0.0655,0.5094,1.0000,1.0000
20260523_girona_elche,20260523,2026-05-23,2025-26,girona,elche,1,1,D,10,3,7,1,2,1,20,20,4,4,0,0,1.7600,3.8600,4.1600,1.6500,2.1400,-0.7500,1.9500,1.8000,29535,0.6680,0.4954,0.6680,0.4954,7.5000,7.3333,5,1,0.5322,0.2427,0.2252,0.0676,0.5646,0.0000,0.0000
20260523_getafe_osasuna,20260523,2026-05-23,2025-26,getafe,osasuna,1,0,H,6,11,3,5,2,4,17,20,1,2,0,0,2.4100,2.7700,3.3800,2.6800,1.4300,-0.2500,1.9900,1.7500,29536,0.2641,0.8000,0.2641,0.8000,5.3529,6.5000,1,1,0.3871,0.3368,0.2760,0.0718,0.3479,0.0000,1.0000
20260523_valencia_barcelona,20260523,2026-05-23,2025-26,valencia,barcelona,3,1,H,19,11,6,4,7,8,11,8,2,2,0,0,3.5400,3.9800,1.8400,1.4300,2.6800,0.5000,1.9000,1.8200,29534,1.8337,1.2934,1.8337,1.2934,20.2727,6.4667,6,5,0.2622,0.2332,0.5045,0.0772,0.6521,1.0000,0.0000
20260523_celta_sevilla,20260523,2026-05-23,2025-26,celta,sevilla,1,0,H,12,9,3,2,4,3,11,20,1,1,0,0,1.7400,3.6800,4.5200,1.8600,1.8700,-0.7500,1.9300,1.8300,29530,1.6180,0.7557,1.6180,0.7557,12.4500,8.8947,9,5,0.5383,0.2545,0.2072,0.0677,0.5013,0.0000,1.0000
20260523_betis_levante,20260523,2026-05-23,2025-26,betis,levante,2,1,H,18,15,8,7,4,8,11,7,1,2,0,0,2.1900,3.2600,3.2600,1.6500,2.1500,-0.2500,1.8400,1.9100,29529,1.8664,2.3672,1.8664,2.3672,14.6667,16.5769,2,10,0.4267,0.2866,0.2866,0.0701,0.5658,1.0000,1.0000
20260523_alaves_rayo-vallecano,20260523,2026-05-23,2025-26,alaves,rayo vallecano,1,2,A,19,15,11,7,10,5,13,14,3,3,0,0,2.4100,3.3100,2.8200,1.9400,1.7900,0.0000,1.7500,2.0000,29528,1.7247,1.6469,1.7247,1.6469,12.3158,6.8077,13,4,0.3872,0.2819,0.3309,0.0717,0.4799,1.0000,0.0000
20260523_espanyol_sociedad,20260523,2026-05-23,2025-26,espanyol,sociedad,1,1,D,17,9,8,4,3,5,11,17,1,3,0,0,2.4000,3.4100,2.7600,1.8000,1.9300,0.0000,1.7400,2.0100,29531,2.1431,1.2324,2.1431,1.2324,12.5500,8.3548,4,0,0.3886,0.2735,0.3379,0.0722,0.5174,0.0000,0.0000
20260524_villarreal_atletico-madrid,20260524,2026-05-24,2025-26,villarreal,atletico madrid,5,1,H,14,9,8,4,5,9,3,12,0,1,0,0,2.3900,3.7100,2.5800,1.4500,2.6300,0.0000,1.7700,1.9700,29533,2.8044,1.5843,2.0611,1.5843,31.3333,11.7917,5,11,0.3890,0.2506,0.3604,0.0755,0.6446,1.0000,1.0000
20260815_alaves_getafe,20260815,2026-08-15,2026-27,alaves,getafe,3,0,H,18,6,8,2,5,3,16,13,4,3,0,1,2.3300,2.8200,3.6200,3.0800,1.3500,-0.2500,1.9200,1.8300,30770,2.2858,0.2597,2.2858,0.2597,6.1667,12.0556,2,3,0.4049,0.3345,0.2606,0.0600,0.3047,1.0000,1.0000
20260815_sevilla_rayo-vallecano,20260815,2026-08-15,2026-27,sevilla,rayo vallecano,2,1,H,13,6,4,3,1,2,18,18,4,4,1,0,2.2900,3.1700,3.2600,2.2400,1.6100,-0.2500,1.9200,1.8300,30771,2.0184,1.9122,0.5319,1.9122,6.2727,7.0952,7,0,0.4124,0.2979,0.2897,0.0589,0.4182,1.0000,1.0000
20260816_espanyol_levante,20260816,2026-08-16,2026-27,espanyol,levante,3,0,H,16,4,6,0,0,1,17,7,3,0,0,0,2.0600,3.2500,3.6800,2.1800,1.6400,-0.2500,1.7200,2.0300,30773,2.0099,0.1963,2.0099,0.1963,10.2800,14.0000,9,1,0.4559,0.2889,0.2552,0.0649,0.4293,1.0000,1.0000
20260816_racing_villarreal,20260816,2026-08-16,2026-27,racing,villarreal,2,2,D,17,12,3,7,6,10,14,14,2,4,0,0,3.1400,3.5000,2.1600,1.7700,1.9800,0.2500,1.9000,1.8400,30772,1.9648,0.7688,1.2215,0.7688,10.1111,5.9000,8,20,0.2984,0.2677,0.4338,0.0671,0.5280,1.0000,0.0000
20260817_deportivo_elche,20260817,2026-08-17,2026-27,deportivo,elche,1,1,D,8,11,3,6,2,6,17,12,2,2,0,0,2.3100,3.0100,3.2800,2.2700,1.5900,-0.2500,1.9400,1.8000,30774,0.3399,1.5869,0.3399,1.5869,19.1364,11.3810,3,4,0.4046,0.3105,0.2849,0.0700,0.4119,0.0000,0.0000
20260819_atletico-madrid_malaga,20260819,2026-08-19,2026-27,atletico madrid,malaga,2,0,H,15,5,6,1,6,1,17,11,2,3,0,0,1.3000,5.2700,10.1900,1.7100,2.0600,-1.5000,1.8700,1.8700,30775,1.3439,0.2296,1.3439,0.2296,7.5455,14.4211,8,3,0.7277,0.1795,0.0928,0.0571,0.5464,0.0000,1.0000
20260820_rayo-vallecano_alaves,20260820,2026-08-20,2026-27,rayo vallecano,alaves,1,1,D,8,15,3,3,9,7,14,13,1,2,0,0,2.2300,2.9900,3.5200,2.6300,1.4500,-0.2500,1.8700,1.8800,30776,0.5664,2.2207,0.5664,2.2207,6.7600,8.8095,2,8,0.4203,0.3135,0.2663,0.0670,0.3554,0.0000,0.0000
20260821_betis_sociedad,20260821,2026-08-21,2026-27,betis,sociedad,1,0,H,18,9,7,3,4,5,9,12,3,3,0,0,2.0500,3.5100,3.4800,1.7900,1.9600,-0.5000,2.0100,1.7300,30777,1.6957,1.1400,1.6957,1.1400,11.7742,13.0952,8,4,0.4602,0.2688,0.2711,0.0601,0.5227,0.0000,1.0000
20260822_espanyol_madrid,20260822,2026-08-22,2026-27,espanyol,madrid,1,2,A,8,21,3,8,0,8,19,7,5,1,0,0,7.3600,4.5900,1.4100,1.6800,2.1100,1.2500,1.8400,1.9100,30780,1.0191,2.5612,1.0191,2.5612,16.3810,8.3636,1,9,0.1278,0.2050,0.6672,0.0630,0.5567,1.0000,1.0000
20260822_athletic_sevilla,20260822,2026-08-22,2026-27,athletic,sevilla,1,3,A,18,7,8,4,10,3,11,16,2,5,1,0,1.7000,3.5600,5.1300,2.2000,1.6300,-0.7500,1.9100,1.8400,30778,1.4650,0.9668,1.4650,0.9668,6.5600,10.6800,11,1,0.5528,0.2640,0.1832,0.0641,0.4256,1.0000,0.0000
20260822_valencia_celta,20260822,2026-08-22,2026-27,valencia,celta,0,0,D,8,7,2,3,1,2,17,17,2,3,0,0,2.3300,3.2100,3.1300,2.2000,1.6300,-0.2500,1.9600,1.7900,30779,0.4206,0.5373,0.4206,0.5373,15.5500,11.6250,3,5,0.4048,0.2938,0.3013,0.0602,0.4256,0.0000,0.0000
20260823_getafe_racing,20260823,2026-08-23,2026-27,getafe,racing,1,0,H,12,6,1,3,8,6,14,17,1,3,0,0,2.1600,2.9200,3.7700,2.7000,1.4300,-0.2500,1.8100,1.9400,30782,0.9826,1.1679,0.9826,0.4246,10.6250,5.4333,3,6,0.4324,0.3199,0.2477,0.0707,0.3462,0.0000,1.0000
20260823_elche_barcelona,20260823,2026-08-23,2026-27,elche,barcelona,0,5,A,7,11,2,7,3,1,13,12,1,0,0,0,8.4200,5.4900,1.3100,1.4300,2.6700,1.5000,1.9000,1.8200,30783,1.1765,4.2518,1.1765,3.5085,13.9200,8.8621,4,8,0.1116,0.1711,0.7173,0.0643,0.6512,1.0000,1.0000
20260823_atletico-madrid_villarreal,20260823,2026-08-23,2026-27,atletico madrid,villarreal,2,2,D,19,13,4,6,5,3,12,13,3,2,1,0,1.8500,3.5700,3.9800,1.8200,1.9100,-0.5000,1.8200,1.9000,30781,0.7394,3.5418,0.7394,2.0553,12.2500,11.2800,8,10,0.5043,0.2613,0.2344,0.0719,0.5121,1.0000,0.0000
20260824_osasuna_levante,20260824,2026-08-24,2026-27,osasuna,levante,0,0,D,12,11,7,1,9,4,9,12,2,1,0,0,1.8100,3.5200,4.3000,1.9700,1.7700,-0.5000,1.7800,1.9500,30784,0.8925,1.2703,0.8925,1.2703,16.2500,9.1000,1,4,0.5168,0.2657,0.2175,0.0691,0.4733,0.0000,0.0000
20260824_malaga_deportivo,20260824,2026-08-24,2026-27,malaga,deportivo,1,1,D,13,6,2,4,7,4,12,12,1,4,0,0,2.4800,2.9900,3.0100,2.4800,1.5000,-0.2500,2.0500,1.7000,30785,1.3565,1.1297,0.6132,1.1297,10.6296,14.5238,2,3,0.3769,0.3126,0.3105,0.0699,0.3769,0.0000,0.0000
20260825_valencia_betis,20260825,2026-08-25,2026-27,valencia,betis,0,1,A,16,15,3,3,8,2,10,11,2,1,0,0,2.7700,3.2400,2.5600,2.0500,1.7300,0.0000,1.9500,1.7900,30786,1.2899,0.9645,1.2899,0.9645,16.6316,9.3333,2,7,0.3405,0.2911,0.3684,0.0603,0.4577,0.0000,1.0000
20260826_madrid_sociedad,20260826,2026-08-26,2026-27,madrid,sociedad,4,1,H,20,10,11,3,4,7,10,8,3,3,0,0,1.3100,5.6500,8.3300,1.4200,2.7300,-1.5000,1.8200,1.9000,30787,3.3052,0.4630,3.3052,0.4630,16.4091,26.2500,19,5,0.7199,0.1669,0.1132,0.0604,0.6578,1.0000,1.0000
20260827_celta_osasuna,20260827,2026-08-27,2026-27,celta,osasuna,1,2,A,4,13,2,5,5,3,7,16,0,1,1,0,1.9500,3.3100,3.9400,2.1200,1.6700,-0.5000,1.9100,1.8100,30788,0.1067,1.8965,0.1067,1.1533,18.3889,13.2308,4,4,0.4798,0.2827,0.2375,0.0687,0.4406,1.0000,0.0000
20260827_barcelona_athletic,20260827,2026-08-27,2026-27,barcelona,athletic,2,0,H,22,5,10,0,12,5,13,6,1,2,0,0,1.3100,5.4200,8.1800,1.4200,2.7100,-1.5000,1.8200,1.9000,30789,3.9166,0.2220,3.9166,0.2220,5.5385,29.5000,13,2,0.7133,0.1724,0.1142,0.0701,0.6562,0.0000,1.0000
20260828_racing_elche,20260828,2026-08-28,2026-27,racing,elche,3,2,H,13,18,6,7,5,10,17,19,2,1,0,0,2.0400,3.5400,3.5100,1.6600,2.1600,-0.5000,1.9800,1.7600,30790,2.5623,1.0755,2.5623,1.0755,14.0435,6.0000,7,6,0.4635,0.2671,0.2694,0.0576,0.5654,1.0000,1.0000
20260828_alaves_villarreal,20260828,2026-08-28,2026-27,alaves,villarreal,1,0,H,9,19,2,6,5,9,15,8,3,1,0,0,3.1000,3.4900,2.2300,1.7800,1.9700,0.2500,1.8600,1.8800,30791,0.9155,1.4511,0.9155,1.4511,15.7500,4.0000,2,17,0.3050,0.2709,0.4240,0.0575,0.5253,0.0000,0.0000
20260829_levante_betis,20260829,2026-08-29,2026-27,levante,betis,5,2,H,19,20,10,6,5,8,9,7,1,1,0,0,3.2800,3.3300,2.1900,1.9100,1.8300,0.2500,1.9000,1.8500,30792,3.0376,1.9229,3.0376,1.9229,20.9333,14.4375,9,15,0.2871,0.2828,0.4300,0.0618,0.4893,1.0000,0.0000
20260829_sociedad_espanyol,20260829,2026-08-29,2026-27,sociedad,espanyol,2,1,H,17,11,10,3,7,3,19,14,2,4,0,0,1.8800,3.6400,3.9200,1.8000,1.9400,-0.5000,1.8300,1.9000,30793,2.9166,0.9299,2.9166,0.9299,7.6562,20.4167,10,7,0.5010,0.2587,0.2403,0.0617,0.5187,1.0000,1.0000
20260829_sevilla_atletico-madrid,20260829,2026-08-29,2026-27,sevilla,atletico madrid,1,3,A,20,12,5,5,4,2,20,16,2,2,0,0,3.4600,3.3900,2.0900,1.9100,1.8300,0.2500,1.9700,1.7800,30794,1.0805,1.4768,1.0805,1.4768,9.7353,8.8235,5,6,0.2720,0.2776,0.4503,0.0625,0.4893,1.0000,1.0000
20260830_celta_athletic,20260830,2026-08-30,2026-27,celta,athletic,0,2,A,8,17,2,7,4,7,8,17,0,3,0,0,2.3600,3.2300,2.9700,2.0400,1.7100,-0.2500,1.9900,1.7600,30797,1.2006,3.1330,1.2006,3.1330,18.7500,18.2500,5,6,0.3960,0.2893,0.3147,0.0700,0.4560,0.0000,0.0000
20260830_madrid_malaga,20260830,2026-08-30,2026-27,madrid,malaga,4,0,H,19,14,8,1,9,6,6,9,0,2,0,0,1.1100,8.8600,18.3100,1.3100,3.3100,-2.5000,1.9000,1.8300,30795,3.4078,0.7602,3.4078,0.7602,13.2381,21.3750,18,2,0.8432,0.1056,0.0511,0.0684,0.7165,1.0000,1.0000
20260830_deportivo_valencia,20260830,2026-08-30,2026-27,deportivo,valencia,3,1,H,11,12,4,4,5,5,14,5,2,1,1,0,2.5300,3.0200,2.9100,2.2900,1.5700,-0.2500,2.0900,1.6800,30796,1.4075,1.0166,1.4075,1.0166,14.6000,17.0000,6,3,0.3694,0.3095,0.3212,0.0700,0.4067,1.0000,1.0000
20260831_osasuna_getafe,20260831,2026-08-31,2026-27,osasuna,getafe,1,0,H,10,11,2,1,1,3,17,14,5,4,0,0,2.2000,2.9400,3.6400,2.8600,1.3900,-0.2500,1.8300,1.9100,30798,1.7050,1.0904,0.9617,1.0904,10.0000,10.6957,4,2,0.4250,0.3181,0.2569,0.0694,0.3271,0.0000,1.0000
20260831_barcelona_rayo-vallecano,20260831,2026-08-31,2026-27,barcelona,rayo vallecano,5,2,H,26,11,9,5,9,5,4,11,0,1,0,0,1.1600,7.4600,14.0400,1.3300,3.1600,-2.2500,1.9500,1.7900,30799,2.9576,1.0661,2.9576,1.0661,7.3333,11.9355,19,3,0.8077,0.1256,0.0667,0.0673,0.7038,1.0000,1.0000
20260903_sociedad_celta,20260903,2026-09-03,2026-27,sociedad,celta,0,0,D,16,7,5,2,11,3,15,11,2,3,0,0,1.9500,3.4800,3.6900,1.8600,1.8600,-0.5000,1.9000,1.8300,30800,1.0205,0.6332,1.0205,0.6332,12.8000,15.9444,3,7,0.4787,0.2683,0.2530,0.0712,0.5000,0.0000,0.0000
20260904_betis_madrid,20260904,2026-09-04,2026-27,betis,madrid,1,0,H,10,20,5,8,6,10,11,13,3,5,0,0,6.3300,5.0600,1.4200,1.3500,3.0500,1.2500,1.8900,1.8500,30801,0.8852,3.3828,0.8852,2.6395,22.1875,11.5714,8,13,0.1491,0.1865,0.6645,0.0598,0.6932,0.0000,0.0000
20260905_athletic_atletico-madrid,20260905,2026-09-05,2026-27,athletic,atletico madrid,3,0,H,11,15,4,5,3,8,8,6,0,1,0,0,2.9700,3.4100,2.3300,1.8500,1.8900,0.2500,1.8000,1.9500,30802,1.8721,0.7522,1.8721,0.7522,21.0000,12.8095,2,17,0.3179,0.2769,0.4052,0.0591,0.5053,1.0000,0.0000
20260905_rayo-vallecano_racing,20260905,2026-09-05,2026-27,rayo vallecano,racing,3,2,H,16,9,10,4,9,6,15,12,3,2,2,0,2.2500,3.3800,3.1200,1.7900,1.9600,-0.2500,1.9100,1.8300,30803,1.1896,0.6329,1.1896,0.6329,9.0769,8.0769,10,10,0.4190,0.2789,0.3021,0.0608,0.5227,1.0000,1.0000
20260905_villarreal_deportivo,20260905,2026-09-05,2026-27,villarreal,deportivo,2,3,A,17,8,5,3,7,1,14,14,2,2,0,0,1.4600,4.4400,6.5800,1.6900,2.1000,-1.0000,1.7100,2.0500,30804,3.6424,2.4425,3.6424,2.4425,10.8085,16.2000,26,14,0.6449,0.2121,0.1431,0.0621,0.5541,1.0000,0.0000
20260906_malaga_levante,20260906,2026-09-06,2026-27,malaga,levante,0,0,D,10,11,3,3,6,4,15,11,4,2,0,0,2.3900,3.2500,2.9100,1.9100,1.8300,-0.2500,2.0200,1.7400,30806,1.7266,1.1917,0.9833,1.1917,8.5417,13.4815,3,4,0.3911,0.2876,0.3212,0.0697,0.4893,0.0000,0.0000
20260906_valencia_barcelona,20260906,2026-09-06,2026-27,valencia,barcelona,0,5,A,3,25,2,10,1,4,7,6,1,3,0,0,9.1300,5.8100,1.2700,1.3600,3.0300,1.7500,1.8400,1.9100,30805,0.5188,4.7692,0.5188,4.7692,27.2000,7.9500,1,24,0.1025,0.1610,0.7365,0.0690,0.6902,1.0000,1.0000
20260906_alaves_osasuna,20260906,2026-09-06,2026-27,alaves,osasuna,5,2,H,12,7,7,5,4,1,14,13,1,2,0,0,2.2300,3.0400,3.4300,2.4300,1.5200,-0.2500,1.8700,1.8700,30807,1.6019,1.6441,1.6019,0.9008,11.8500,12.2500,1,3,0.4195,0.3077,0.2727,0.0689,0.3848,1.0000,1.0000
20260906_espanyol_sevilla,20260906,2026-09-06,2026-27,espanyol,sevilla,1,1,D,12,6,3,3,0,4,17,13,2,3,0,1,2.2400,3.1200,3.3100,2.3100,1.5600,-0.2500,1.9000,1.8500,30808,1.8175,0.3726,1.8175,0.3726,5.3750,7.9167,5,6,0.4176,0.2998,0.2826,0.0691,0.4031,0.0000,0.0000
20260907_elche_sociedad,20260907,2026-09-07,2026-27,elche,sociedad,2,3,A,20,13,10,6,6,7,9,8,4,1,0,1,2.8600,3.4200,2.3500,1.7700,1.9700,0.2500,1.7500,2.0000,30810,2.8704,0.8762,2.8704,0.8762,11.7000,15.0000,9,8,0.3275,0.2739,0.3986,0.0676,0.5267,1.0000,1.0000
20260907_getafe_celta,20260907,2026-09-07,2026-27,getafe,celta,1,1,D,10,16,2,3,3,5,8,9,4,2,1,0,2.4000,2.8600,3.2800,2.8300,1.3900,-0.2500,1.9600,1.7800,30809,1.4584,1.4212,1.4584,1.4212,21.6154,6.1000,2,5,0.3890,0.3264,0.2846,0.0712,0.3294,0.0000,0.0000
20260911_sevilla_valencia,20260911,2026-09-11,2026-27,sevilla,valencia,1,0,H,13,3,4,0,6,4,8,12,1,2,0,0,1.9600,3.3100,4.0200,2.2500,1.6000,-0.5000,1.9200,1.8100,30818,1.3551,0.0799,1.3551,0.0799,11.8696,10.3333,8,1,0.4808,0.2847,0.2344,0.0611,0.4156,0.0000,1.0000
20260912_racing_alaves,20260912,2026-09-12,2026-27,racing,alaves,2,1,H,11,16,4,8,4,6,16,17,2,3,1,0,2.4200,3.5000,2.7600,1.7000,2.0700,0.0000,1.7600,1.9900,30815,1.3839,2.2715,1.3839,2.2715,5.7333,9.4643,6,1,0.3894,0.2692,0.3414,0.0613,0.5491,1.0000,1.0000
20260912_osasuna_espanyol,20260912,2026-09-12,2026-27,osasuna,espanyol,0,2,A,11,6,4,3,3,4,10,24,2,3,0,0,2.1100,3.2500,3.5800,2.1600,1.6500,-0.2500,1.7900,1.9600,30820,1.1037,1.4095,1.1037,1.4095,9.1818,13.2000,5,6,0.4467,0.2900,0.2633,0.0610,0.4331,0.0000,0.0000
20260912_athletic_elche,20260912,2026-09-12,2026-27,athletic,elche,1,1,D,19,3,3,1,7,1,11,12,3,3,0,0,1.4100,4.7300,7.3500,1.6700,2.1300,-1.2500,1.8500,1.9000,30812,3.1304,0.8161,3.1304,0.0729,5.8286,30.1538,7,2,0.6712,0.2001,0.1288,0.0567,0.5605,0.0000,0.0000
20260912_madrid_rayo-vallecano,20260912,2026-09-12,2026-27,madrid,rayo vallecano,4,1,H,24,18,11,7,11,5,9,13,0,1,0,0,1.1100,9.0600,18.3800,1.2600,3.6700,-2.5000,1.8700,1.8600,30816,3.1216,1.1926,2.3783,1.1926,11.5000,9.6471,18,3,0.8454,0.1036,0.0511,0.0657,0.7444,1.0000,1.0000
20260913_celta_malaga,20260913,2026-09-13,2026-27,celta,malaga,1,1,D,17,12,5,2,1,5,10,10,1,1,0,0,1.7000,3.6200,4.8900,2.0300,1.7200,-0.7500,1.8900,1.8500,30811,1.4814,0.5481,1.4814,0.5481,18.6500,12.3158,10,0,0.5503,0.2584,0.1913,0.0690,0.4587,0.0000,0.0000
20260913_levante_barcelona,20260913,2026-09-13,2026-27,levante,barcelona,2,4,A,13,12,7,6,3,5,11,11,1,1,0,0,14.4600,7.8900,1.1500,1.2500,3.7100,2.2500,1.9200,1.8200,30814,2.6744,2.4686,2.6744,1.7253,21.2381,4.5185,4,9,0.0649,0.1190,0.8161,0.0655,0.7480,1.0000,1.0000
20260913_getafe_deportivo,20260913,2026-09-13,2026-27,getafe,deportivo,1,1,D,15,10,4,3,3,7,14,9,3,1,0,0,2.4000,2.7900,3.3800,3.0200,1.3600,-0.2500,1.9800,1.7700,30813,0.9948,0.9449,0.9948,0.9449,13.4167,8.7500,6,1,0.3891,0.3347,0.2763,0.0709,0.3105,0.0000,0.0000
20260913_sociedad_atletico-madrid,20260913,2026-09-13,2026-27,sociedad,atletico madrid,0,3,A,8,13,3,5,9,3,13,9,3,1,0,0,2.8100,3.4800,2.3500,1.6400,2.1700,0.0000,2.0500,1.7100,30817,0.6075,1.8341,0.6075,1.0912,10.9167,16.8125,10,6,0.3330,0.2689,0.3982,0.0688,0.5696,1.0000,1.0000
20260914_villarreal_betis,20260914,2026-09-14,2026-27,villarreal,betis,1,2,A,14,26,8,12,7,4,7,8,1,0,0,0,1.8800,3.7900,3.6200,1.5400,2.3600,-0.5000,1.8500,1.8700,30819,1.6729,4.0731,1.6729,4.0731,10.0455,19.2941,6,10,0.4962,0.2461,0.2577,0.0720,0.6051,1.0000,0.0000
20260915_elche_madrid,20260915,2026-09-15,2026-27,elche,madrid,2,3,A,11,20,3,4,2,5,21,8,4,2,0,0,11.6400,7.3900,1.2000,1.3000,3.4300,2.0000,1.9300,1.8100,30825,1.0522,3.4612,1.0522,3.4612,9.7600,21.0000,11,20,0.0815,0.1283,0.7902,0.0546,0.7252,1.0000,1.0000
20260915_alaves_valencia,20260915,2026-09-15,2026-27,alaves,valencia,0,1,A,15,10,3,3,2,5,7,14,1,4,0,0,1.7300,3.4900,5.1600,2.0500,1.7200,-0.7500,1.9000,1.8400,30821,1.3096,0.8395,1.3096,0.8395,13.0400,10.6471,5,7,0.5462,0.2707,0.1831,0.0584,0.4562,0.0000,0.0000
20260915_rayo-vallecano_espanyol,20260915,2026-09-15,2026-27,rayo vallecano,espanyol,2,1,H,16,19,2,5,3,5,10,15,5,1,0,1,2.3000,3.3700,3.0300,1.8700,1.8700,-0.2500,1.9600,1.7900,30829,1.8328,1.1573,1.8328,1.1573,12.6875,12.4545,4,9,0.4096,0.2795,0.3109,0.0616,0.5000,1.0000,1.0000
20260916_atletico-madrid_osasuna,20260916,2026-09-16,2026-27,atletico madrid,osasuna,4,0,H,27,3,11,1,8,0,7,12,1,2,0,0,1.3800,4.7300,7.9100,1.7000,2.0800,-1.2500,1.8300,1.9200,30822,5.1427,0.7179,5.1427,0.7179,8.4762,12.0357,18,2,0.6820,0.1990,0.1190,0.0625,0.5503,1.0000,1.0000
20260916_deportivo_sevilla,20260916,2026-09-16,2026-27,deportivo,sevilla,0,1,A,4,11,3,6,4,4,15,16,1,4,1,0,2.4500,3.1000,3.0100,2.2200,1.6100,0.0000,1.7000,2.0600,30824,0.1922,0.8532,0.1922,0.8532,8.1071,8.1053,5,8,0.3840,0.3035,0.3125,0.0630,0.4204,0.0000,0.0000
20260916_barcelona_racing,20260916,2026-09-16,2026-27,barcelona,racing,7,2,H,30,5,9,3,18,0,10,13,3,2,0,0,1.0600,13.8100,24.2300,1.1000,6.3100,-3.2500,1.9000,1.8500,30826,7.4753,1.3840,5.2454,1.3840,8.0417,28.0000,19,2,0.8925,0.0685,0.0390,0.0571,0.8516,1.0000,1.0000
20260917_betis_getafe,20260917,2026-09-17,2026-27,betis,getafe,1,0,H,22,8,8,2,4,3,13,24,0,0,0,0,1.6400,3.6200,5.4200,2.1600,1.6500,-0.7500,1.7900,1.9500,30823,2.6091,0.3270,2.6091,0.3270,4.3810,9.5405,13,3,0.5696,0.2581,0.1724,0.0705,0.4331,0.0000,1.0000
20260917_malaga_villarreal,20260917,2026-09-17,2026-27,malaga,villarreal,1,3,A,5,16,1,7,4,8,17,10,0,0,0,0,3.5300,3.6900,1.9400,1.6100,2.2300,0.5000,1.8300,1.9000,30828,0.3614,4.2474,0.3614,3.5041,23.9286,9.4167,1,19,0.2648,0.2533,0.4819,0.0698,0.5807,1.0000,1.0000
20260918_espanyol_elche,20260918,2026-09-18,2026-27,espanyol,elche,1,3,A,23,9,4,6,3,3,14,9,2,2,0,1,1.8000,3.5900,4.4100,1.7800,1.9700,-0.5000,1.7600,1.9700,30834,1.0774,1.2511,1.0774,1.2511,4.2069,21.8182,12,3,0.5237,0.2626,0.2137,0.0609,0.5253,1.0000,0.0000
20260919_celta_racing,20260919,2026-09-19,2026-27,celta,racing,5,0,H,13,11,9,5,3,3,13,11,2,5,0,0,1.8100,3.8500,4.0200,1.6300,2.2000,-0.5000,1.7600,1.9700,30832,2.2295,0.7199,1.4862,0.7199,10.5312,14.7222,7,6,0.5207,0.2448,0.2345,0.0610,0.5744,1.0000,1.0000
20260919_sevilla_barcelona,20260919,2026-09-19,2026-27,sevilla,barcelona,1,3,A,7,24,3,7,1,3,10,11,1,0,0,0,11.9200,7.4200,1.1900,1.2400,3.8300,2.2500,1.7900,1.9600,30837,0.7584,3.5626,0.7584,3.5626,24.5333,7.1500,5,6,0.0792,0.1273,0.7935,0.0590,0.7554,1.0000,1.0000
20260919_osasuna_rayo-vallecano,20260919,2026-09-19,2026-27,osasuna,rayo vallecano,1,1,D,10,19,3,2,4,4,21,13,3,2,0,0,2.3900,3.2500,2.9900,2.0100,1.7500,-0.2500,2.0000,1.7500,30836,0.9264,1.3565,0.9264,1.3565,11.6000,6.3333,6,9,0.3945,0.2901,0.3154,0.0606,0.4654,0.0000,0.0000
20260919_athletic_alaves,20260919,2026-09-19,2026-27,athletic,alaves,0,0,D,24,2,6,0,5,1,14,13,2,0,0,0,1.6300,3.8700,5.2600,1.8700,1.8600,-0.7500,1.7800,1.9700,30830,1.4615,0.0462,0.7183,0.0462,5.5625,18.3333,6,0,0.5777,0.2433,0.1790,0.0620,0.4987,0.0000,0.0000
20260920_deportivo_betis,20260920,2026-09-20,2026-27,deportivo,betis,1,1,D,24,11,7,4,11,5,6,9,1,1,0,0,3.3200,3.5100,2.0700,1.7900,1.9400,0.5000,1.7300,2.0200,30833,1.9387,1.0025,1.9387,1.0025,18.1500,12.4545,4,7,0.2817,0.2665,0.4518,0.0692,0.5201,0.0000,0.0000
20260920_villarreal_levante,20260920,2026-09-20,2026-27,villarreal,levante,3,1,H,21,6,7,1,7,1,9,10,1,1,0,0,1.4900,4.6000,5.5300,1.4600,2.5800,-1.0000,1.7400,2.0100,30839,4.2857,0.9418,4.2857,0.9418,12.0526,12.8387,11,5,0.6276,0.2033,0.1691,0.0694,0.6386,1.0000,1.0000
20260920_getafe_malaga,20260920,2026-09-20,2026-27,getafe,malaga,1,0,H,20,11,7,4,5,9,16,16,4,2,0,0,2.0200,3.0300,4.0600,2.6700,1.4400,-0.5000,1.9800,1.7700,30835,1.1880,0.6605,1.1880,0.6605,8.5556,9.8333,6,6,0.4621,0.3080,0.2299,0.0714,0.3504,0.0000,1.0000
20260920_atletico-madrid_madrid,20260920,2026-09-20,2026-27,atletico madrid,madrid,2,1,H,18,8,9,3,3,1,19,6,2,2,0,1,3.4300,3.8000,1.9500,1.4300,2.6900,0.5000,1.8200,1.9100,30831,2.4062,0.4208,1.6629,0.4208,8.2069,18.1667,14,3,0.2731,0.2465,0.4804,0.0675,0.6529,1.0000,0.0000
20260920_valencia_sociedad,20260920,2026-09-20,2026-27,valencia,sociedad,2,3,A,22,21,5,6,7,5,9,12,2,1,0,1,2.6800,3.3500,2.5200,1.8800,1.8500,0.0000,1.9100,1.8400,30838,1.5276,2.3341,1.5276,1.5908,9.4737,7.4848,9,10,0.3492,0.2794,0.3714,0.0685,0.4960,1.0000,1.0000
